北京,Android,11.5,3-5年,大专,计算机软件,已上市,10000人以上,文思海辉
北京,Android,10.5,3-5年,大专,工程施工,已上市,100-499人,天巨天下
北京,Android工程师,9.5,1-3年,大专,互联网,不需要融资,500-999人,鸿程系统
北京,Android,17.0,经验不限,大专,移动互联网,A轮,100-499人,北京分钟时代
北京,Android,22.5,3-5年,大专,互联网,天使轮,20-99人,清藤影视科技
北京,Android工程师,30.0,5-10年,大专,互联网,A轮,500-999人,禧云国际
北京,Android,9.5,1年以内,大专,院校,,20-99人,国媒教育
北京,android开发,9.0,1-3年,大专,社交网络,未融资,20-99人,时空感应科技
北京,Android,10.5,3-5年,大专,企业服务,未融资,20-99人,店盟
北京,Android测试leader,15.0,5-10年,大专,移动互联网,已上市,1000-9999人,联想利泰
北京,Android,9.5,3-5年,大专,移动互联网,,20-99人,树森国际文化传媒...
北京,Android驱动工程师,13.5,3-5年,大专,智能硬件,未融资,100-499人,集智达智能
北京,Android高级开发工程师,25.0,5-10年,大专,在线教育,C轮,1000-9999人,动因体育
北京,Android 高级/资深工程师,37.5,5-10年,大专,移动互联网,D轮及以上,10000人以上,滴滴出行
北京,Android工程师,10.5,1-3年,大专,互联网,A轮,20-99人,盛世墨典
北京,社交APP  android开发,9.0,1-3年,大专,社交网络,未融资,20-99人,时空感应科技
北京,安卓开发工程师,8.0,1-3年,大专,互联网,不需要融资,100-499人,爱盈利
北京,java/Android软件工程师,14.0,1-3年,大专,医疗设备/器械,,20-99人,五八医界宝
北京,Android开发工程师,11.5,1-3年,大专,移动互联网,A轮,20-99人,我奥科技
北京,安卓开发工程师,17.5,1-3年,大专,互联网,未融资,20-99人,小强在线
北京,安卓开发,10.5,1-3年,大专,社交网络,未融资,20-99人,时空感应科技
北京,Android开发,11.5,3-5年,大专,文化/体育/娱乐,未融资,20-99人,华羽时代
北京,Android研发工程师,9.0,1-3年,大专,移动互联网,未融资,20-99人,英斯特哈博
北京,Android开发工程师,27.5,5-10年,大专,计算机软件,未融资,20-99人,盈科网络
北京,Android开发工程师,22.5,3-5年,大专,电子商务,未融资,100-499人,东方红马
北京,Android研发工程师,20.0,3-5年,大专,音乐/视频/阅读,A轮,20-99人,夺镖体育文化
北京,Android 研发工程师,10.0,3-5年,大专,计算机软件,不需要融资,20-99人,北京市城果科技有...
北京,java/Android软件工程师,22.5,3-5年,大专,移动互联网,天使轮,20-99人,快立提科技
北京,Android开发,11.5,3-5年,大专,计算机软件,,20-99人,京邦信息
北京,APP 开发工程师（Android/iOS）,11.5,3-5年,大专,在线教育,未融资,20-99人,长青基石
北京,Android讲师,18.5,5-10年,大专,在线教育,未融资,100-499人,积云教育
北京,Android（OpenGL es）工程师,15.0,3-5年,大专,互联网,未融资,20-99人,北京麦迪花园
北京,中高级安卓开发工程师,12.0,3-5年,大专,互联网,A轮,20-99人,中基凌云科技有限公司
北京,Android软件开发工程师中级,11.0,3-5年,大专,电子商务,不需要融资,500-999人,博天下
北京,Android,15.0,1-3年,大专,互联网,C轮,100-499人,洋葱数学
北京,Android,15.0,3-5年,大专,互联网,不需要融资,20-99人,爱码科晟
北京,Android开发,25.0,3-5年,大专,互联网,B轮,100-499人,新东方教研院
北京,android高级讲师,21.0,3-5年,大专,在线教育,未融资,100-499人,积云教育
北京,Android,10.0,3-5年,大专,互联网,,20-99人,鑫萌橙科技
北京,Android开发工程师,12.5,3-5年,大专,地产经纪/中介,不需要融资,100-499人,明良海外
北京,Android开发工程师,11.5,经验不限,大专,移动互联网,天使轮,20-99人,快立提科技
北京,android开发工程师,30.0,3-5年,大专,社交网络,A轮,100-499人,众乐网视
北京,Android资深架构师（Leader）,40.0,5-10年,大专,在线教育,C轮,1000-9999人,动因体育
北京,Android平台应用开发,12.5,1-3年,大专,计算机服务,未融资,100-499人,企顺
北京,安卓开发工程师,22.5,3-5年,大专,互联网,未融资,20-99人,互动阳光
北京,Android,10.5,1-3年,大专,计算机软件,不需要融资,100-499人,泰德合众
北京,Android,25.0,5-10年,大专,移动互联网,A轮,500-999人,行圆汽车
北京,Android,12.5,3-5年,大专,互联网,已上市,500-999人,世纪中彩视频传媒
北京,Android高级开发工程师,20.0,1-3年,大专,移动互联网,不需要融资,0-20人,老柚
北京,Android项目经理（讲师）,20.0,5-10年,大专,在线教育,未融资,100-499人,积云教育
北京,Android 中级研发工程师,20.0,3-5年,大专,计算机软件,不需要融资,20-99人,北京市城果科技有...
北京,Android,11.0,1-3年,大专,O2O,A轮,20-99人,麦麦文化
北京,Android framework,27.5,5-10年,大专,智能硬件,不需要融资,100-499人,问众智能
北京,Android 语音开发工程师,17.0,3-5年,大专,计算机软件,未融资,10000人以上,软通动力
北京,Android开发工程师,11.0,1-3年,大专,移动互联网,已上市,1000-9999人,联想利泰
北京,android开发,15.5,3-5年,大专,计算机软件,B轮,100-499人,云沃客
北京,安卓开发,22.5,5-10年,大专,互联网,不需要融资,1000-9999人,天九共享控股集团
北京,Android高级讲师,16.5,5-10年,大专,在线教育,未融资,100-499人,积云教育
北京,高级安卓工程师,15.0,3-5年,大专,移动互联网,不需要融资,100-499人,聚点互动
北京,安卓开发,12.0,经验不限,大专,计算机软件,天使轮,100-499人,金泰亚盛
北京,Android,13.5,1-3年,大专,移动互联网,,0-20人,度海明光
北京,Android开发工程师,8.0,1-3年,大专,互联网,不需要融资,20-99人,北京医叮科技有限公司
北京,Android,9.0,1年以内,大专,计算机软件,,0-20人,中电颐合
北京,安卓游戏开发,7.5,1-3年,大专,游戏,不需要融资,20-99人,摩丰
北京,Android研发工程师,22.5,1-3年,大专,移动互联网,A轮,20-99人,快如科技
北京,安卓开发工程师,10.0,1-3年,大专,数据服务,不需要融资,20-99人,一牧科技
北京,移动开发 Android,13.0,3-5年,大专,移动互联网,A轮,100-499人,三才科技
北京,安卓工程师,6.0,1-3年,大专,互联网,,100-499人,中超嘉业
北京,Android工程师,16.0,3-5年,大专,培训机构,未融资,100-499人,墨水科技
北京,Android开发工程师,9.0,1年以内,大专,医疗健康,不需要融资,500-999人,北京怡成
北京,Android工程师,16.0,1-3年,大专,互联网,,20-99人,清檬养老
北京,安卓开发工程师（ Framework）,14.0,3-5年,大专,移动互联网,已上市,1000-9999人,联想利泰
北京,安卓语音测试工程师,14.0,5-10年,大专,计算机软件,未融资,10000人以上,软通动力
北京,Android动漫开发,12.5,3-5年,大专,互联网,C轮,100-499人,黑岩
北京,资深Android开发工程师,27.5,3-5年,大专,移动互联网,A轮,20-99人,快如科技
北京,安卓开发工程师,10.0,1-3年,大专,电子商务,不需要融资,100-499人,海通安恒
北京,android开发工程师,10.0,1-3年,大专,旅游,不需要融资,20-99人,时代漫游国旅
北京,安卓开发工程师,12.5,3-5年,大专,互联网,B轮,20-99人,智网易联
北京,Android开发,30.0,5-10年,大专,智能硬件,不需要融资,100-499人,问众智能
北京,Android,10.5,1-3年,大专,音乐/视频/阅读,,0-20人,维漫
北京,Android研发工程师（音视频SDK）,32.5,5-10年,大专,移动互联网,未融资,100-499人,国信安石
北京,Android开发工程师,12.0,1-3年,大专,移动互联网,未融资,20-99人,万章盈科
北京,Android高级开发工程师,25.0,5-10年,大专,音乐/视频/阅读,A轮,100-499人,中金中富
北京,Android,4.5,经验不限,大专,互联网,未融资,20-99人,含光网络
北京,Android应用开发工程师,17.5,3-5年,大专,汽车生产,B轮,100-499人,智车优行
北京,安卓开发工程师,8.5,1-3年,大专,学术/科研,,20-99人,思悟天
北京,Android开发,12.5,1-3年,大专,计算机服务,未融资,100-499人,企顺
北京,高级Android研发工程师,22.5,3-5年,大专,互联网,未融资,20-99人,微钓科技
北京,Android 逆向&安全工程师,30.0,3-5年,大专,互联网,B轮,100-499人,APUS
北京,Android研发工程师,22.5,3-5年,大专,社交网络,天使轮,20-99人,酷皮科技
北京,Android应用开发工程师,10.0,1-3年,大专,培训机构,未融资,100-499人,墨水科技
北京,android高级研发工程师,25.0,3-5年,大专,医疗健康,C轮,1000-9999人,小药药
北京,android开发工程师,15.0,经验不限,大专,计算机软件,未融资,100-499人,阳光汇点
北京,Android开发工程师,16.0,3-5年,大专,医疗健康,不需要融资,100-499人,科技文献
北京,Android系统开发工程师,12.5,3-5年,大专,计算机服务,未融资,100-499人,企顺
北京,Android高级工程师,21.5,3-5年,大专,游戏,D轮及以上,500-999人,触控科技
北京,Android,15.0,3-5年,大专,互联网,未融资,100-499人,全球联
北京,Android高级工程师,17.5,3-5年,大专,互联网,A轮,20-99人,平行者科技
北京,Android,15.0,3-5年,大专,互联网,已上市,10000人以上,联想(北京)
北京,安卓开发工程师,15.0,3-5年,大专,移动互联网,D轮及以上,100-499人,分享通信
北京,安卓工程师,10.0,1-3年,大专,O2O,A轮,20-99人,搬运帮
北京,安卓开发工程师,10.0,3-5年,大专,企业服务,A轮,20-99人,北京拾级科技有限公司
北京,android开发工程师,12.5,3-5年,大专,计算机软件,B轮,100-499人,北京君昱普适软件
北京,Android开发工程师,10.0,1-3年,大专,电子商务,不需要融资,100-499人,海通安恒
北京,Android,6.5,1-3年,大专,生活服务,天使轮,100-499人,生安国际科技
北京,安卓开发工程师,25.0,3-5年,大专,互联网,未融资,20-99人,远元健康
北京,Android开发工程师 【西安】,20.0,3-5年,大专,移动互联网,A轮,20-99人,逆袭
北京,Android,12.5,1-3年,大专,互联网,不需要融资,20-99人,拿云智成
北京,资深Android架构师,17.5,5-10年,大专,计算机软件,A轮,100-499人,晓羊教育
北京,Android开发工程师,20.0,3-5年,大专,移动互联网,未融资,100-499人,智悠行
北京,Android,10.5,1-3年,大专,移动互联网,未融资,20-99人,互腾科技
北京,Android,21.0,3-5年,大专,电子商务,已上市,10000人以上,京东集团
北京,安卓开发,8.0,1年以内,大专,计算机软件,未融资,10000人以上,软通动力
北京,Android高级开发工程师,22.5,3-5年,大专,移动互联网,D轮及以上,10000人以上,VIPKID
北京,安卓开发工程师,12.5,3-5年,大专,电子商务,B轮,1000-9999人,北京踏浪者
北京,安卓初级程序员,6.5,经验不限,大专,移动互联网,天使轮,20-99人,微畅
北京,Android,9.0,1-3年,大专,计算机软件,未融资,100-499人,名道恒通
北京,android开发工程师,13.5,1-3年,大专,互联网,,20-99人,中通网络
北京,前端安卓开发,10.0,1-3年,大专,企业服务,,0-20人,北京云中土科技有...
北京,Android开发工程师,15.0,3-5年,大专,移动互联网,未融资,20-99人,掌上互动
北京,Android,25.0,5-10年,大专,互联网,不需要融资,20-99人,艾尔贝贝
北京,Android,22.5,3-5年,大专,计算机软件,已上市,10000人以上,苏宁
北京,Android开发工程师,22.5,3-5年,大专,互联网,B轮,100-499人,新东方教研院
北京,Android,9.5,1-3年,大专,计算机软件,,0-20人,博网
北京,Android开发工程师,12.5,经验不限,大专,电子商务,不需要融资,100-499人,海通安恒
北京,高级Android工程师,14.0,3-5年,大专,互联网,不需要融资,100-499人,米尔网
北京,Android开发工程师,15.0,1-3年,大专,游戏,不需要融资,20-99人,北京志诚康盛技术...
北京,Android开发工程师,8.0,1年以内,大专,通信/网络设备,未融资,20-99人,大予科技
北京,高级Android,22.5,3-5年,大专,互联网,C轮,1000-9999人,铁甲网
北京,安卓应用开发工程师,11.0,1-3年,大专,移动互联网,不需要融资,20-99人,北京帕尔加特科技
北京,软件工程师 Android方向,7.5,应届生,大专,智能硬件,未融资,0-20人,至简科技
北京,Android,12.5,3-5年,大专,医疗健康,未融资,20-99人,医掌控
北京,Android,10.0,1-3年,大专,移动互联网,不需要融资,20-99人,云端高科
北京,移动开发 Android工程师,15.0,3-5年,大专,移动互联网,A轮,100-499人,三才科技
北京,Android,18.5,经验不限,大专,电子商务,未融资,500-999人,姿美堂
北京,Android开发工程师,20.0,5-10年,大专,互联网,天使轮,20-99人,上座科技
北京,Android开发,11.0,1-3年,大专,互联网,A轮,20-99人,悠洗
北京,Android,11.5,1-3年,大专,计算机软件,未融资,20-99人,迁徙软件
北京,android开发工程师,12.5,1-3年,大专,互联网,未融资,20-99人,百思佳购
北京,中级android开发工程师,15.0,3-5年,大专,移动互联网,不需要融资,20-99人,智慧广通
北京,Android开发工程师,11.5,3-5年,大专,互联网,,20-99人,万亿联合
北京,Android开发工程师,17.5,3-5年,大专,移动互联网,不需要融资,100-499人,金华秀吧
北京,Android讲师,10.0,3-5年,大专,在线教育,未融资,100-499人,新大陆教育
北京,安卓开发工程师,15.0,3-5年,大专,生活服务,未融资,0-20人,迪伦宝宝
北京,Android开发工程师,13.5,3-5年,大专,互联网,未融资,100-499人,北极星电力网
北京,Android,9.0,1-3年,大专,互联网,未融资,20-99人,雀科
北京,Android工程师,17.5,5-10年,大专,互联网,不需要融资,20-99人,军地联合
北京,Android开发工程师,8.0,1-3年,大专,互联网,不需要融资,20-99人,北京上唐时代
北京,Android开发工程师,20.0,1年以内,大专,互联网金融,天使轮,20-99人,上座
北京,Android开发工程师,20.0,3-5年,大专,移动互联网,A轮,20-99人,伴米
北京,安卓开发工程师,9.0,1-3年,大专,通信/网络设备,B轮,20-99人,浙星信息
北京,安卓开发工程师,10.0,1-3年,大专,计算机软件,未融资,100-499人,大有时代&财神软件
北京,Android开发工程师,14.0,3-5年,大专,音乐/视频/阅读,天使轮,20-99人,承兴文化
北京,Android开发工程师,12.5,1-3年,大专,游戏,天使轮,100-499人,世纪鹤图
北京,Android高级开发,20.0,1-3年,大专,互联网,不需要融资,20-99人,云控蜂核
北京,安卓开发工程师,12.0,3-5年,大专,移动互联网,不需要融资,20-99人,潘透科技
北京,安卓开发工程师,22.5,3-5年,大专,互联网,天使轮,100-499人,九域互联
北京,Android(Xposed)开发工程师,15.0,1-3年,大专,移动互联网,天使轮,20-99人,云量科技
北京,安卓开发工程师,11.5,3-5年,大专,互联网,,20-99人,权普（北京）科技...
北京,安卓开发工程师,10.0,1-3年,大专,互联网金融,未融资,100-499人,玖红支付
北京,Android,11.0,1-3年,大专,计算机软件,未融资,0-20人,乾元恒业
北京,Android广告SDK开发,15.0,1-3年,大专,游戏,不需要融资,20-99人,北京志诚康盛技术...
北京,安卓开发工程师,12.5,3-5年,大专,计算机软件,未融资,20-99人,文鼎天成
北京,Android开发工程师,12.5,1-3年,大专,互联网,,0-20人,以鼎
北京,Android高级研发工程师/主管,20.0,5-10年,大专,音乐/视频/阅读,A轮,20-99人,夺镖体育文化
北京,高级android开发工程师,20.0,3-5年,大专,移动互联网,不需要融资,100-499人,金华秀吧
北京,Android开发工程师,12.5,3-5年,大专,互联网,不需要融资,100-499人,中教美育科技
北京,Android开发工程师,10.0,1-3年,大专,互联网,,20-99人,领创高科
北京,高级android研发工程师,32.5,5-10年,大专,互联网,B轮,100-499人,新东方教研院
北京,Android,22.5,5-10年,大专,互联网,天使轮,20-99人,幸福城
北京,Android工程师,11.5,1-3年,大专,法律,不需要融资,1000-9999人,北京市京师律师事务所
北京,android开发工程师,20.0,5-10年,大专,智能硬件,不需要融资,1000-9999人,鸿合
北京,高级安卓开发工程师,18.0,5-10年,大专,移动互联网,A轮,100-499人,三体云联
北京,Android,9.0,1-3年,大专,通信/网络设备,不需要融资,20-99人,亚洲通信
北京,安卓开发,15.0,3-5年,大专,移动互联网,不需要融资,1000-9999人,证大向上
北京,Android,7.5,1-3年,大专,互联网,未融资,0-20人,智绘果
北京,安卓开发,13.5,1-3年,大专,计算机软件,天使轮,100-499人,金泰亚盛
北京,Android工程师,19.0,3-5年,大专,互联网金融,,20-99人,北京星际区块科技
北京,安卓工程师,9.0,1-3年,大专,互联网,不需要融资,100-499人,天下商机
北京,Android研发工程师,22.5,5-10年,大专,互联网,天使轮,20-99人,幸福城
北京,安卓开发工程师,13.0,1-3年,大专,互联网,未融资,100-499人,北京创意坊科技
北京,安卓开发工程师,11.0,1-3年,大专,移动互联网,未融资,20-99人,蓝凌科技
北京,安卓研发工程师,12.5,3-5年,大专,互联网,未融资,100-499人,北极星电力网
北京,Android开发工程师,11.0,1-3年,大专,互联网,不需要融资,20-99人,宠族科技
北京,Android开发工程师,12.0,1-3年,大专,互联网,未融资,0-20人,飞歌传书文化传播
北京,Android 开发工程师,8.5,1-3年,大专,电子商务,未融资,20-99人,对号
北京,Android高级研发工程师,15.0,3-5年,大专,互联网,不需要融资,20-99人,彩云时代科技
北京,Android工程师,12.0,3-5年,大专,计算机软件,已上市,500-999人,创世漫道科技
北京,android工程师,13.5,3-5年,大专,计算机软件,,20-99人,云海科创
北京,安卓固件开发工程师,10.0,经验不限,大专,互联网,不需要融资,100-499人,天下商机
北京,Android,13.5,1-3年,大专,服装/纺织/皮革,天使轮,0-20人,汉之衣服饰
北京,海外直播平台 Android iOS测试经理,20.0,3-5年,大专,移动互联网,,0-20人,象龟科技
北京,Android开发工程师,24.0,3-5年,大专,移动互联网,D轮及以上,500-999人,闪送
北京,Android,9.0,1-3年,大专,计算机软件,,20-99人,文创思宇
北京,Android研发工程师,22.5,1-3年,大专,电子商务,已上市,10000人以上,京东集团
北京,安卓开发工程师,11.5,1-3年,大专,互联网,天使轮,20-99人,太度快乐网络
北京,安卓开发工程师,11.5,1-3年,大专,计算机软件,天使轮,100-499人,金泰亚盛
北京,Android开发工程师,12.0,3-5年,大专,计算机软件,A轮,20-99人,北京艾博纳
北京,安卓开发工程师,12.5,3-5年,大专,互联网,,100-499人,北京招通致晟
北京,Android中级开发工程师,12.5,1-3年,大专,互联网,B轮,100-499人,一一五科技
北京,安卓、iOS,9.0,1-3年,大专,计算机软件,未融资,100-499人,大连优尼特
北京,Android开发,5.5,1-3年,大专,企业服务,未融资,100-499人,知企网
北京,Android开发工程师,15.0,3-5年,大专,互联网,不需要融资,0-20人,哦喉科技
北京,Android开发工程师,15.0,3-5年,大专,计算机软件,天使轮,0-20人,科嘉睿思
北京,安卓开发工程师,19.5,1-3年,大专,O2O,不需要融资,20-99人,蜗牛瑜家
北京,Android工程师,11.0,1-3年,大专,在线教育,天使轮,20-99人,小霸王未来电子
北京,Android,15.0,1-3年,大专,计算机软件,,20-99人,点动互联
北京,安卓工程师,11.5,3-5年,大专,计算机软件,,20-99人,京邦信息
北京,Android开发工程师,12.5,1-3年,大专,移动互联网,不需要融资,20-99人,嗅美
北京,android研发工程师,15.0,3-5年,大专,计算机软件,已上市,100-499人,思创银联
北京,安卓ios开发工程师,12.0,1-3年,大专,移动互联网,不需要融资,20-99人,潘透科技
北京,安卓开发工程师,20.0,3-5年,大专,计算机软件,不需要融资,0-20人,科莱普云
北京,Android开发工程师,20.0,3-5年,大专,互联网金融,不需要融资,1000-9999人,马上消费金融
北京,Android开发工程师,15.0,1-3年,大专,计算机软件,未融资,20-99人,众维网络
北京,安卓开发工程师,18.0,3-5年,大专,生活服务,A轮,20-99人,包大师
北京,安卓开发工程师,14.0,3-5年,大专,计算机软件,天使轮,100-499人,金泰亚盛
北京,Android,20.0,5-10年,大专,互联网,,1000-9999人,北京能科瑞元有限公司
北京,安卓工程师,15.0,3-5年,大专,互联网,A轮,100-499人,杭州能链
北京,Android/Java开发工程师,6.5,1-3年,大专,计算机软件,未融资,20-99人,思杰佳通
北京,Android,18.0,3-5年,大专,医疗健康,,0-20人,中企智助
北京,Android开发工程师,14.0,3-5年,大专,生活服务,未融资,0-20人,迪伦宝宝
北京,安卓工程师；Android工程师,14.0,1-3年,大专,电子商务,天使轮,20-99人,艺狐在线
北京,Android研发工程师,15.0,1-3年,大专,移动互联网,天使轮,0-20人,阅友科技
北京,（南五环外）安卓工程师,14.0,3-5年,大专,互联网,不需要融资,100-499人,有种网
北京,Android研发工程师,20.0,3-5年,大专,移动互联网,不需要融资,100-499人,金华秀吧
北京,安卓/Android工程师,17.5,1-3年,大专,计算机软件,未融资,100-499人,北京易米畅途科技
北京,Android系统APP工程师,18.0,3-5年,大专,移动互联网,B轮,100-499人,点石经纬
北京,Android开发工程师,11.5,1-3年,大专,互联网,未融资,20-99人,杏林康云
北京,Android,17.5,3-5年,大专,O2O,A轮,100-499人,乐铺
北京,安卓开发（偏安防、医养）,27.0,5-10年,大专,医疗健康,,0-20人,中企智助
北京,安卓工程师,9.0,1-3年,大专,互联网,不需要融资,100-499人,天下商机
北京,初级android研发工程师,8.0,1-3年,大专,移动互联网,B轮,20-99人,亿维融智
北京,Android工程师,14.0,3-5年,大专,计算机软件,,20-99人,迅日达
北京,Android,2.5,1年以内,大专,计算机软件,,20-99人,中企兄弟
北京,安卓开发工程师,16.5,3-5年,大专,计算机软件,不需要融资,20-99人,螺思科技
北京,Android工程师,17.5,3-5年,大专,互联网,天使轮,20-99人,盈澜科技
北京,安卓（android）开发工程师,15.5,1-3年,大专,O2O,A轮,20-99人,哈喽换电
北京,Android,15.0,3-5年,大专,互联网,C轮,500-999人,碰碰-云智联
北京,Android,12.5,1-3年,大专,新闻/出版,未融资,100-499人,华夏盛景
北京,安卓高级开发工程师,18.0,3-5年,大专,移动互联网,不需要融资,20-99人,欢乐坚果
北京,Android开发工程师,12.5,3-5年,大专,互联网,天使轮,20-99人,北京小神兔天网科技
北京,Android工程师,10.0,1-3年,大专,计算机软件,未融资,100-499人,名道恒通
北京,Android开发工程师,12.5,3-5年,大专,计算机软件,,20-99人,捷程易信
北京,安卓工程师,11.0,1-3年,大专,互联网,未融资,0-20人,首智汇云
北京,Android,12.5,3-5年,大专,计算机软件,,20-99人,北京米优汇鑫信息...
北京,Android,14.0,3-5年,大专,互联网,未融资,20-99人,微略
北京,android开发,8.0,1-3年,大专,计算机软件,未融资,500-999人,中科军信
北京,高级Android研发工程师,30.0,5-10年,大专,电子商务,已上市,10000人以上,京东集团
北京,Android开发工程师,8.5,1-3年,大专,计算机软件,,20-99人,中鸿信和
北京,安卓工程师,15.0,1-3年,大专,移动互联网,未融资,100-499人,帮学试
北京,Android 高级开发工程师,25.0,5-10年,大专,互联网,B轮,1000-9999人,居理新房
北京,Android 开发工程师,16.0,1-3年,大专,在线教育,未融资,20-99人,维学教育
北京,Android开发工程师,22.5,3-5年,大专,移动互联网,不需要融资,100-499人,闪惠
北京,Android开发工程师,14.0,3-5年,大专,移动互联网,不需要融资,100-499人,观其科技
北京,android开发工程师,15.0,3-5年,大专,移动互联网,不需要融资,100-499人,欧拉约车
北京,React Native -Android前端开发工程师,10.5,3-5年,大专,贸易/进出口,未融资,500-999人,北京爱亲投资股份
北京,Android研发工程师,20.0,3-5年,大专,音乐/视频/阅读,A轮,20-99人,夺镖体育
北京,Android开发工程师,15.0,3-5年,大专,互联网,未融资,100-499人,中广掌视集团
北京,安卓开发,12.5,1-3年,大专,移动互联网,未融资,20-99人,红木街网络商城
北京,安卓开发工程师,20.0,5-10年,大专,音乐/视频/阅读,不需要融资,20-99人,秦明集团
北京,安卓逆向工程师,15.0,1-3年,大专,游戏,不需要融资,20-99人,摩丰
北京,Android 工程师,13.5,3-5年,大专,电子商务,,20-99人,有品汇科技
北京,Android开发工程师,12.0,1-3年,大专,移动互联网,未融资,100-499人,银河创想
北京,Android开发工程师,11.0,3-5年,大专,工程施工,不需要融资,20-99人,泇兰家饰
北京,Android,10.0,3-5年,大专,企业服务,未融资,100-499人,索夫特创新
北京,Android,8.0,1-3年,大专,互联网,,20-99人,美邻互联
北京,Android,12.0,3-5年,大专,生活服务,A轮,20-99人,博然时代
北京,Android 系统开发,37.5,5-10年,大专,互联网,已上市,1000-9999人,奇虎360
北京,Android开发工程师,15.0,3-5年,大专,互联网,未融资,0-20人,一凤一龙科技
北京,Android,18.0,1-3年,大专,移动互联网,A轮,20-99人,潘达天下科技
北京,Android,12.5,1-3年,大专,社交网络,,0-20人,情情
北京,android 平台开发工程师,15.0,1-3年,大专,移动互联网,已上市,1000-9999人,裕兴软件
北京,安卓开发工程师,15.0,3-5年,大专,生活服务,未融资,20-99人,星和万家
北京,安卓开发,12.5,1-3年,大专,互联网,未融资,20-99人,易捷联创
北京,android开发工程师,17.5,1-3年,大专,旅游,未融资,0-20人,露营者房车
北京,Android,12.0,3-5年,大专,计算机软件,已上市,500-999人,漫道科技
北京,安卓开发工程师,15.0,1-3年,大专,移动互联网,B轮,20-99人,诵读文化
北京,Android开发工程师,22.5,3-5年,大专,互联网,已上市,1000-9999人,猎豹移动
北京,Android开发工程师,15.0,3-5年,大专,互联网金融,不需要融资,10000人以上,摩码金服
北京,Android开发工程师,11.0,3-5年,大专,计算机软件,已上市,500-999人,创世漫道科技
北京,Android开发工程师,20.0,3-5年,大专,计算机软件,不需要融资,0-20人,科莱普云
北京,安卓开发工程师,30.0,经验不限,大专,游戏,,0-20人,地球脑
北京,安卓开发工程师,12.5,3-5年,大专,计算机软件,,0-20人,普众科技
北京,Android   Python   少儿编程讲师,6.0,1年以内,大专,在线教育,已上市,1000-9999人,北京乐博乐博
北京,Android开发工程师,17.5,1-3年,大专,计算机软件,A轮,20-99人,中云动力
北京,安卓开发,6.0,1-3年,大专,移动互联网,未融资,20-99人,华融创达
北京,Android研发工程师,22.5,5-10年,大专,医疗健康,,0-20人,中企智助
北京,Android,10.5,1-3年,大专,移动互联网,未融资,0-20人,沁心信安
北京,Android 开发,22.5,5-10年,大专,医疗健康,,0-20人,中企智助
北京,Android初级开发,12.5,1-3年,大专,移动互联网,A轮,20-99人,踢球者
北京,Android工程师,11.5,1-3年,大专,互联网,不需要融资,20-99人,苏伯格林
北京,Android,22.5,3-5年,大专,智能硬件,未融资,20-99人,智美兴达
北京,Android（兼职）,12.5,3-5年,大专,互联网,,0-20人,好汉科技
北京,Android,6.0,1-3年,大专,医疗健康,未融资,20-99人,北京信芳归
北京,Android,9.0,1-3年,大专,智能硬件,B轮,20-99人,金蓝盾传媒
北京,Android,20.0,经验不限,大专,音乐/视频/阅读,天使轮,0-20人,真漫
北京,安卓工程师,16.5,1-3年,大专,在线教育,不需要融资,20-99人,允尚互联
北京,安卓开发,19.5,5-10年,大专,医疗健康,,0-20人,中企智助
北京,Android,12.0,3-5年,大专,互联网,天使轮,100-499人,赶趟儿巴士
北京,安卓／iOS 开发工程师,15.0,1-3年,大专,在线教育,未融资,20-99人,普锐思
北京,Android,30.0,3-5年,本科,互联网,已上市,10000人以上,小米
北京,Android,22.5,3-5年,本科,生活服务,已上市,10000人以上,海底捞火锅
北京,Android,10.0,1-3年,本科,计算机软件,已上市,1000-9999人,CSII
北京,Android,25.0,1-3年,本科,移动互联网,D轮及以上,10000人以上,今日头条
北京,Android,24.0,3-5年,本科,智能硬件,B轮,1000-9999人,车和家
北京,Android,24.0,3-5年,本科,移动互联网,D轮及以上,10000人以上,滴滴出行
北京,Android开发工程师,28.0,3-5年,本科,计算机软件,C轮,100-499人,格灵深瞳
北京,Android,15.0,1-3年,本科,互联网,不需要融资,100-499人,北京理工新源
北京,Android,25.0,3-5年,本科,汽车生产,B轮,1000-9999人,车和家
北京,Android,22.5,3-5年,本科,互联网,不需要融资,10000人以上,京东金融
北京,Android研发工程师,17.5,1-3年,本科,互联网,已上市,1000-9999人,猎豹移动
北京,Android,37.5,3-5年,本科,互联网,C轮,10000人以上,蚂蚁金服
北京,Android,11.5,3-5年,本科,O2O,天使轮,20-99人,海澜汇通
北京,Android,18.0,3-5年,本科,在线教育,未融资,20-99人,延河教育
北京,Android开发工程师,20.0,3-5年,本科,媒体,不需要融资,100-499人,1905电影网
北京,Android,20.0,3-5年,本科,互联网,不需要融资,1000-9999人,旅悦
北京,Android负责人,50.0,5-10年,本科,医疗健康,B轮,20-99人,百索科技
北京,Android,13.0,3-5年,本科,计算机软件,已上市,1000-9999人,北大方正电子
北京,Android,30.0,3-5年,本科,互联网,不需要融资,1000-9999人,大疆创新
北京,Android,22.5,1-3年,本科,互联网,不需要融资,20-99人,青岳科技
北京,Android高级研发工程师,27.5,3-5年,本科,互联网,已上市,1000-9999人,猎豹移动
北京,Android,32.5,3-5年,本科,移动互联网,D轮及以上,10000人以上,今日头条
北京,Android,45.0,3-5年,本科,O2O,D轮及以上,10000人以上,美团点评
北京,Android,24.0,1-3年,本科,互联网,C轮,10000人以上,蚂蚁金服
北京,Android 开发工程师,21.5,1-3年,本科,移动互联网,D轮及以上,100-499人,快看世界
北京,Android,5.0,1-3年,本科,广播/影视,未融资,0-20人,青马影视
北京,Android,15.0,1年以内,本科,移动互联网,C轮,100-499人,华捷艾米
北京,Android工程师,22.5,3-5年,本科,互联网,已上市,10000人以上,百度
北京,Android,15.0,3-5年,本科,互联网,不需要融资,20-99人,资利
北京,安卓,28.5,5-10年,本科,培训机构,A轮,100-499人,外教易
北京,抖音Android Leader,45.0,5-10年,本科,移动互联网,D轮及以上,10000人以上,今日头条
北京,Android高级工程师,37.5,3-5年,本科,医疗健康,B轮,20-99人,百索科技
北京,Android高级开发工程师,27.5,5-10年,本科,互联网,A轮,1000-9999人,惠下单
北京,Android工程师,19.5,1-3年,本科,互联网,已上市,10000人以上,小米
北京,安卓开发工程师,30.0,5-10年,本科,互联网,已上市,10000人以上,北京百度网讯有限公司
北京,Android开发工程师,15.0,3-5年,本科,计算机软件,已上市,1000-9999人,东方国信
北京,Android,5.0,应届生,本科,互联网,未融资,0-20人,北京塔塔时代科技...
北京,Android 资深架构师,37.5,5-10年,本科,移动互联网,D轮及以上,100-499人,快看世界
北京,Android 中级架构师,27.5,3-5年,本科,移动互联网,D轮及以上,100-499人,快看世界
北京,安卓开发师,21.5,3-5年,本科,电子商务,天使轮,20-99人,多加网
北京,Android,22.5,3-5年,本科,移动互联网,C轮,100-499人,华捷艾米
北京,Android 高级开发工程师,27.5,3-5年,本科,移动互联网,D轮及以上,100-499人,快看世界
北京,Android,22.5,3-5年,本科,汽车生产,B轮,100-499人,智车优行
北京,Android,15.0,3-5年,本科,智能硬件,A轮,100-499人,神州安付
北京,安卓工程师,13.5,1-3年,本科,广播/影视,不需要融资,100-499人,壹元影业
北京,android兼职,12.5,3-5年,本科,广告营销,不需要融资,100-499人,九易广告
北京,Android研发工程师,22.5,5-10年,本科,互联网,已上市,10000人以上,百度
北京,Android,22.5,3-5年,本科,互联网,B轮,100-499人,北京雷石
北京,Android,12.0,1年以内,本科,计算机软件,未融资,20-99人,赋睿智能
北京,资深Android工程师,30.0,3-5年,本科,O2O,D轮及以上,1000-9999人,饿了么
北京,Android 开发,15.0,3-5年,本科,社交网络,未融资,20-99人,时空感应科技
北京,Android高级/资深工程师,45.0,1-3年,本科,移动互联网,D轮及以上,10000人以上,今日头条
北京,安卓开发工程师,27.5,3-5年,本科,移动互联网,D轮及以上,10000人以上,VIPKID
北京,高级android工程师/专家,37.5,5-10年,本科,O2O,D轮及以上,10000人以上,美团点评
北京,Android驱动工程师,19.5,3-5年,本科,智能硬件,已上市,10000人以上,歌尔
北京,Android 高级工程师,42.5,5-10年,本科,移动互联网,D轮及以上,10000人以上,滴滴出行
北京,Android实习生,4.5,应届生,本科,社交网络,B轮,20-99人,诺舟科技
北京,Android开发工程师,15.5,3-5年,本科,计算机软件,已上市,10000人以上,中软国际
北京,android应用开发工程师,30.0,3-5年,本科,互联网,不需要融资,100-499人,汉德咨询
北京,Android 资深开发工程师,35.0,5-10年,本科,移动互联网,D轮及以上,100-499人,快看世界
北京,Android开发工程师,22.5,3-5年,本科,原材料及加工/模具,不需要融资,10000人以上,巨化集团
北京,Android开发工程师,25.0,5-10年,本科,互联网,不需要融资,10000人以上,京东金融
北京,Android开发工程师,30.0,3-5年,本科,移动互联网,已上市,10000人以上,网易
北京,安卓高级工程师,32.5,5-10年,本科,数据服务,不需要融资,100-499人,柯贝互动
北京,Android工程师,10.5,1-3年,本科,音乐/视频/阅读,不需要融资,100-499人,首和
北京,Android研发工程师,30.0,1-3年,本科,移动互联网,D轮及以上,10000人以上,今日头条
北京,安卓JNI工程师,40.0,1-3年,本科,互联网,已上市,10000人以上,百度
北京,移动架构师 (Android),30.0,3-5年,本科,移动互联网,D轮及以上,10000人以上,滴滴出行
北京,Android逆向工程师（中级）,22.5,1-3年,本科,数据服务,不需要融资,1000-9999人,数创天下
北京,安卓工程师,22.5,3-5年,本科,移动互联网,A轮,0-20人,缘音科技
北京,Android开发,30.0,1-3年,本科,在线教育,D轮及以上,1000-9999人,猿辅导
北京,安卓工程师,12.5,3-5年,本科,互联网,不需要融资,20-99人,乐推微
北京,Android工程师,15.5,3-5年,本科,广告营销,不需要融资,100-499人,九易广告
北京,Android开发专家,30.0,3-5年,本科,互联网,C轮,10000人以上,蚂蚁金服
北京,高级Android工程师,30.0,3-5年,本科,O2O,D轮及以上,1000-9999人,饿了么
北京,Android技术专家,65.0,5-10年,本科,移动互联网,B轮,1000-9999人,支付宝
北京,Android客户端工程师,30.0,1-3年,本科,互联网,已上市,1000-9999人,高德地图
北京,Android开发,15.5,3-5年,本科,计算机软件,已上市,10000人以上,中软国际
北京,高级android开发工程师,37.5,3-5年,本科,移动互联网,D轮及以上,10000人以上,今日头条
北京,安卓开发工程师,30.0,1-3年,本科,互联网,已上市,1000-9999人,爱奇艺
北京,Android工程师,8.0,1-3年,本科,移动互联网,已上市,500-999人,北纬通信
北京,Android高级/资深工程师,45.0,3-5年,本科,移动互联网,D轮及以上,10000人以上,今日头条
北京,中级测试（Android）,15.0,1-3年,本科,计算机软件,不需要融资,100-499人,联创世界
北京,初级安卓研发外派百度,8.5,1-3年,本科,计算机软件,未融资,10000人以上,软通动力
北京,高级安卓工程师,26.5,5-10年,本科,互联网,不需要融资,500-999人,火币网
北京,高级Android工程师,30.0,5-10年,本科,互联网,B轮,100-499人,新东方教研院
北京,Android技术专家,45.0,5-10年,本科,互联网,C轮,10000人以上,蚂蚁金服
北京,移动架构师 (Android),45.0,5-10年,本科,移动互联网,D轮及以上,10000人以上,滴滴出行
北京,Android工程师,22.5,经验不限,本科,互联网,不需要融资,20-99人,极宇舟天
北京,安卓工程师,10.0,3-5年,本科,工程施工,已上市,100-499人,天巨天下
北京,资深Android研发工程师,27.5,3-5年,本科,O2O,D轮及以上,1000-9999人,饿了么
北京,Android研发工程师,19.5,3-5年,本科,计算机软件,已上市,1000-9999人,北大方正电子
北京,安卓开发工程师,22.5,5-10年,本科,互联网金融,未融资,1000-9999人,红上金融互联网
北京,安卓前端,23.0,3-5年,本科,互联网,B轮,500-999人,精真估
北京,Android架构leader,40.0,5-10年,本科,互联网金融,C轮,100-499人,AKULAKU
北京,android开发,30.0,经验不限,本科,移动互联网,D轮及以上,10000人以上,今日头条
北京,android研发工程师,30.0,10年以上,本科,智能硬件,A轮,20-99人,盛世辉智控
北京,高级Android工程师,20.0,5-10年,本科,在线教育,A轮,100-499人,你我他科技
北京,android开发工程师,13.5,3-5年,本科,计算机软件,,500-999人,三赢伟业科技有限公司
北京,Android 网络兼职讲师,30.0,5-10年,本科,在线教育,不需要融资,0-20人,菜鸟窝
北京,高级android工程师,25.0,3-5年,本科,移动互联网,D轮及以上,100-499人,掌通未来科技
北京,Android初级工程师,8.0,应届生,本科,移动互联网,B轮,20-99人,爱语吧
北京,android开发工程师,12.0,1-3年,本科,社交网络,未融资,20-99人,时空感应科技
北京,Android开发工程师,19.0,3-5年,本科,互联网,未融资,100-499人,网讯达
北京,移动端研发专家-Android,37.5,3-5年,本科,移动互联网,D轮及以上,10000人以上,今日头条
北京,安卓高级开发工程师,27.5,经验不限,本科,互联网,C轮,10000人以上,蚂蚁金服
北京,安卓应用性能管理工程师,40.0,1-3年,本科,互联网,已上市,10000人以上,百度
北京,安卓开发工程师,15.0,3-5年,本科,通信/网络设备,不需要融资,100-499人,天舟通信
北京,Android工程师,22.5,1-3年,本科,移动互联网,不需要融资,20-99人,智分科技
北京,Android高级开发工程师,40.0,3-5年,本科,移动互联网,B轮,1000-9999人,支付宝
北京,高级安卓工程师,20.0,3-5年,本科,电子商务,未融资,500-999人,姿美堂
北京,安卓系统应用工程师,30.0,3-5年,本科,互联网,不需要融资,10000人以上,京东金融
北京,安卓开发工程师,25.0,3-5年,本科,互联网,A轮,100-499人,艾瓦特
北京,Android架构师,30.0,1-3年,本科,移动互联网,D轮及以上,10000人以上,滴滴出行
北京,Android开发工程师,16.5,5-10年,本科,互联网,已上市,1000-9999人,二六三
北京,Android开发,14.0,3-5年,本科,互联网金融,A轮,20-99人,北京微金聚融科技
北京,Android开发工程师,27.5,1-3年,本科,咨询,,100-499人,北京宏泰
北京,android 高级工程师,21.5,1-3年,本科,在线教育,A轮,20-99人,希子
北京,Android开发工程师,11.5,1-3年,本科,计算机软件,不需要融资,1000-9999人,北京瑞友科技
北京,Android开发工程师,11.5,应届生,本科,互联网,B轮,500-999人,OKCoin
北京,Android技术专家,40.0,5-10年,本科,移动互联网,B轮,100-499人,凯叔讲故事
北京,Android开发工程师,12.5,3-5年,本科,计算机软件,,100-499人,天汇创业
北京,Android高级/资深/架构工程师,30.0,3-5年,本科,移动互联网,D轮及以上,10000人以上,滴滴出行
北京,高级Android开发,35.0,3-5年,本科,移动互联网,不需要融资,20-99人,智分科技
北京,Android Framework开发工程师,17.5,3-5年,本科,移动互联网,已上市,1000-9999人,联想利泰
北京,Android开发工程师,22.5,1-3年,本科,互联网,已上市,1000-9999人,猎豹移动
北京,Android开发工程师,15.0,3-5年,本科,互联网,未融资,20-99人,时代创信
北京,Android工程师,10.0,1-3年,本科,计算机软件,不需要融资,20-99人,人和商圈(北京)
北京,Android研发工程师,22.5,3-5年,本科,互联网,A轮,100-499人,新特电动汽车
北京,Android,22.5,3-5年,本科,互联网,A轮,20-99人,测测星座
北京,Android开发工程师,20.0,3-5年,本科,在线教育,A轮,100-499人,新东方渔塘科技
北京,安卓开发工程师,12.5,3-5年,本科,音乐/视频/阅读,天使轮,20-99人,嗨范儿
北京,Android开发工程师,15.0,3-5年,本科,互联网,天使轮,0-20人,云伊科技
北京,Android研发工程师-火山,30.0,1-3年,本科,移动互联网,D轮及以上,10000人以上,今日头条
北京,Android高级开发工程师,30.0,1-3年,本科,互联网,C轮,10000人以上,蚂蚁金服
北京,安卓高级开发工程师,27.5,5-10年,本科,互联网,D轮及以上,1000-9999人,途家网
北京,高级Android研发工程师,27.5,5-10年,本科,电子商务,已上市,10000人以上,京东集团
北京,Android架构师,34.5,5-10年,本科,互联网,,20-99人,分享动力
北京,Linux/Android BSP工程师,18.0,1年以内,本科,计算机软件,,0-20人,阅视智能
北京,Android测试工程师,15.0,经验不限,本科,计算机软件,已上市,1000-9999人,诚迈科技
北京,Android开发工程师,13.0,3-5年,本科,移动互联网,A轮,20-99人,我奥科技
北京,安卓移动端React,24.0,3-5年,本科,互联网,B轮,500-999人,精真估
北京,抖音Android研发工程师,30.0,1-3年,本科,移动互联网,D轮及以上,10000人以上,今日头条
北京,Android开发工程师,22.5,1-3年,本科,互联网,A轮,20-99人,唯特创新（北京）...
北京,Android 开发工程师,12.5,3-5年,本科,互联网,,0-20人,yizu
北京,高级Android研发工程师,20.0,3-5年,本科,互联网,已上市,500-999人,掌阅科技
北京,Android开发工程师,30.0,经验不限,本科,互联网,已上市,10000人以上,百度
北京,西瓜客户端研发工程师 - Android,34.5,3-5年,本科,移动互联网,D轮及以上,10000人以上,今日头条
北京,Android安全专家,45.0,5-10年,本科,电子商务,未融资,500-999人,姿美堂
北京,安卓开发师,17.5,3-5年,本科,移动互联网,A轮,20-99人,彩云之端
北京,Android研发工程师,35.0,3-5年,本科,医疗健康,B轮,20-99人,动动
北京,高级  android 开发工程师,22.5,3-5年,本科,社交网络,未融资,20-99人,时空感应科技
北京,Android资深开发工程师,42.5,5-10年,本科,移动互联网,D轮及以上,10000人以上,滴滴出行
北京,安卓开发工程师,16.0,1-3年,本科,移动互联网,,0-20人,四点钟
北京,Android客户端开发,27.5,3-5年,本科,互联网,已上市,10000人以上,腾讯
北京,android技术专家,70.0,5-10年,本科,互联网,,20-99人,分享动力
北京,安卓开发工程师,20.0,5-10年,本科,在线教育,未融资,20-99人,皮皮外语
北京,Android,13.0,3-5年,本科,医疗健康,不需要融资,100-499人,科技文献
北京,高级安卓工程师,30.0,3-5年,本科,在线教育,A轮,20-99人,微芒教育科技
北京,android开发工程师,22.5,3-5年,本科,互联网,已上市,10000人以上,百度
北京,安卓开发,17.0,1-3年,本科,在线教育,天使轮,0-20人,麦索思教育
北京,Android开发工程师,11.5,3-5年,本科,互联网,不需要融资,0-20人,速丰科技
北京,蚂蚁金服Android/iOS招聘,30.0,3-5年,本科,互联网,C轮,10000人以上,蚂蚁金服
北京,Android高级开发工程师,52.5,3-5年,本科,移动互联网,不需要融资,100-499人,忽客时代（北京）...
北京,android开发工程师,20.0,1-3年,本科,互联网,已上市,100-499人,捷通华声
北京,Android开发工程师,15.0,3-5年,本科,生活服务,A轮,20-99人,博然时代
北京,Android开发专家,32.5,5-10年,本科,移动互联网,B轮,1000-9999人,支付宝
北京,Android实习生,4.0,应届生,本科,互联网,已上市,10000人以上,小米
北京,安卓端工程师,20.0,经验不限,本科,社交网络,天使轮,0-20人,北京猎由科技有限公司
北京,高级Android安全工程师,30.0,3-5年,本科,游戏,B轮,100-499人,创星互娱
北京,Android开发工程师,19.0,3-5年,本科,互联网,已上市,1000-9999人,二六三
北京,Android开发工程师,9.0,1-3年,本科,互联网金融,不需要融资,0-20人,北京锶泽科技有限...
北京,Android,45.0,5-10年,本科,移动互联网,D轮及以上,10000人以上,滴滴出行
北京,安卓开发工程师,12.5,5-10年,本科,媒体,未融资,0-20人,米悦
北京,Android开发工程师,18.0,3-5年,本科,智能硬件,未融资,20-99人,智美兴达
北京,Android,27.5,3-5年,本科,移动互联网,天使轮,0-20人,创见者科技
北京,Android开发,20.0,3-5年,本科,汽车生产,不需要融资,100-499人,ZD
北京,android开发工程师,20.0,1-3年,本科,移动互联网,,0-20人,云天涯
北京,Android 开发工程师,20.0,3-5年,本科,在线教育,A轮,20-99人,思橙教育
北京,Android资深/专家开发工程师,50.0,5-10年,本科,移动互联网,D轮及以上,10000人以上,滴滴出行
北京,Android开发工程师,10.0,经验不限,本科,计算机软件,未融资,0-20人,联创新图
北京,android开发工程师,12.5,1-3年,本科,计算机软件,,100-499人,中软好泰科技
北京,Android研发工程师-抖音,30.0,1-3年,本科,移动互联网,D轮及以上,10000人以上,今日头条
北京,多媒体Android平台研发工程师,30.0,1-3年,本科,移动互联网,D轮及以上,10000人以上,今日头条
北京,Android开发工程师,12.0,1-3年,本科,互联网,不需要融资,20-99人,耕牛传媒
北京,Android 工程师,16.0,3-5年,本科,互联网,未融资,20-99人,北京麦迪花园
北京,安卓开发工程师,15.0,3-5年,本科,互联网,C轮,20-99人,星澜科技
北京,Android开发工程师,18.0,5-10年,本科,移动互联网,A轮,20-99人,肆客体育
北京,Android开发工程师,30.0,5-10年,本科,在线教育,天使轮,100-499人,快陪练
北京,安卓研发工程师,16.5,3-5年,本科,互联网,未融资,20-99人,艺阁网
北京,Android,22.5,3-5年,本科,移动互联网,A轮,100-499人,小码联城
北京,高级/资深 安卓工程师,30.0,5-10年,本科,互联网,不需要融资,500-999人,火币网
北京,android高级工程师,20.0,1-3年,本科,移动互联网,天使轮,0-20人,弈语科技
北京,Android开发工程师,37.5,1-3年,本科,计算机软件,已上市,1000-9999人,京东云
北京,android开发工程师,11.5,1-3年,本科,互联网,,20-99人,极点触碰
北京,Android开发工程师,22.5,3-5年,本科,互联网,B轮,100-499人,比链科技
北京,Android,8.5,1-3年,本科,数据服务,未融资,0-20人,同享数据
北京,安卓移动端React-Native,24.0,1-3年,本科,互联网,B轮,500-999人,精真估
北京,Android开发工程师,11.0,1-3年,本科,互联网金融,不需要融资,100-499人,集联软件
北京,高级Android工程师,35.0,5-10年,本科,在线教育,天使轮,20-99人,闪电思维
北京,社交APP  android开发工程师,13.5,3-5年,本科,社交网络,未融资,20-99人,时空感应科技
北京,Android高级开发工程师,30.0,3-5年,本科,互联网,已上市,10000人以上,百度
北京,Android高级开发工程师,27.5,3-5年,本科,移动互联网,已上市,500-999人,映客直播
北京,Android高级研发工程师,42.0,5-10年,本科,医疗健康,B轮,20-99人,动动
北京,Android工程师,15.0,3-5年,本科,互联网,未融资,20-99人,互联时刻
北京,资深Android开发工程师,40.0,3-5年,本科,企业服务,天使轮,20-99人,领英汇智
北京,高级Android开发工程师,17.5,3-5年,本科,互联网,不需要融资,500-999人,一米蓝
北京,蚂蚁金服Android/iOS招聘,30.0,3-5年,本科,互联网,C轮,10000人以上,蚂蚁金服
北京,Android开发-MIUI,27.5,3-5年,本科,互联网,已上市,10000人以上,小米
北京,Android高级开发工程师,32.5,5-10年,本科,移动互联网,D轮及以上,100-499人,橙光游戏中心
北京,安卓开发工程师,10.0,1-3年,本科,互联网,不需要融资,0-20人,艾米创想
北京,Android高级开发工程师,27.5,3-5年,本科,在线教育,未融资,20-99人,葡萄智学
北京,Android,45.0,5-10年,本科,移动互联网,B轮,1000-9999人,支付宝
北京,Android开发工程师,30.0,经验不限,本科,移动互联网,D轮及以上,10000人以上,今日头条
北京,国际化Android乘客端工程师,32.5,1-3年,本科,移动互联网,D轮及以上,10000人以上,滴滴出行
北京,安卓开发工程师,11.0,1-3年,本科,计算机软件,天使轮,20-99人,红卫数据
北京,LINUX、android软件开发,27.5,1-3年,本科,信息安全,未融资,0-20人,北京嘉普之光科技...
北京,Android开发工程师OpenGL方向,30.0,3-5年,本科,互联网,已上市,1000-9999人,猎豹移动
北京,Android开发工程师,30.0,5-10年,本科,在线教育,已上市,10000人以上,精锐教育
北京,Android高级工程师,30.0,5-10年,本科,互联网,,20-99人,分享动力
北京,Android多媒体研发工程师-抖音/火山,30.0,1-3年,本科,移动互联网,D轮及以上,10000人以上,今日头条
北京,Android 播放器 开发,20.0,3-5年,本科,互联网,已上市,1000-9999人,爱奇艺
北京,Android 开发工程师,21.5,3-5年,本科,智能硬件,不需要融资,100-499人,问众智能
北京,【实习生】Android,6.0,经验不限,本科,计算机软件,天使轮,0-20人,猫起来
北京,Android开发工程师,20.5,3-5年,本科,互联网,A轮,20-99人,布本智能
北京,Android开发工程师,10.5,1-3年,本科,在线教育,天使轮,20-99人,必胜课
北京,Android软件开发工程师,18.5,3-5年,本科,移动互联网,D轮及以上,10000人以上,滴滴出行
北京,Android软件开发工程师,24.0,3-5年,本科,互联网,已上市,10000人以上,小米
北京,安卓开发,15.0,3-5年,本科,汽车生产,不需要融资,100-499人,ZD
北京,Android高级开发工程师,24.0,3-5年,本科,互联网,A轮,100-499人,锋巢信息
北京,安卓开发工程师,16.5,3-5年,本科,互联网,,0-20人,历行科技
北京,Android,37.5,经验不限,本科,互联网,天使轮,20-99人,韵律舞动
北京,Android,30.0,经验不限,本科,电子商务,已上市,10000人以上,京东集团
北京,Android专家（70k）,60.0,10年以上,本科,互联网,,20-99人,分享动力
北京,安卓开发工程师,25.0,5-10年,本科,工程施工,不需要融资,1000-9999人,龙湖
北京,高级Android开发工程师,25.0,5-10年,本科,数据服务,B轮,100-499人,朗镜科技
北京,Android高级工程师,27.5,3-5年,本科,互联网,C轮,20-99人,newsdog
北京,Android高级/资深研发工程师,30.0,3-5年,本科,移动互联网,D轮及以上,10000人以上,今日头条
北京,Android,12.5,1年以内,本科,医疗健康,不需要融资,20-99人,康宁瑞通
北京,安卓开发工程师,20.0,1-3年,本科,在线教育,天使轮,20-99人,闪电思维
北京,Android,29.0,3-5年,本科,互联网,已上市,1000-9999人,爱奇艺
北京,Android开发（高级）工程师,35.0,3-5年,本科,移动互联网,D轮及以上,10000人以上,今日头条
北京,Android,25.0,3-5年,本科,O2O,D轮及以上,1000-9999人,饿了么
北京,安卓（APP）开发工程师,17.5,1-3年,本科,移动互联网,C轮,100-499人,华捷艾米
北京,移动客户端android工程师（北京）,25.0,3-5年,本科,互联网,已上市,10000人以上,腾讯
北京,android开发工程师,20.0,3-5年,本科,移动互联网,,0-20人,云天涯
北京,高级android研发工程师,45.0,经验不限,本科,移动互联网,D轮及以上,10000人以上,今日头条
北京,Android开发工程师,26.5,经验不限,本科,互联网,已上市,10000人以上,小米
北京,Android中级开发工程师,30.0,1-3年,本科,移动互联网,D轮及以上,10000人以上,滴滴出行
北京,高级Android开发工程师,30.0,3-5年,本科,互联网,B轮,100-499人,Kika tech
北京,Android资深工程师-国际化业务,40.0,5-10年,本科,移动互联网,D轮及以上,10000人以上,滴滴出行
北京,Android开发工程师,25.0,1-3年,本科,在线教育,天使轮,20-99人,闪电思维
北京,Android开发工程师,22.5,5-10年,本科,移动互联网,不需要融资,100-499人,E人E本
北京,Android开发工程师,12.5,1-3年,本科,电子/半导体/集成电路,,20-99人,煋邦数码
北京,高级安卓系统开发工程师,33.0,3-5年,本科,培训机构,,100-499人,北京爱欣文化发展...
北京,Android开发,11.5,3-5年,本科,计算机软件,,20-99人,京邦信息
北京,安卓开发工程师,17.5,3-5年,本科,智能硬件,天使轮,20-99人,历途
北京,Android 开发高级工程师,25.0,1-3年,本科,互联网,C轮,10000人以上,蚂蚁金服
北京,Android 开发工程师（车机端 app 方向）,25.0,3-5年,本科,汽车生产,B轮,1000-9999人,车和家
北京,android开发工程师,30.0,5-10年,本科,分类信息,C轮,10000人以上,瓜子二手车直卖网
北京,Android工程师,30.0,经验不限,本科,互联网金融,不需要融资,20-99人,大当加
北京,Android,22.5,3-5年,本科,互联网,天使轮,0-20人,智工互联
北京,Android,15.0,5-10年,本科,移动互联网,未融资,20-99人,金溪欣
北京,Android开发实习,15.5,经验不限,本科,移动互联网,D轮及以上,10000人以上,今日头条
北京,Android开发工程师,19.0,3-5年,本科,在线教育,已上市,1000-9999人,华图教育
北京,高级Android开发工程师,27.5,3-5年,本科,互联网,D轮及以上,1000-9999人,马蜂窝
北京,Android开发工程师,21.0,3-5年,本科,互联网,B轮,500-999人,狸米科技
北京,高级安卓开发,20.0,3-5年,本科,互联网,A轮,100-499人,北京走出趣科技
北京,Android高级/资深/架构工程师,27.5,1-3年,本科,移动互联网,D轮及以上,10000人以上,滴滴出行
北京,Android开发实习,3.0,经验不限,本科,互联网,,20-99人,极点触碰
北京,Android,9.0,经验不限,本科,智能硬件,未融资,20-99人,汇研中科
北京,Android高级开发工程师,32.5,经验不限,本科,互联网,已上市,1000-9999人,搜狗
北京,Android,10.0,3-5年,本科,电子商务,,0-20人,西五环艺人经纪
北京,Android 开发工程师   (社交APP),12.0,1-3年,本科,社交网络,未融资,20-99人,时空感应科技
北京,安卓--资深工程师/技术专家/架构师,60.0,5-10年,本科,移动互联网,D轮及以上,10000人以上,滴滴出行
北京,Android开发工程师(J11173),22.5,1-3年,本科,互联网,D轮及以上,1000-9999人,作业帮
北京,高级安卓工程师,20.0,5-10年,本科,移动互联网,未融资,20-99人,中电玺客信用服务
北京,Android研发工程师,30.0,3-5年,本科,互联网,已上市,10000人以上,小米
北京,android开发工程师,8.5,应届生,本科,互联网,不需要融资,20-99人,奇妙王国
北京,Android资深开发工程师,30.0,5-10年,本科,互联网,已上市,1000-9999人,爱奇艺
北京,Android开发工程师,15.0,经验不限,本科,互联网,A轮,100-499人,三节课
北京,Android,20.0,3-5年,本科,在线教育,A轮,100-499人,新东方渔塘科技
北京,Android驱动工程师,30.0,5-10年,本科,智能硬件,A轮,100-499人,创视赛维
北京,Android开发,12.5,1-3年,本科,互联网,B轮,100-499人,一撕得
北京,Android开发工程师,22.5,1-3年,本科,移动互联网,A轮,20-99人,摩尔妈妈
北京,高级安卓开发工程师,19.0,3-5年,本科,互联网,不需要融资,20-99人,奇妙王国
北京,Android应用开发工程师,25.0,1-3年,本科,智能硬件,B轮,100-499人,roobo
北京,Android研发工程师,45.0,经验不限,本科,移动互联网,D轮及以上,10000人以上,今日头条
北京,Android,12.0,3-5年,本科,互联网金融,,0-20人,钧策智能投顾
北京,安卓开发工程师,16.5,3-5年,本科,互联网,已上市,10000人以上,方正电子
北京,Android工程师（C/C++双技术栈）,27.0,3-5年,本科,互联网,B轮,100-499人,北京雷石
北京,高级Android开发工程师,35.0,1-3年,本科,在线教育,天使轮,20-99人,闪电思维
北京,安卓工程师,40.0,3-5年,本科,互联网,A轮,20-99人,右划科技
北京,安卓工程师,10.0,1-3年,本科,新零售,天使轮,0-20人,弘鼎泰合
北京,Android高级开发工程师,30.0,3-5年,本科,移动互联网,已上市,1000-9999人,趣头条
北京,Android开发工程师,25.0,3-5年,本科,电子商务,未融资,500-999人,姿美堂
北京,Android,22.5,1-3年,本科,互联网,已上市,10000人以上,好未来
北京,Android,18.0,1-3年,本科,移动互联网,C轮,100-499人,小年糕
北京,Android,27.5,5-10年,本科,移动互联网,C轮,20-99人,三合兴元
北京,Android开发实习生,8.0,经验不限,本科,移动互联网,D轮及以上,10000人以上,今日头条
北京,Android,37.5,3-5年,硕士,互联网,已上市,1000-9999人,爱奇艺
北京,Android,37.5,3-5年,硕士,电子商务,已上市,10000人以上,京东集团
北京,Android开发（高级）工程师,45.0,经验不限,硕士,移动互联网,D轮及以上,10000人以上,今日头条
北京,Android高级研发工程师,27.5,3-5年,硕士,互联网,已上市,1000-9999人,猎豹移动
北京,Android Linux系统软件工程师,14.0,应届生,硕士,其他行业,已上市,10000人以上,联发科技
北京,Android软件开发工程师,14.0,1-3年,硕士,通信/网络设备,C轮,100-499人,中科晶上
北京,高级Android工程师,27.0,5-10年,硕士,计算机软件,已上市,10000人以上,苏宁
北京,Android开发工程师,20.0,3-5年,硕士,移动互联网,天使轮,20-99人,优学链
北京,高级Android工程师,27.5,1-3年,硕士,移动互联网,,1000-9999人,网易电商
北京,Android技术专家,45.0,3-5年,硕士,移动互联网,D轮及以上,10000人以上,今日头条
北京,高级Android工程师,30.0,1-3年,硕士,移动互联网,D轮及以上,10000人以上,滴滴出行
北京,Android工程师,22.5,1-3年,硕士,互联网,D轮及以上,1000-9999人,小红书
北京,Android高级研发工程师,30.0,3-5年,硕士,移动互联网,A轮,20-99人,音娱时光
北京,Android资深工程师/技术专家,45.0,5-10年,硕士,O2O,D轮及以上,10000人以上,美团点评
北京,Android高级开发工程师,22.5,3-5年,硕士,互联网,D轮及以上,1000-9999人,一起教育科技
北京,Android软件开发实习生,2.5,经验不限,硕士,通信/网络设备,C轮,100-499人,中科晶上
北京,Android培训讲师,5.5,5-10年,硕士,培训机构,天使轮,0-20人,奥国
北京,Android 测试开发实习,6.0,应届生,硕士,互联网,已上市,10000人以上,小米
北京,高级Android开发工程师,30.0,3-5年,硕士,移动互联网,B轮,100-499人,Apus Group
北京,Android研发工程师,27.5,1-3年,硕士,移动互联网,D轮及以上,500-999人,一点资讯
北京,Android开发工程师,27.5,3-5年,硕士,互联网,已上市,1000-9999人,猎豹移动
北京,Android开发工程师（人工智能-语音方向）,255.0,3-5年,硕士,电子商务,已上市,10000人以上,京东集团
北京,Android音视频工程师,30.0,3-5年,硕士,互联网,D轮及以上,1000-9999人,小红书
北京,android开发实习生,6.5,应届生,硕士,互联网,B轮,500-999人,达闼科技
北京,Android 开发工程师,30.0,1-3年,硕士,互联网,已上市,10000人以上,百度
北京,Android研发工程师,17.5,3-5年,硕士,互联网,A轮,20-99人,美摄SDK
北京,MIG08-Android开发（北京）,45.0,1-3年,硕士,互联网,已上市,10000人以上,腾讯
北京,Android开发工程师,27.0,5-10年,硕士,互联网,已上市,10000人以上,小米
北京,Android开发工程师,4.0,应届生,硕士,互联网,B轮,100-499人,齐聚科技
北京,android实习生,6.0,应届生,硕士,社交网络,A轮,20-99人,VeeR
北京,高级Android工程师（社交）,17.5,1-3年,硕士,互联网,不需要融资,10000人以上,网易乐得
北京,搜狗输入法-Android高级开,30.0,3-5年,硕士,互联网,已上市,1000-9999人,搜狗
北京,Android技术专家/架构师,40.0,5-10年,硕士,互联网,已上市,1000-9999人,爱奇艺
北京,安卓研发工程师,17.5,3-5年,硕士,互联网,不需要融资,1000-9999人,新奥特
北京,Android,30.0,3-5年,硕士,互联网,C轮,1000-9999人,Face++
北京,Android研发工程师（移动测试）,22.5,3-5年,硕士,互联网,已上市,10000人以上,百度
北京,Android,30.0,3-5年,硕士,移动互联网,已上市,10000人以上,网易
北京,资深android开发工程师,28.5,3-5年,硕士,移动互联网,D轮及以上,500-999人,一点资讯
北京,Android多媒体软件工程师,20.0,1-3年,硕士,其他行业,已上市,10000人以上,联发科技
北京,Android高级开发专家,37.5,3-5年,硕士,移动互联网,已上市,100-499人,阿里健康
北京,Android开发工程师-小米电视,20.0,3-5年,硕士,互联网,已上市,10000人以上,小米
北京,Android,35.0,5-10年,硕士,移动互联网,,0-20人,秦立朝歌
北京,安卓地图sdk开发专家工程师,35.0,3-5年,硕士,移动互联网,D轮及以上,10000人以上,滴滴出行
北京,架构师,30.0,5-10年,硕士,计算机软件,已上市,10000人以上,苏宁
北京,Video Engineer,22.5,3-5年,硕士,智能硬件,不需要融资,10000人以上,富士康
北京,AI测试部_ROM测试开发工程师,22.5,1-3年,硕士,互联网,已上市,10000人以上,百度
北京,Android高级开发工程师,32.5,3-5年,硕士,互联网,不需要融资,10000人以上,网易乐得
北京,比特币/区块链——资深c++工程师,30.0,5-10年,硕士,互联网,不需要融资,20-99人,方圆友情
北京,C++客户端工程师,40.0,1-3年,硕士,移动互联网,D轮及以上,10000人以上,今日头条
北京,高级android开发工程师,22.5,1-3年,硕士,互联网,不需要融资,10000人以上,网易乐得
北京,Java工程师,45.0,1-3年,硕士,电子商务,已上市,10000人以上,京东集团
北京,实习生,5.5,1年以内,硕士,计算机软件,不需要融资,20-99人,中维华信
北京,APP推广,15.0,经验不限,硕士,在线教育,天使轮,0-20人,绮语文化传媒
北京,搜狗问问-数据挖掘研究员,32.5,3-5年,硕士,互联网,已上市,1000-9999人,搜狗
北京,技术管理,30.0,5-10年,硕士,移动互联网,天使轮,20-99人,枫玉科技
北京,算法优化工程师,37.5,3-5年,硕士,智能硬件,B轮,20-99人,uSens凌感
北京,阿里彩票技术,22.5,1-3年,硕士,互联网,已上市,10000人以上,阿里巴巴集团
北京,测试开发工程师,16.5,1-3年,硕士,互联网,已上市,10000人以上,百度
北京,android开发/架构师,30.0,3-5年,硕士,移动互联网,D轮及以上,10000人以上,滴滴出行
北京,移动端视觉AI工程师,32.5,1-3年,硕士,互联网,已上市,10000人以上,百度
北京,Android/Linux 开发工程师,20.0,1-3年,硕士,其他行业,已上市,10000人以上,联发科技
北京,Android开发实习生,3.5,经验不限,硕士,互联网,已上市,10000人以上,小米
北京,AI测试部_AR测试开发工程师,22.5,经验不限,硕士,互联网,已上市,10000人以上,百度
