北京,Android,32.5,3-5年,本科,人力资源服务,不需要融资,0-20人,RUSTAR
北京,Android,5.0,1-3年,本科,广播/影视,未融资,0-20人,青马影视
北京,Android,22.5,3-5年,本科,移动互联网,未融资,0-20人,必有科技
北京,Android,5.0,应届生,本科,互联网,未融资,0-20人,北京塔塔时代科技...
北京,Android 网络兼职讲师,30.0,5-10年,本科,在线教育,不需要融资,0-20人,菜鸟窝
北京,安卓工程师,22.5,3-5年,本科,移动互联网,A轮,0-20人,缘音科技
北京,安卓开发工程师,10.0,1-3年,本科,互联网,不需要融资,0-20人,艾米创想
北京,Android 开发工程师,12.5,3-5年,本科,互联网,,0-20人,yizu
北京,Linux/Android BSP工程师,18.0,1年以内,本科,计算机软件,,0-20人,阅视智能
北京,安卓开发工程师,16.0,1-3年,本科,移动互联网,,0-20人,四点钟
北京,安卓开发,17.0,1-3年,本科,在线教育,天使轮,0-20人,麦索思教育
北京,Android开发工程师,11.5,3-5年,本科,互联网,不需要融资,0-20人,速丰科技
北京,安卓端工程师,20.0,经验不限,本科,社交网络,天使轮,0-20人,北京猎由科技有限公司
北京,android开发实习生,5.0,应届生,本科,互联网,未融资,0-20人,北京塔塔时代科技...
北京,Android开发工程师,9.0,1-3年,本科,互联网金融,不需要融资,0-20人,北京锶泽科技有限...
北京,安卓开发工程师,12.5,5-10年,本科,媒体,未融资,0-20人,米悦
北京,Android开发工程师,15.0,3-5年,本科,互联网,天使轮,0-20人,云伊科技
北京,Android,27.5,3-5年,本科,移动互联网,天使轮,0-20人,创见者科技
北京,android开发工程师,20.0,1-3年,本科,移动互联网,,0-20人,云天涯
北京,Android开发工程师,10.0,经验不限,本科,计算机软件,未融资,0-20人,联创新图
北京,Android,8.5,1-3年,本科,数据服务,未融资,0-20人,同享数据
北京,android高级工程师,20.0,1-3年,本科,移动互联网,天使轮,0-20人,弈语科技
北京,LINUX、android软件开发,27.5,1-3年,本科,信息安全,未融资,0-20人,北京嘉普之光科技...
北京,【实习生】Android,6.0,经验不限,本科,计算机软件,天使轮,0-20人,猫起来
北京,安卓开发工程师,16.5,3-5年,本科,互联网,,0-20人,历行科技
北京,安卓APP开发实习生,4.5,经验不限,本科,医疗健康,天使轮,0-20人,北智
北京,高级安卓开发工程师,21.5,5-10年,本科,移动互联网,天使轮,0-20人,众声智慧
北京,Android,20.0,1-3年,本科,智能硬件,天使轮,0-20人,Aeroband空气拨片
北京,android开发工程师,20.0,3-5年,本科,移动互联网,,0-20人,云天涯
北京,智能硬件安卓APP开发工程师,12.5,1-3年,本科,计算机软件,未融资,0-20人,安普尔
北京,Android,10.5,1年以内,学历不限,移动互联网,,0-20人,韬略众成科技
北京,Android,10.0,3-5年,本科,电子商务,,0-20人,西五环艺人经纪
北京,Android,22.5,3-5年,本科,互联网,天使轮,0-20人,智工互联
北京,Android开发工程师,8.5,1-3年,本科,互联网,天使轮,0-20人,启点车联
北京,Android开发,9.0,1-3年,本科,互联网金融,不需要融资,0-20人,北京锶泽科技有限...
北京,Android Apk破解,6.0,经验不限,学历不限,计算机软件,,0-20人,城市森林装修设计
北京,Android前端工程师,9.5,经验不限,学历不限,计算机软件,未融资,0-20人,纽巴奥
北京,Android开发工程师,17.5,1-3年,本科,互联网,天使轮,0-20人,数字奇迹
北京,Android,12.0,3-5年,本科,互联网金融,,0-20人,钧策智能投顾
北京,安卓工程师,10.0,1-3年,本科,新零售,天使轮,0-20人,弘鼎泰合
北京,高级android工程师,25.0,5-10年,本科,互联网,A轮,0-20人,深蓝长盛科技
北京,安卓Android高级开发工程师,20.0,3-5年,本科,互联网,A轮,0-20人,爱天教育科技
北京,安卓工程师,18.0,5-10年,本科,智能硬件,A轮,0-20人,田一科技
北京,Android,13.5,1-3年,大专,移动互联网,,0-20人,度海明光
北京,Android高级开发工程师,20.0,1-3年,大专,移动互联网,不需要融资,0-20人,老柚
北京,Android,14.0,1-3年,本科,电子商务,天使轮,0-20人,乐喜
北京,Android,8.0,3-5年,本科,计算机软件,不需要融资,0-20人,轨道纵横科技
北京,Android,20.0,3-5年,本科,旅游,未融资,0-20人,露营者房车
北京,Android,25.0,3-5年,本科,互联网金融,天使轮,0-20人,华泰奥博
北京,android实习生,4.0,1年以内,本科,互联网,未融资,0-20人,北京塔塔时代科技...
北京,Android,20.0,1-3年,本科,互联网,天使轮,0-20人,泰格优思网络科技
北京,安卓工程师,13.0,5-10年,本科,移动互联网,未融资,0-20人,贝塔智能科技
北京,安卓工程师,12.5,3-5年,本科,互联网,天使轮,0-20人,启点车联
北京,Android,27.0,1年以内,本科,移动互联网,A轮,0-20人,Swaying
北京,Android,6.5,1年以内,本科,社交网络,未融资,0-20人,北京多泽科技有限...
北京,Android,9.0,1年以内,大专,计算机软件,,0-20人,中电颐合
北京,安卓开发工程师,8.0,3-5年,本科,移动互联网,不需要融资,0-20人,神圣科技
北京,Android,11.5,3-5年,本科,移动互联网,未融资,0-20人,芽叶科技
北京,Android开发工程师,17.5,1-3年,本科,互联网,A轮,0-20人,深蓝长盛科技
北京,Android,10.5,1-3年,大专,音乐/视频/阅读,,0-20人,维漫
北京,Android开发工程师,15.0,1-3年,本科,在线教育,天使轮,0-20人,知行云课堂
北京,Android前端开发,4.5,经验不限,本科,学术/科研,未融资,0-20人,达信源-集成设计
北京,Android开发主管,37.5,3-5年,本科,社交网络,,0-20人,扩列科技
北京,Android,8.0,1-3年,本科,互联网,,0-20人,聚聚
北京,安卓开发工程师,25.0,3-5年,本科,互联网金融,天使轮,0-20人,华泰奥博
北京,高级安卓开发工程师,15.0,3-5年,本科,移动互联网,天使轮,0-20人,存量时代科技
北京,Android开发,25.0,1-3年,本科,音乐/视频/阅读,,0-20人,木百里
北京,安卓系统研发工程师,15.0,3-5年,本科,电子/半导体/集成电路,,0-20人,甘特科技
北京,Android,15.0,1年以内,本科,移动互联网,未融资,0-20人,财阶科技
北京,高级Android软件开发工程师,15.0,3-5年,本科,互联网,,0-20人,蚂蚁工匠
北京,Android开发工程师,24.0,1-3年,本科,移动互联网,,0-20人,千里智远
北京,Android开发工程师,15.0,3-5年,本科,医疗健康,不需要融资,0-20人,鸿泰盛
北京,Android,25.0,5-10年,本科,互联网金融,天使轮,0-20人,华泰奥博
北京,Android,13.0,3-5年,本科,社交网络,A轮,0-20人,来租我吧
北京,Android开发工程师,25.0,5-10年,本科,智能硬件,A轮,0-20人,合优智景
北京,Android,9.0,1-3年,学历不限,移动互联网,不需要融资,0-20人,唯快不破科技
北京,Android,10.5,3-5年,本科,移动互联网,天使轮,0-20人,华腾锐达
北京,Android,17.5,1-3年,本科,互联网,天使轮,0-20人,移动智慧
北京,安卓开发工程师,10.5,1-3年,本科,移动互联网,不需要融资,0-20人,太阳星
北京,安卓高级开发工程师,20.0,1-3年,本科,互联网,A轮,0-20人,ARTAND
北京,开发工程师（Android）,11.5,1-3年,本科,互联网,未融资,0-20人,北京新创无限有限公司
北京,Android开发工程师,19.0,3-5年,本科,移动互联网,,0-20人,深橙科技
北京,Android,10.0,1-3年,本科,在线教育,,0-20人,北京佳音玉成教育...
北京,前端安卓开发,10.0,1-3年,大专,企业服务,,0-20人,北京云中土科技有...
北京,Android,15.0,3-5年,本科,计算机软件,不需要融资,0-20人,速咖加速器
北京,安卓开发实习生,6.0,经验不限,本科,移动互联网,未融资,0-20人,财阶科技
北京,高级Android开发工程师,24.0,3-5年,本科,互联网,A轮,0-20人,链上未来
北京,Android,3.5,应届生,学历不限,计算机软件,,0-20人,博网
北京,Android高级研发工程师,16.0,3-5年,本科,互联网,天使轮,0-20人,米花时代
北京,Android 工程师,7.5,应届生,本科,智能硬件,未融资,0-20人,至简科技
北京,Android高级开发工程师,20.0,3-5年,本科,移动互联网,不需要融资,0-20人,老柚
北京,Cocos2d/Android/iOS游戏开发,15.0,3-5年,本科,互联网,未融资,0-20人,东羽科技
北京,高级Android开发工程师,35.0,3-5年,本科,音乐/视频/阅读,,0-20人,木百里
北京,高级安卓系统工程师,25.0,3-5年,本科,电子/半导体/集成电路,,0-20人,甘特科技
北京,兼职Android软件开发工程师,22.5,3-5年,本科,互联网,,0-20人,蚂蚁工匠
北京,高级Android开发工程师,18.0,3-5年,本科,移动互联网,天使轮,0-20人,友朋远来
北京,Android应用开发工程师,11.5,1年以内,本科,移动互联网,天使轮,0-20人,欧蒂派
北京,资深Android开发工程师,30.0,3-5年,本科,人力资源服务,不需要融资,0-20人,RUSTAR
北京,Android开发工程师,24.0,3-5年,本科,移动互联网,,0-20人,奥金拓
北京,Android实习生,3.5,经验不限,本科,旅游,A轮,0-20人,北京侣程科技
北京,Android 开发工程师(北京),7.5,1-3年,本科,智能硬件,未融资,0-20人,至简科技
北京,Android,12.0,3-5年,本科,移动互联网,天使轮,0-20人,乐好知
北京,Android,14.0,1-3年,本科,互联网,A轮,0-20人,硬创云加
北京,Android高级研发工程师,32.5,1-3年,本科,计算机软件,天使轮,0-20人,米扑科技
北京,高级Android开发,37.5,3-5年,本科,音乐/视频/阅读,,0-20人,木百里
北京,Android,15.0,1-3年,本科,在线教育,,0-20人,西贝紫牛教育
北京,Android,10.0,3-5年,本科,电子商务,,0-20人,觅它商城
北京,安卓软件工程师,25.0,5-10年,本科,互联网金融,天使轮,0-20人,华泰奥博
北京,Android,12.5,3-5年,本科,互联网,不需要融资,0-20人,九头猪
北京,安卓开发工程师,45.0,经验不限,本科,文化/体育/娱乐,,0-20人,能量吧
北京,Android,16.5,3-5年,本科,互联网,A轮,0-20人,赊奢
北京,Android工程师,13.5,1-3年,本科,移动互联网,未融资,0-20人,虚实科技
北京,Android,6.0,经验不限,学历不限,移动互联网,不需要融资,0-20人,唯快不破科技
北京,Android高级研发工程师,17.0,5-10年,本科,互联网,天使轮,0-20人,米花时代
北京,安卓工程师,16.0,3-5年,本科,互联网,天使轮,0-20人,以太纪元
北京,android前端工程师,13.5,1-3年,本科,社交网络,天使轮,0-20人,追慕科技
北京,安卓开发,14.0,1-3年,本科,生活服务,未融资,0-20人,迪伦宝宝
北京,安卓开发工程师,9.0,经验不限,学历不限,计算机软件,未融资,0-20人,北京仁本科技
北京,Android,11.5,1-3年,本科,移动互联网,天使轮,0-20人,零号元素
北京,Android,11.0,1-3年,大专,计算机软件,未融资,0-20人,乾元恒业
北京,Android,15.0,3-5年,学历不限,互联网,,0-20人,海藻裂变
北京,Android开发工程师,12.5,1-3年,大专,互联网,,0-20人,以鼎
北京,Android开发工程师,11.0,1-3年,本科,智能硬件,天使轮,0-20人,巴塔科技生物识别
北京,Android,10.0,3-5年,本科,智能硬件,未融资,0-20人,中物源
北京,高级Android开发工程师,30.0,3-5年,本科,互联网,A轮,0-20人,亿视酷电科技
北京,Android开发,6.0,1-3年,本科,移动互联网,天使轮,0-20人,小油科技
北京,Android开发工程师,12.0,1-3年,大专,互联网,未融资,0-20人,飞歌传书文化传播
北京,前端工程师 （安卓+Ruby）,20.0,1-3年,本科,互联网,A轮,0-20人,超级简历
北京,Android,9.5,1-3年,大专,计算机软件,,0-20人,博网
北京,安卓开发实习生 - 区块链红利行业,4.5,经验不限,本科,媒体,不需要融资,0-20人,时迈天鹭科技
北京,Android培训讲师,5.5,5-10年,硕士,培训机构,天使轮,0-20人,奥国
北京,Android工程师,10.0,3-5年,本科,智能硬件,未融资,0-20人,中物源
北京,Android高级研发攻城狮,27.5,3-5年,本科,移动互联网,天使轮,0-20人,知行远科技
北京,Android开发,12.0,1-3年,本科,互联网,天使轮,0-20人,沃德米
北京,安卓开发工程师,11.0,1-3年,本科,数据服务,天使轮,0-20人,艺铭文化艺术
北京,android开发工程师,30.0,经验不限,本科,O2O,,0-20人,正信
北京,Android开发工程师,15.0,1-3年,本科,音乐/视频/阅读,A轮,0-20人,五车科技
北京,Android,7.5,1-3年,大专,互联网,未融资,0-20人,智绘果
北京,Android 开发工程师,7.5,经验不限,本科,智能硬件,未融资,0-20人,至简科技
北京,Android软件开发工程师（运动健身APP）,9.0,经验不限,学历不限,音乐/视频/阅读,不需要融资,0-20人,为己
北京,Android开发工程师,12.0,1-3年,本科,计算机软件,,0-20人,华电天达
北京,Android 研发工程师,6.0,经验不限,本科,智能硬件,未融资,0-20人,至简科技
北京,Android高级开发工程师,25.0,5-10年,本科,互联网,天使轮,0-20人,沃德米
北京,软件工程师 Android方向,7.5,应届生,大专,智能硬件,未融资,0-20人,至简科技
北京,Android 软件工程师,7.5,应届生,本科,智能硬件,未融资,0-20人,至简科技
北京,Android开发工程师,27.5,5-10年,本科,移动互联网,不需要融资,0-20人,汇智先创
北京,Android开发,9.5,3-5年,本科,计算机软件,不需要融资,0-20人,北京凤凰世纪
北京,Android 研发工程师,7.5,应届生,本科,智能硬件,未融资,0-20人,至简科技
北京,Android 开发工程师,7.5,应届生,本科,智能硬件,未融资,0-20人,至简科技
北京,安卓工程师,20.0,3-5年,本科,移动互联网,A轮,0-20人,大成鼎盛
北京,Android,13.5,1-3年,大专,服装/纺织/皮革,天使轮,0-20人,汉之衣服饰
北京,Android 开发工程师-北京,7.5,应届生,本科,智能硬件,未融资,0-20人,至简科技
北京,安卓开发工程师,14.0,1-3年,学历不限,互联网,未融资,0-20人,东派科技
北京,海外直播平台 Android iOS测试经理,20.0,3-5年,大专,移动互联网,,0-20人,象龟科技
北京,Android 智能硬件 软件工程师,6.0,应届生,本科,智能硬件,未融资,0-20人,至简科技
北京,Android,14.5,1-3年,本科,广告营销,A轮,0-20人,菜根谈谈
北京,安卓开发工程师,9.5,1-3年,本科,移动互联网,未融资,0-20人,虚实科技
北京,安卓开发,25.0,3-5年,本科,移动互联网,天使轮,0-20人,KIWI运动
北京,Android开发工程师,14.0,3-5年,大专,生活服务,未融资,0-20人,迪伦宝宝
北京,Android,10.0,1-3年,本科,计算机软件,未融资,0-20人,智创动力
北京,Android开发工程师,15.0,3-5年,大专,计算机软件,天使轮,0-20人,科嘉睿思
北京,Android,18.0,3-5年,大专,医疗健康,,0-20人,中企智助
北京,Android软件工程师,15.0,1-3年,本科,移动互联网,天使轮,0-20人,长佩网络科技
北京,Android开发工程师,15.0,3-5年,大专,互联网,不需要融资,0-20人,哦喉科技
北京,Android,8.0,1-3年,本科,互联网,,0-20人,惠友创客
北京,android,11.0,经验不限,学历不限,媒体,不需要融资,0-20人,北京超前沿
北京,高级Android开发工程师,17.5,5-10年,本科,社交网络,未融资,0-20人,同创源码
北京,Android开发工程师,11.5,1-3年,本科,计算机软件,,0-20人,小溪汇聚
北京,安卓开发,19.5,5-10年,大专,医疗健康,,0-20人,中企智助
北京,Android开发工程师,20.0,3-5年,本科,计算机软件,不需要融资,0-20人,科莱普云
北京,安卓开发工程师,9.5,经验不限,学历不限,电子商务,不需要融资,0-20人,小瓶科技
北京,Android开发工程师,20.0,1-3年,本科,音乐/视频/阅读,天使轮,0-20人,真漫
北京,Android开发工程师,22.5,1-3年,本科,电子商务,,0-20人,严肃科技
北京,android工程师,11.0,经验不限,学历不限,媒体,不需要融资,0-20人,北京超前沿
北京,Android高级工程师,12.5,3-5年,本科,移动互联网,天使轮,0-20人,华腾锐达
北京,Android高级工程师,22.5,3-5年,本科,电子商务,未融资,0-20人,黑金时空
北京,Android工程师,12.5,3-5年,本科,移动互联网,天使轮,0-20人,大爱惠民
北京,安卓主题产品助理,3.0,1年以内,本科,移动互联网,,0-20人,视觉互联
北京,Android研发工程师,15.0,1-3年,大专,移动互联网,天使轮,0-20人,阅友科技
北京,Android开发工程师,22.5,1-3年,本科,互联网,天使轮,0-20人,小理助理
北京,安卓开发（偏安防、医养）,27.0,5-10年,大专,医疗健康,,0-20人,中企智助
北京,安卓开发工程师,15.0,3-5年,大专,生活服务,未融资,0-20人,迪伦宝宝
北京,安卓工程师,15.0,3-5年,本科,互联网,未融资,0-20人,小柠檬科技
北京,安卓-Android工程师,20.0,1-3年,本科,移动互联网,天使轮,0-20人,互拍
北京,Android,15.0,经验不限,本科,移动互联网,天使轮,0-20人,存量时代科技
北京,iOS安卓实习生,3.5,1年以内,本科,计算机软件,天使轮,0-20人,猫起来
北京,数字资产钱包Android研发负责人,30.0,经验不限,学历不限,互联网金融,不需要融资,0-20人,小重山科技
北京,Android 开发总监,19.0,3-5年,本科,移动互联网,,0-20人,派深
北京,Android工程师,10.5,1年以内,本科,互联网,不需要融资,0-20人,北京放眼世界科技
北京,安卓技术经理,17.5,3-5年,本科,在线教育,不需要融资,0-20人,创生教育
北京,Android开发工程师,15.0,3-5年,本科,计算机软件,,0-20人,思莱维恩
北京,Android,21.0,1-3年,本科,投资/融资,未融资,0-20人,润升资产
北京,安卓工程师,11.0,1-3年,大专,互联网,未融资,0-20人,首智汇云
北京,Android开发工程师,12.0,1-3年,本科,在线教育,天使轮,0-20人,北京文景时代教育...
北京,安卓技术,10.0,经验不限,本科,广告营销,,0-20人,椰果互动科技有限公司
北京,Android高级工程师,12.5,3-5年,本科,音乐/视频/阅读,A轮,0-20人,五车科技
北京,高级Android开发工程师,15.0,3-5年,本科,智能硬件,,0-20人,子乐科技
北京,Android,17.5,3-5年,本科,医疗健康,,0-20人,雅光创远国际医疗...
北京,Android开发工程师,20.0,1-3年,本科,音乐/视频/阅读,,0-20人,艺富科技
北京,Android,15.0,1-3年,本科,移动互联网,未融资,0-20人,随身差旅
北京,Android开发工程师,10.5,5-10年,本科,数据服务,未融资,0-20人,Bi168
北京,Android开发工程师,15.0,3-5年,大专,互联网,未融资,0-20人,一凤一龙科技
北京,Android,10.5,1年以内,本科,移动互联网,,0-20人,德昱科技
北京,Android,12.5,1-3年,大专,社交网络,,0-20人,情情
北京,Android开发工程师,16.5,5-10年,本科,智能硬件,未融资,0-20人,中物源
北京,Android开发工程师,7.0,1-3年,本科,数据服务,未融资,0-20人,同享数据
北京,Android,11.5,1年以内,本科,互联网,未融资,0-20人,创百易
北京,Android,22.5,1-3年,本科,旅游,,0-20人,北京首佳探游
北京,android开发工程师,17.5,1-3年,大专,旅游,未融资,0-20人,露营者房车
北京,Android开发（实习生）,4.0,经验不限,本科,互联网,天使轮,0-20人,沃德米
北京,Android,85.0,3-5年,本科,咨询,不需要融资,0-20人,无限智慧科技
北京,android开发,20.0,1-3年,本科,互联网,A轮,0-20人,云勇科技
北京,安卓开发工程师,30.0,经验不限,大专,游戏,,0-20人,地球脑
北京,安卓开发工程师,12.5,3-5年,大专,计算机软件,,0-20人,普众科技
北京,安卓手机游戏SDK接入工程师,7.0,1-3年,本科,游戏,天使轮,0-20人,多多游
北京,Android开发工程师,12.5,3-5年,本科,移动互联网,天使轮,0-20人,小马撒欢汽车APP
北京,Android初级开发工程师,6.0,应届生,本科,计算机软件,未融资,0-20人,勇软博盛
北京,安卓sdk接入工程师,8.0,经验不限,学历不限,游戏,不需要融资,0-20人,米粒互娱
北京,Android 开发,22.5,5-10年,大专,医疗健康,,0-20人,中企智助
北京,安卓开发工程师,7.0,1年以内,本科,互联网,未融资,0-20人,博睿视科技公司
北京,Android浏览器工程师,4.5,1年以内,本科,医疗健康,未融资,0-20人,北京格物
北京,Android,10.5,1-3年,大专,移动互联网,未融资,0-20人,沁心信安
北京,Android,12.5,3-5年,本科,社交网络,未融资,0-20人,哟呵娱乐
北京,Android程序员,12.5,3-5年,本科,计算机软件,,0-20人,中讯志远
北京,Android,10.5,3-5年,本科,移动互联网,,0-20人,犀玥明
北京,安卓高级研发工程师,22.5,5-10年,本科,医疗健康,,0-20人,中企智助
北京,Android,11.0,1年以内,本科,计算机软件,未融资,0-20人,众合辉创科技
北京,Android开发工程师,12.5,1-3年,本科,互联网,,0-20人,励鼎尚信
北京,Android工程师,8.0,经验不限,学历不限,计算机软件,未融资,0-20人,恒汇佳源
北京,高级Android 开发,22.5,5-10年,大专,医疗健康,,0-20人,中企智助
北京,Android开发工程师,13.5,1-3年,本科,移动互联网,A轮,0-20人,趣点在线
北京,Android,20.0,经验不限,大专,音乐/视频/阅读,天使轮,0-20人,真漫
北京,Android（兼职）,12.5,3-5年,大专,互联网,,0-20人,好汉科技
北京,Android开发工程师,15.0,3-5年,本科,移动互联网,天使轮,0-20人,易威科技
北京,Android,12.5,1-3年,本科,文化/体育/娱乐,,0-20人,经年科技
北京,安卓主题产品助理（偏开发）,7.5,1年以内,本科,移动互联网,,0-20人,视觉互联
北京,Android,12.0,经验不限,本科,计算机软件,,0-20人,医同众一科技
北京,Android,22.5,3-5年,本科,计算机软件,,0-20人,罗氏互联
北京,Android,40.0,5-10年,本科,移动互联网,未融资,0-20人,亿云立方
北京,安卓工程师,20.0,3-5年,本科,音乐/视频/阅读,天使轮,0-20人,阳光富通科技
北京,Android研发工程师,22.5,5-10年,大专,医疗健康,,0-20人,中企智助
北京,安卓开发工程师,18.0,3-5年,本科,互联网,A轮,0-20人,大咖拍卖
北京,Android,7.0,1-3年,大专,智能硬件,,0-20人,晨赢科技
北京,安卓开发（要有安防或医养经验）,22.5,5-10年,大专,医疗健康,,0-20人,中企智助
北京,Android 研发工程师,15.5,1-3年,学历不限,社交网络,,0-20人,兴业之游
北京,Android开发工程师,15.0,1-3年,大专,互联网,天使轮,0-20人,追本溯源科技
北京,Android研发工程师,15.0,3-5年,本科,互联网,未融资,0-20人,上海英仙
北京,Android,8.5,3-5年,本科,游戏,未融资,0-20人,北京星宇互娱科技
北京,安卓开发工程师,20.0,3-5年,大专,计算机软件,不需要融资,0-20人,科莱普云
北京,Android工程师,30.0,3-5年,本科,人力资源服务,,0-20人,正责企业管理咨询
北京,Android,6.5,1年以内,本科,智能硬件,A轮,0-20人,北京宇观
北京,Android开发工程师,20.0,3-5年,本科,移动互联网,天使轮,0-20人,币风
北京,Android,10.0,3-5年,大专,互联网,天使轮,0-20人,北京诺木科技
北京,Android,13.0,1年以内,本科,计算机软件,,0-20人,瑞世互联
北京,Android,1.5,1年以内,大专,在线教育,,0-20人,两只老虎
北京,Android开发工程师,12.5,1-3年,大专,游戏,未融资,0-20人,乐优互动
北京,Android,13.5,1-3年,大专,互联网,未融资,0-20人,海贝云创
北京,Android开发工程师,17.5,3-5年,本科,在线教育,不需要融资,0-20人,创生教育
北京,Android,20.0,3-5年,本科,智能硬件,天使轮,0-20人,哈希网络科技
北京,Android,23.0,3-5年,本科,新零售,天使轮,0-20人,新时空软件
北京,安卓开发工程师,2.5,3-5年,本科,计算机软件,,0-20人,奥瑞森
北京,Android,7.5,1年以内,大专,互联网,,0-20人,深圳市海行技术有...
北京,Android,11.0,1-3年,本科,互联网,天使轮,0-20人,洋桔梗
北京,Android软件开发,9.0,1-3年,本科,移动互联网,不需要融资,0-20人,北京酷玩世纪科技...
北京,Android开发,15.0,3-5年,大专,互联网,未融资,0-20人,一凤一龙科技
北京,Android,7.0,应届生,本科,移动互联网,,0-20人,北京芙洛科技有限...
北京,Android开发工程师,13.5,3-5年,本科,互联网,未融资,0-20人,趣租部落
北京,Lua脚本工程师（安卓主题）,6.5,1年以内,本科,移动互联网,,0-20人,视觉互联
北京,安卓工程师,12.5,1-3年,大专,生活服务,天使轮,0-20人,桃子鲜声
北京,Android软件开发工程师,9.0,1-3年,本科,互联网,未融资,0-20人,泛联科技
北京,Android高级工程师,22.5,3-5年,本科,移动互联网,不需要融资,0-20人,云舶在线
北京,安卓开发工程师,30.0,经验不限,学历不限,智能硬件,,0-20人,图示科技
北京,安卓开发工程师,11.5,1-3年,学历不限,互联网,未融资,0-20人,北京若愚科技
北京,Android,15.0,1-3年,本科,计算机软件,,0-20人,北京康思创想信息...
北京,安卓开发工程师,15.0,3-5年,本科,移动互联网,天使轮,0-20人,易威科技
北京,Android 工程师,7.5,1年以内,本科,互联网,不需要融资,0-20人,北京放眼世界科技
北京,Android,21.5,1年以内,本科,社交网络,天使轮,0-20人,懂币帝
北京,Android高级开发工程师,40.0,1-3年,学历不限,医疗健康,未融资,0-20人,北京格物
北京,Android,15.0,1-3年,本科,互联网,天使轮,0-20人,全民之星
北京,安卓开发,17.5,3-5年,学历不限,计算机软件,,0-20人,维麦姆科技有限公司
北京,Android,17.5,1-3年,本科,互联网,天使轮,0-20人,欢乐豆
北京,android/ios底层研发,15.0,经验不限,学历不限,广告营销,,0-20人,大树科技
北京,Android,11.5,3-5年,本科,移动互联网,未融资,0-20人,灰灰科技
北京,Android开发工程师,15.0,1-3年,本科,互联网,,0-20人,溪棋科技
北京,安卓兼职开发工程师,12.5,3-5年,本科,医疗健康,未融资,0-20人,中世泓利
北京,Android,20.0,3-5年,学历不限,智能硬件,,0-20人,银河润泰
北京,Android,12.0,1-3年,本科,互联网,未融资,0-20人,一页纸
北京,Android,9.0,1-3年,本科,音乐/视频/阅读,,0-20人,紫金星空
北京,Android,15.0,3-5年,本科,互联网,不需要融资,0-20人,学院派
北京,高级Android开发工程师,25.0,5-10年,本科,互联网金融,,0-20人,志翔天下
北京,高级Android软件工程师,25.0,3-5年,本科,互联网,,0-20人,独家真品
北京,安卓手游SDK接入工程师,11.5,1-3年,学历不限,游戏,不需要融资,0-20人,米粒互娱
北京,Android程序员,12.5,1-3年,大专,广告营销,A轮,0-20人,菜根谈谈
北京,安卓开发工程师,11.5,1-3年,大专,移动互联网,,0-20人,普兰索
北京,Android开发工程师,27.5,3-5年,本科,互联网,,0-20人,一零零一
北京,Android,14.0,经验不限,学历不限,互联网,不需要融资,0-20人,铠源科技
北京,IOS/Android 全栈工程师,17.5,3-5年,本科,移动互联网,,0-20人,哺咕网
北京,Android,15.5,3-5年,本科,互联网,未融资,0-20人,一几
北京,Android,6.5,1年以内,本科,人力资源服务,未融资,0-20人,兴科至远
北京,Android,15.0,1-3年,本科,互联网,A轮,0-20人,ARTAND
北京,Android,22.5,1-3年,本科,互联网,不需要融资,20-99人,青岳科技
北京,Android负责人,50.0,5-10年,本科,医疗健康,B轮,20-99人,百索科技
北京,Android,11.5,3-5年,本科,O2O,天使轮,20-99人,海澜汇通
北京,Android,18.0,3-5年,本科,在线教育,未融资,20-99人,延河教育
北京,Android,12.5,3-5年,本科,计算机软件,未融资,20-99人,紫辰
北京,Android,4.5,经验不限,学历不限,移动互联网,不需要融资,20-99人,大愚科技
北京,Android,15.0,3-5年,本科,互联网,不需要融资,20-99人,资利
北京,安卓开发师,21.5,3-5年,本科,电子商务,天使轮,20-99人,多加网
北京,Android,12.0,1年以内,本科,计算机软件,未融资,20-99人,赋睿智能
北京,Android,22.5,3-5年,大专,互联网,天使轮,20-99人,清藤影视科技
北京,Android,9.5,1年以内,大专,院校,,20-99人,国媒教育
北京,Android工程师,10.0,1-3年,本科,计算机软件,不需要融资,20-99人,人和商圈(北京)
北京,Android 开发,15.0,3-5年,本科,社交网络,未融资,20-99人,时空感应科技
北京,Android,10.5,3-5年,大专,企业服务,未融资,20-99人,店盟
北京,Android高级工程师,37.5,3-5年,本科,医疗健康,B轮,20-99人,百索科技
北京,Android实习生,4.5,应届生,本科,社交网络,B轮,20-99人,诺舟科技
北京,安卓工程师,12.5,3-5年,本科,互联网,不需要融资,20-99人,乐推微
北京,Android工程师,22.5,1-3年,本科,移动互联网,不需要融资,20-99人,智分科技
北京,Android,9.5,3-5年,大专,移动互联网,,20-99人,树森国际文化传媒...
北京,高级Android逆向工程师,22.5,1-3年,本科,信息安全,A轮,20-99人,几维安全
北京,Android开发,11.5,3-5年,大专,文化/体育/娱乐,未融资,20-99人,华羽时代
北京,android研发工程师,30.0,10年以上,本科,智能硬件,A轮,20-99人,盛世辉智控
北京,android开发,9.0,1-3年,大专,社交网络,未融资,20-99人,时空感应科技
北京,Android工程师,22.5,经验不限,本科,互联网,不需要融资,20-99人,极宇舟天
北京,Android开发,14.0,3-5年,本科,互联网金融,A轮,20-99人,北京微金聚融科技
北京,Android工程师,10.5,1-3年,大专,互联网,A轮,20-99人,盛世墨典
北京,Android初级工程师,8.0,应届生,本科,移动互联网,B轮,20-99人,爱语吧
北京,android开发工程师,12.0,1-3年,本科,社交网络,未融资,20-99人,时空感应科技
北京,安卓主管,20.0,3-5年,学历不限,移动互联网,未融资,20-99人,街创空间
北京,高级安卓工程师,30.0,3-5年,本科,在线教育,A轮,20-99人,微芒教育科技
北京,高级Android开发,35.0,3-5年,本科,移动互联网,不需要融资,20-99人,智分科技
北京,安卓开发,10.5,1-3年,大专,社交网络,未融资,20-99人,时空感应科技
北京,Android开发工程师,18.0,3-5年,本科,智能硬件,未融资,20-99人,智美兴达
北京,java/Android软件工程师,22.5,3-5年,大专,移动互联网,天使轮,20-99人,快立提科技
北京,java/Android软件工程师,14.0,1-3年,大专,医疗设备/器械,,20-99人,五八医界宝
北京,安卓开发工程师,12.5,3-5年,本科,音乐/视频/阅读,天使轮,20-99人,嗨范儿
北京,Android开发工程师,15.0,3-5年,本科,生活服务,A轮,20-99人,博然时代
北京,Android开发工程师,15.0,3-5年,本科,互联网,未融资,20-99人,时代创信
北京,Android开发工程师,22.5,1-3年,本科,互联网,A轮,20-99人,唯特创新（北京）...
北京,Android架构师,34.5,5-10年,本科,互联网,,20-99人,分享动力
北京,Android开发工程师,11.5,1-3年,大专,移动互联网,A轮,20-99人,我奥科技
北京,Android开发工程师,25.0,3-5年,本科,移动互联网,A轮,20-99人,纹路
北京,安卓开发师,17.5,3-5年,本科,移动互联网,A轮,20-99人,彩云之端
北京,社交APP  android开发,9.0,1-3年,大专,社交网络,未融资,20-99人,时空感应科技
北京,Android研发工程师,35.0,3-5年,本科,医疗健康,B轮,20-99人,动动
北京,高级  android 开发工程师,22.5,3-5年,本科,社交网络,未融资,20-99人,时空感应科技
北京,安卓开发工程师,20.0,5-10年,本科,在线教育,未融资,20-99人,皮皮外语
北京,安卓工程师,16.5,3-5年,学历不限,移动互联网,未融资,20-99人,街创空间
北京,安卓开发工程师,17.5,1-3年,大专,互联网,未融资,20-99人,小强在线
北京,Android研发工程师,9.0,1-3年,大专,移动互联网,未融资,20-99人,英斯特哈博
北京,Android 开发工程师,20.0,3-5年,本科,在线教育,A轮,20-99人,思橙教育
北京,Android开发工程师,12.0,1-3年,本科,互联网,不需要融资,20-99人,耕牛传媒
北京,安卓开发工程师,15.0,3-5年,本科,互联网,C轮,20-99人,星澜科技
北京,Android 工程师,16.0,3-5年,本科,互联网,未融资,20-99人,北京麦迪花园
北京,Android开发工程师,18.0,5-10年,本科,移动互联网,A轮,20-99人,肆客体育
北京,Android开发工程师,11.5,经验不限,大专,移动互联网,天使轮,20-99人,快立提科技
北京,android技术专家,70.0,5-10年,本科,互联网,,20-99人,分享动力
北京,安卓研发工程师,16.5,3-5年,本科,互联网,未融资,20-99人,艺阁网
北京,android开发工程师,11.5,1-3年,本科,互联网,,20-99人,极点触碰
北京,社交APP  android开发工程师,13.5,3-5年,本科,社交网络,未融资,20-99人,时空感应科技
北京,高级Android工程师,35.0,5-10年,本科,在线教育,天使轮,20-99人,闪电思维
北京,Android高级研发工程师,42.0,5-10年,本科,医疗健康,B轮,20-99人,动动
北京,资深安卓开发工程师,30.0,5-10年,本科,在线教育,A轮,20-99人,微芒教育科技
北京,Android工程师,15.0,3-5年,本科,互联网,未融资,20-99人,互联时刻
北京,资深Android开发工程师,40.0,3-5年,本科,企业服务,天使轮,20-99人,领英汇智
北京,android开发工程师,12.0,5-10年,本科,移动互联网,已上市,20-99人,北京九驹
北京,Android高级开发工程师,27.5,3-5年,本科,在线教育,未融资,20-99人,葡萄智学
北京,Android开发工程师,13.0,3-5年,本科,移动互联网,A轮,20-99人,我奥科技
北京,Android开发,9.5,1-3年,学历不限,其他行业,不需要融资,20-99人,唐合易成
北京,安卓开发工程师,11.0,1-3年,本科,计算机软件,天使轮,20-99人,红卫数据
北京,Android开发工程师,27.5,5-10年,大专,计算机软件,未融资,20-99人,盈科网络
北京,Android高级工程师,30.0,5-10年,本科,互联网,,20-99人,分享动力
北京,Android开发工程师,10.5,1-3年,本科,在线教育,天使轮,20-99人,必胜课
北京,Android,15.0,5-10年,本科,移动互联网,未融资,20-99人,金溪欣
北京,高级安卓开发工程师,12.0,3-5年,本科,互联网,,20-99人,联合科技股份
北京,Android,37.5,经验不限,本科,互联网,天使轮,20-99人,韵律舞动
北京,Android研发工程师,20.0,3-5年,大专,音乐/视频/阅读,A轮,20-99人,夺镖体育文化
北京,Android高级工程师,27.5,3-5年,本科,互联网,C轮,20-99人,newsdog
北京,安卓开发工程师,20.0,1-3年,本科,在线教育,天使轮,20-99人,闪电思维
北京,Android 研发工程师,10.0,3-5年,大专,计算机软件,不需要融资,20-99人,北京市城果科技有...
北京,Android高级开发工程师,25.0,5-10年,学历不限,互联网,未融资,20-99人,乐途原动力
北京,Android开发工程师,13.0,1-3年,本科,电子/半导体/集成电路,,20-99人,煋邦数码
北京,安卓开发工程师,17.5,3-5年,本科,智能硬件,天使轮,20-99人,历途
北京,Android开发,11.5,3-5年,本科,计算机软件,,20-99人,京邦信息
北京,Android高级驱动开发工程师,22.5,3-5年,本科,智能硬件,不需要融资,20-99人,沃德网络
北京,Android工程师,30.0,经验不限,本科,互联网金融,不需要融资,20-99人,大当加
北京,Android开发工程师,25.0,1-3年,本科,在线教育,天使轮,20-99人,闪电思维
北京,APP 开发工程师（Android/iOS）,11.5,3-5年,大专,在线教育,未融资,20-99人,长青基石
北京,Android开发实习,3.0,经验不限,本科,互联网,,20-99人,极点触碰
北京,Android安卓开发工程师,11.5,1-3年,本科,移动互联网,A轮,20-99人,XY
北京,安卓开发工程师,15.0,3-5年,本科,互联网,未融资,20-99人,北京麦迪花园
北京,Android 开发工程师   (社交APP),12.0,1-3年,本科,社交网络,未融资,20-99人,时空感应科技
北京,Android开发工程师,15.0,3-5年,本科,音乐/视频/阅读,不需要融资,20-99人,芬享音乐
北京,Android系统开发工程师,22.5,3-5年,本科,智能硬件,不需要融资,20-99人,梧桐车联科技
北京,高级Android开发工程师,35.0,1-3年,本科,在线教育,天使轮,20-99人,闪电思维
北京,Android专家（70k）,60.0,10年以上,本科,互联网,,20-99人,分享动力
北京,安卓商店广告优化,18.0,1-3年,本科,互联网金融,A轮,20-99人,北京微金聚融科技
北京,Android 中级研发工程师,20.0,3-5年,大专,计算机软件,不需要融资,20-99人,北京市城果科技有...
北京,Android开发工程师,21.0,3-5年,本科,计算机软件,不需要融资,20-99人,北京新友
北京,安卓工程师,22.5,经验不限,本科,智能硬件,天使轮,20-99人,铁甲互联科技
北京,中高级安卓开发工程师,12.0,3-5年,大专,互联网,A轮,20-99人,中基凌云科技有限公司
北京,Android开发工程师,22.5,1-3年,本科,互联网,A轮,20-99人,集思学院
北京,安卓开发师,15.0,3-5年,本科,生活服务,A轮,20-99人,Wake
北京,Android,22.5,3-5年,本科,互联网,A轮,20-99人,测测星座
北京,高级安卓工程师,20.0,5-10年,本科,移动互联网,未融资,20-99人,中电玺客信用服务
北京,安卓程序开发,19.5,1-3年,本科,移动互联网,不需要融资,20-99人,非得通证
北京,Android专家（T6以上）,52.5,5-10年,本科,互联网,,20-99人,分享动力
北京,高级Android开发工程师,15.0,3-5年,本科,社交网络,不需要融资,20-99人,红外高科
北京,Android开发工程师,20.5,3-5年,本科,互联网,A轮,20-99人,布本智能
北京,Android,9.5,1年以内,学历不限,媒体,未融资,20-99人,韭菜科技
北京,Android工程师,11.5,3-5年,学历不限,移动互联网,未融资,20-99人,互腾科技
北京,Android,15.0,3-5年,大专,互联网,不需要融资,20-99人,爱码科晟
北京,Android,9.5,1-3年,本科,数据服务,不需要融资,20-99人,一牧科技
北京,Android专家,50.0,5-10年,本科,互联网,,20-99人,分享动力
北京,Android开发工程师,16.0,3-5年,本科,移动互联网,天使轮,20-99人,历时科技
北京,Android高级研发工程师,30.0,3-5年,本科,互联网,,20-99人,铛铛科技
北京,Android（OpenGL es）工程师,15.0,3-5年,大专,互联网,未融资,20-99人,北京麦迪花园
北京,Android开发,12.5,3-5年,学历不限,互联网,天使轮,20-99人,阳光沙滩
北京,Android开发工程师,20.0,3-5年,本科,媒体,未融资,20-99人,栩栩华生
北京,Android工程师,8.0,1-3年,本科,智能硬件,未融资,20-99人,富和双盛
北京,Android,10.0,3-5年,大专,互联网,,20-99人,鑫萌橙科技
北京,Android开发工程师,32.5,3-5年,本科,智能硬件,A轮,20-99人,北京未动科技有限公司
北京,Android架构师/android负责人,42.0,5-10年,本科,互联网,,20-99人,分享动力
北京,android 高级工程师,21.5,1-3年,本科,在线教育,A轮,20-99人,希子
北京,安卓开发工程师,14.5,3-5年,本科,移动互联网,A轮,20-99人,真信网络
北京,Android开发工程师,11.5,3-5年,本科,医疗健康,未融资,20-99人,基层医联网
北京,Android工程师,10.5,1-3年,本科,人力资源服务,,20-99人,浩发德优信息咨询
北京,高级android framework工程师,27.0,3-5年,本科,计算机硬件,A轮,20-99人,nreal.ai
北京,广告SDK-Android开发,22.5,3-5年,本科,移动互联网,A轮,20-99人,北京柒捌玖零科技信息
北京,Android开发工程师,17.5,3-5年,本科,游戏,,20-99人,卓娱
北京,Android高级开发工程师,25.0,3-5年,本科,互联网,,20-99人,知识传趣
北京,Android,9.0,经验不限,本科,智能硬件,未融资,20-99人,汇研中科
北京,Android开发工程师,22.5,1-3年,本科,互联网,A轮,20-99人,Owlii
北京,Android驱动工程师,22.5,3-5年,本科,智能硬件,不需要融资,20-99人,沃德网络
北京,Android研发工程师,37.5,3-5年,本科,移动互联网,未融资,20-99人,火萤
北京,Android,11.0,1-3年,本科,计算机软件,A轮,20-99人,中云动力
北京,android开发工程师,20.0,经验不限,学历不限,互联网,,20-99人,财客钱包
北京,安卓开发工程师,22.5,3-5年,大专,互联网,未融资,20-99人,互动阳光
北京,Android高级研发工程师,16.0,1-3年,本科,移动互联网,未融资,20-99人,北京惠盛科技有限...
北京,安卓工程师,40.0,3-5年,本科,互联网,A轮,20-99人,右划科技
北京,Android开发,18.0,3-5年,本科,计算机软件,不需要融资,20-99人,秀健身
北京,Android开发工程师,7.5,1-3年,本科,互联网,A轮,20-99人,数联领航
北京,Android研发工程师,22.5,1-3年,本科,互联网,不需要融资,20-99人,青岳科技
北京,高级Android开发工程师,26.5,3-5年,本科,社交网络,A轮,20-99人,彼尔森未来
北京,Android 开发工程师,21.5,3-5年,本科,智能硬件,A轮,20-99人,盛世辉智控
北京,Android,27.5,5-10年,本科,移动互联网,C轮,20-99人,三合兴元
北京,Android,20.0,1-3年,本科,音乐/视频/阅读,,20-99人,中国票务网
北京,高级Android开发工程师/专家,30.0,3-5年,本科,互联网,A轮,20-99人,Owlii
北京,Android,17.5,3-5年,本科,广播/影视,A轮,20-99人,新光院线
北京,Android,12.5,1年以内,本科,医疗健康,不需要融资,20-99人,康宁瑞通
北京,Android,12.5,1-3年,本科,社交网络,未融资,20-99人,艺视介
北京,Android,11.0,1-3年,大专,O2O,A轮,20-99人,麦麦文化
北京,安卓高级开发工程师,27.5,3-5年,本科,移动互联网,天使轮,20-99人,秀芳华
北京,Android,7.0,应届生,学历不限,互联网金融,不需要融资,20-99人,智海舟
北京,Android开发工程师,18.0,经验不限,本科,计算机软件,A轮,20-99人,源极科技
北京,Android安卓开发工程师,15.0,经验不限,本科,生活服务,A轮,20-99人,博然时代
北京,android开发工程师,8.5,应届生,本科,互联网,不需要融资,20-99人,奇妙王国
北京,Android,20.0,3-5年,本科,在线教育,,20-99人,众答科技
北京,Android工程师,25.0,3-5年,本科,互联网,B轮,20-99人,办公逸
北京,Android,10.0,1-3年,本科,互联网,未融资,20-99人,帕菲特通信
北京,高级Android开发工程师/专家,30.0,5-10年,本科,互联网,A轮,20-99人,Owlii
北京,Android  安卓高级,14.0,1-3年,本科,互联网,A轮,20-99人,魔利互通
北京,Android,14.0,1-3年,本科,互联网,A轮,20-99人,北京先声教育
北京,Android开发工程师,15.0,1-3年,本科,互联网,A轮,20-99人,黑咔相机
北京,Android,15.0,3-5年,本科,计算机软件,,20-99人,北京中园搏望科技...
北京,Android,15.0,3-5年,本科,计算机软件,A轮,20-99人,翔创科技
北京,Android工程师,22.5,3-5年,本科,移动互联网,未融资,20-99人,中电玺客信用服务
北京,Android开发工程师,22.5,1-3年,本科,移动互联网,A轮,20-99人,摩尔妈妈
北京,Android,13.5,3-5年,本科,移动互联网,A轮,20-99人,驼队
北京,高级安卓开发工程师,19.0,3-5年,本科,互联网,不需要融资,20-99人,奇妙王国
北京,Android,20.0,3-5年,本科,移动互联网,,20-99人,众乐乐
北京,Android工程师,22.5,1-3年,本科,互联网,A轮,20-99人,GSC光速链
北京,高级Android开发工程师,30.0,1-3年,本科,社交网络,A轮,20-99人,拉克沙网络科技
北京,资深 Android 工程师,25.0,3-5年,学历不限,互联网,A轮,20-99人,LeanCloud
北京,Android开发工程师,11.5,1-3年,本科,互联网,A轮,20-99人,最库
北京,Android技术总监,35.0,5-10年,本科,社交网络,B轮,20-99人,无限引力
北京,Android工程师,20.0,3-5年,本科,互联网,未融资,20-99人,奥义状
北京,安卓开发工程师,12.5,3-5年,本科,移动互联网,A轮,20-99人,好递
北京,Android,12.5,3-5年,本科,移动互联网,不需要融资,20-99人,微蓝畅享
北京,安卓驱动工程师,12.5,3-5年,本科,计算机硬件,,20-99人,霹雳五号
北京,Android工程师,15.0,3-5年,学历不限,广播/影视,未融资,20-99人,领誉传媒
北京,Android,8.0,1年以内,本科,学前教育,,20-99人,小童科技
北京,Android开发工程师,20.0,5-10年,本科,计算机服务,天使轮,20-99人,数字传奇
北京,安卓逆向工程师,12.5,3-5年,学历不限,游戏,不需要融资,20-99人,摩丰
北京,Android开发工程师,15.0,1-3年,本科,互联网,A轮,20-99人,kingo指尖互联
北京,Android,21.0,经验不限,本科,移动互联网,A轮,20-99人,黄油相机
北京,中高级安卓开发工程师,12.5,1-3年,本科,移动互联网,天使轮,20-99人,粿宝家
北京,Android开发工程师,20.0,1-3年,本科,互联网,天使轮,20-99人,寻链科技
北京,Android高级开发工程师,30.0,3-5年,本科,移动互联网,A轮,20-99人,彩视
北京,高级安卓开发工程师,13.5,1-3年,本科,移动互联网,A轮,20-99人,好递
北京,安卓游戏开发,7.5,1-3年,大专,游戏,不需要融资,20-99人,摩丰
北京,高级Android开发工程师,25.5,5-10年,本科,互联网,,20-99人,北京安证
北京,Android,4.5,经验不限,大专,互联网,未融资,20-99人,含光网络
北京,Android研发工程师,22.5,1-3年,大专,移动互联网,A轮,20-99人,快如科技
北京,安卓开发工程师,10.0,1-3年,大专,数据服务,不需要融资,20-99人,一牧科技
北京,Android工程师,11.5,3-5年,本科,生活服务,未融资,20-99人,卫民新起点
北京,资深安卓,32.5,3-5年,本科,计算机软件,,20-99人,哨子科技
北京,Android开发工程师,22.5,3-5年,本科,互联网,A轮,20-99人,GSC光速链
北京,高级Android开发工程师,30.0,3-5年,本科,社交网络,A轮,20-99人,拉克沙网络科技
北京,Android 开发工程师,12.5,1-3年,本科,计算机软件,天使轮,20-99人,岚菲科技
北京,Android工程师,16.0,1-3年,大专,互联网,,20-99人,清檬养老
北京,Android开发工程师,9.0,1年以内,本科,移动互联网,未融资,20-99人,蓝凌科技
北京,Android,52.5,5-10年,本科,移动互联网,C轮,20-99人,冲顶
北京,Android开发,8.0,1-3年,本科,计算机软件,不需要融资,20-99人,天创科林科技有限公司
北京,android开发,16.0,3-5年,本科,互联网,A轮,20-99人,动视云科技
北京,Android App开发,22.5,3-5年,本科,数据服务,天使轮,20-99人,好橙科技
北京,Android开发实习生,4.5,应届生,本科,移动互联网,A轮,20-99人,摩尔妈妈
北京,Android高级工程师,25.0,1-3年,本科,互联网,天使轮,20-99人,我声我视
北京,Android开发工程师,9.0,1-3年,本科,医疗健康,A轮,20-99人,遥领医疗科技
北京,资深Android开发工程师,27.5,3-5年,大专,移动互联网,A轮,20-99人,快如科技
北京,Android开发,11.5,3-5年,本科,计算机软件,不需要融资,20-99人,业通信息
北京,Android开发工程师,15.0,3-5年,本科,互联网,未融资,20-99人,北京谷鸟
北京,Android开发工程师,17.5,5-10年,本科,通信/网络设备,B轮,20-99人,丝路网联
北京,安卓开发工程师,25.0,经验不限,学历不限,广播/影视,未融资,20-99人,领誉传媒
北京,android高级开发工程师,12.5,3-5年,学历不限,电子商务,不需要融资,20-99人,北京凤凰林科技
北京,Android 系统开发工程师（BSP/OS底层）,25.0,5-10年,本科,智能硬件,天使轮,20-99人,硬壳科技
北京,android开发工程师,10.0,1-3年,大专,旅游,不需要融资,20-99人,时代漫游国旅
北京,android开发工程师,27.5,5-10年,本科,互联网,不需要融资,20-99人,冠东宏亮
北京,Android开发工程师,20.0,5-10年,本科,智能硬件,未融资,20-99人,智美兴达
北京,Android开发工程师,16.0,3-5年,本科,计算机服务,不需要融资,20-99人,北京孤帆领智能科...
北京,安卓开发工程师,12.5,3-5年,本科,医疗健康,,20-99人,北京臻安芯医疗科技
北京,安卓开发工程师,12.5,3-5年,大专,互联网,B轮,20-99人,智网易联
北京,Android开发工程师,15.0,1-3年,本科,移动互联网,不需要融资,20-99人,腾飞克
北京,安卓高级软件工程师,11.5,1-3年,本科,移动互联网,已上市,20-99人,网高科技
北京,Android开发工程师,12.0,1-3年,大专,移动互联网,未融资,20-99人,万章盈科
北京,安卓开发工程师,12.0,3-5年,本科,互联网,未融资,20-99人,华夏风云
北京,高级android开发工程师,13.5,1-3年,本科,互联网,不需要融资,20-99人,奇妙王国
北京,安卓开发工程师,20.0,3-5年,本科,计算机硬件,,20-99人,霹雳五号
北京,高级Android开发工程师,20.0,3-5年,本科,移动互联网,B轮,20-99人,Insight Chain
北京,安卓开发工程师,8.5,1-3年,大专,学术/科研,,20-99人,思悟天
北京,Android开发工程师,11.5,3-5年,本科,互联网,A轮,20-99人,未来之音
北京,Android开发工程师,10.0,1-3年,本科,互联网,不需要融资,20-99人,风扬天顺
北京,android研发工程师,20.0,3-5年,本科,移动互联网,B轮,20-99人,美歌科技
北京,android开发工程师,17.5,1-3年,学历不限,电子商务,A轮,20-99人,淘好货
北京,高级Android开发工程师,17.5,5-10年,本科,智能硬件,,20-99人,禧云信息科技
北京,安卓高级开发工程师,31.5,3-5年,本科,在线教育,未融资,20-99人,葡萄智学
北京,Android应用开发,12.5,1-3年,本科,智能硬件,天使轮,20-99人,杭州任你说
北京,android 高级\资深开发工程师,26.5,3-5年,本科,移动互联网,不需要融资,20-99人,云粒智慧
北京,Android开发工程师,15.0,3-5年,本科,文化/体育/娱乐,不需要融资,20-99人,北京人人彩
北京,安卓开发工程师,30.0,3-5年,本科,互联网金融,未融资,20-99人,币投
北京,Android（kotlin）开发工程师,22.5,3-5年,学历不限,互联网,A轮,20-99人,厦门链平方
北京,Android开发工程师,13.5,3-5年,本科,计算机软件,未融资,20-99人,弋飞信息
北京,java/C/C++/python/C#/vb/安卓招幕兼职写手,4.5,经验不限,本科,计算机软件,天使轮,20-99人,行云科技
北京,高级Android研发工程师,22.5,3-5年,大专,互联网,未融资,20-99人,微钓科技
北京,安卓/IOS测试工程师,10.0,1-3年,本科,移动互联网,已上市,20-99人,网高科技
北京,Android开发工程师,8.0,1-3年,大专,互联网,不需要融资,20-99人,北京医叮科技有限公司
北京,Android技术总监/技术专家,30.0,10年以上,本科,社交网络,B轮,20-99人,无限引力
北京,Android逆向开发工程师,20.0,3-5年,本科,在线教育,A轮,20-99人,家长家
北京,Android,12.5,1-3年,本科,游戏,B轮,20-99人,Y2Game
北京,android开发工程师,9.0,1-3年,本科,移动互联网,C轮,20-99人,曙光无限
北京,Android驱动开发工程师,22.5,1-3年,本科,智能硬件,不需要融资,20-99人,沃德网络
北京,Android移动开发工程师,27.5,1-3年,本科,互联网,C轮,20-99人,newsdog
北京,Android开发高级工程师,18.5,3-5年,本科,媒体,A轮,20-99人,功夫财经
北京,高级Android开发工程师,20.0,3-5年,本科,计算机服务,天使轮,20-99人,数字传奇
北京,Android,9.5,1年以内,本科,广告营销,A轮,20-99人,星系互联
北京,android,11.5,1-3年,本科,计算机软件,,20-99人,上海印岩
北京,高级Android工程师,30.0,3-5年,本科,移动互联网,未融资,20-99人,云京科技
北京,IPTV盒子/OTT Android应用开发,12.5,3-5年,本科,智能硬件,天使轮,20-99人,杭州任你说
北京,Android 安卓开发工程师,11.5,1-3年,本科,计算机软件,天使轮,20-99人,卓视智通
北京,C++安卓内核SDK研发工程师,30.0,3-5年,本科,计算机软件,A轮,20-99人,北京快数
北京,Android研发工程师,22.5,3-5年,大专,社交网络,天使轮,20-99人,酷皮科技
北京,安卓开发工程师,16.5,5-10年,本科,计算机软件,A轮,20-99人,翔创科技
北京,android高级开发工程师,30.0,3-5年,本科,人力资源服务,,20-99人,艾思
北京,高级ANDROID开发工程师,22.5,3-5年,本科,移动互联网,不需要融资,20-99人,STEY
北京,Android工程师,20.0,1-3年,本科,互联网,B轮,20-99人,非凡维格
北京,Android开发,23.0,5-10年,本科,计算机服务,未融资,20-99人,万智千鸿
北京,安卓开发工程师1807A,15.0,1-3年,本科,互联网,不需要融资,20-99人,贝泰科技
北京,Android,12.5,3-5年,本科,广告营销,不需要融资,20-99人,九点金视
北京,android/ios软件开发工程师,7.5,1年以内,本科,移动互联网,C轮,20-99人,曙光无限
北京,安卓开发,27.5,3-5年,本科,企业服务,A轮,20-99人,KuickDeal
北京,Android开发工程师（至少中级）,28.5,3-5年,本科,互联网,未融资,20-99人,远东诚信
北京,Android,22.5,5-10年,本科,互联网,A轮,20-99人,懒人互动
北京,高级Android开发工程师/开发经理,21.5,5-10年,本科,移动互联网,,20-99人,逸途科技
北京,Android高级程序员,12.5,3-5年,本科,计算机软件,A轮,20-99人,超维科技
北京,Android高级工程师,37.5,经验不限,学历不限,移动互联网,未融资,20-99人,思考方舟
北京,Android高级工程师,17.5,3-5年,大专,互联网,A轮,20-99人,平行者科技
北京,Android开发工程师,20.0,3-5年,硕士,移动互联网,天使轮,20-99人,优学链
北京,安卓开发工程师,10.0,3-5年,大专,企业服务,A轮,20-99人,北京拾级科技有限公司
北京,Android工程师,12.5,3-5年,本科,通信/网络设备,不需要融资,20-99人,易店铺
北京,Android开发工程师,12.5,3-5年,本科,文化/体育/娱乐,,20-99人,金艺桥艺术
北京,Android,15.0,3-5年,本科,互联网,未融资,20-99人,互联时刻
北京,安卓工程师,10.0,1-3年,大专,O2O,A轮,20-99人,搬运帮
北京,android软件开发工程师,10.5,3-5年,本科,通信/网络设备,未融资,20-99人,北斗时空
北京,Android开发工程师 【西安】,20.0,3-5年,大专,移动互联网,A轮,20-99人,逆袭
北京,安卓开发工程师,20.0,3-5年,本科,互联网,A轮,20-99人,黑咔相机
北京,Android工程师,10.0,3-5年,本科,数据服务,B轮,20-99人,中金标准数据
北京,Android,12.5,1-3年,本科,智能硬件,A轮,20-99人,潜行科技
北京,Android高级系统开发工程师,30.0,3-5年,本科,企业服务,A轮,20-99人,虎鲸跳跃
北京,Android开发工程师,15.0,3-5年,本科,互联网,,20-99人,原力筑成
北京,Android开发工程师,26.5,5-10年,本科,移动互联网,A轮,20-99人,看了吗视频
北京,android工程师,15.0,5-10年,本科,互联网,未融资,20-99人,食安云
北京,Android,11.0,1-3年,本科,移动互联网,,20-99人,神州腾达
北京,Android中级工程师,11.5,1-3年,本科,信息安全,未融资,20-99人,芯力达
北京,高级安卓工程师,10.0,1-3年,本科,数据服务,B轮,20-99人,中金标准数据
北京,安卓开发工程师,25.0,3-5年,大专,互联网,未融资,20-99人,远元健康
北京,安卓开发工程师,17.5,3-5年,学历不限,在线教育,未融资,20-99人,知了点点
北京,Android,12.5,1-3年,大专,互联网,不需要融资,20-99人,拿云智成
北京,Android工程师,12.5,3-5年,学历不限,电子商务,不需要融资,20-99人,北京奢易拍
北京,android开发工程师,13.5,1-3年,大专,互联网,,20-99人,中通网络
北京,安卓研发工程师,20.0,1-3年,本科,移动互联网,B轮,20-99人,包子科技
北京,Android,10.5,3-5年,大专,工程施工,已上市,100-499人,天巨天下
北京,Android,18.0,1-3年,本科,移动互联网,C轮,100-499人,小年糕
北京,Android,15.0,1-3年,本科,互联网,不需要融资,100-499人,北京理工新源
北京,Android开发工程师,20.0,3-5年,本科,媒体,不需要融资,100-499人,1905电影网
北京,Android,15.0,1-3年,大专,互联网,C轮,100-499人,洋葱数学
北京,Android,15.0,1年以内,本科,移动互联网,C轮,100-499人,华捷艾米
北京,安卓,28.5,5-10年,本科,培训机构,A轮,100-499人,外教易
北京,android兼职,12.5,3-5年,本科,广告营销,不需要融资,100-499人,九易广告
北京,Android 开发工程师,21.5,1-3年,本科,移动互联网,D轮及以上,100-499人,快看世界
北京,Android,22.5,3-5年,本科,汽车生产,B轮,100-499人,智车优行
北京,Android,15.0,3-5年,本科,智能硬件,A轮,100-499人,神州安付
北京,安卓工程师,13.5,1-3年,本科,广播/影视,不需要融资,100-499人,壹元影业
北京,Android,17.0,经验不限,大专,移动互联网,A轮,100-499人,北京分钟时代
北京,Android,22.5,3-5年,本科,互联网,B轮,100-499人,北京雷石
北京,Android,22.5,3-5年,本科,移动互联网,C轮,100-499人,华捷艾米
北京,安卓高级工程师,32.5,5-10年,本科,数据服务,不需要融资,100-499人,柯贝互动
北京,Android架构leader,40.0,5-10年,本科,互联网金融,C轮,100-499人,AKULAKU
北京,Android 高级工程师,30.0,3-5年,学历不限,互联网,C轮,100-499人,洋葱数学
北京,Android工程师,10.5,1-3年,本科,音乐/视频/阅读,不需要融资,100-499人,首和
北京,Android 中级架构师,27.5,3-5年,本科,移动互联网,D轮及以上,100-499人,快看世界
北京,Android 资深架构师,37.5,5-10年,本科,移动互联网,D轮及以上,100-499人,快看世界
北京,Android驱动工程师,13.5,3-5年,大专,智能硬件,未融资,100-499人,集智达智能
北京,中级测试（Android）,15.0,1-3年,本科,计算机软件,不需要融资,100-499人,联创世界
北京,高级Android工程师,30.0,5-10年,本科,互联网,B轮,100-499人,新东方教研院
北京,android应用开发工程师,30.0,3-5年,本科,互联网,不需要融资,100-499人,汉德咨询
北京,Android工程师,15.5,3-5年,本科,广告营销,不需要融资,100-499人,九易广告
北京,安卓工程师,10.0,3-5年,本科,工程施工,已上市,100-499人,天巨天下
北京,Android开发工程师,20.0,3-5年,本科,在线教育,A轮,100-499人,新东方渔塘科技
北京,高级Android工程师,20.0,5-10年,本科,在线教育,A轮,100-499人,你我他科技
北京,Android 高级开发工程师,27.5,3-5年,本科,移动互联网,D轮及以上,100-499人,快看世界
北京,Android开发工程师,19.0,3-5年,本科,互联网,未融资,100-499人,网讯达
北京,高级android工程师,25.0,3-5年,本科,移动互联网,D轮及以上,100-499人,掌通未来科技
北京,Android 资深开发工程师,35.0,5-10年,本科,移动互联网,D轮及以上,100-499人,快看世界
北京,高级安卓开发,20.0,3-5年,本科,互联网,A轮,100-499人,北京走出趣科技
北京,安卓开发工程师,15.0,3-5年,本科,通信/网络设备,不需要融资,100-499人,天舟通信
北京,Android 资深开发工程师-图片方向,35.0,5-10年,本科,移动互联网,D轮及以上,100-499人,快看世界
北京,Android开发工程师,28.0,3-5年,本科,计算机软件,C轮,100-499人,格灵深瞳
北京,安卓开发工程师,25.0,3-5年,本科,互联网,A轮,100-499人,艾瓦特
北京,Android开发工程师,27.5,1-3年,本科,咨询,,100-499人,北京宏泰
北京,Android技术专家,40.0,5-10年,本科,移动互联网,B轮,100-499人,凯叔讲故事
北京,Android开发工程师,12.5,3-5年,本科,计算机软件,,100-499人,天汇创业
北京,Android研发工程师,22.5,3-5年,本科,互联网,A轮,100-499人,新特电动汽车
北京,安卓开发工程师,8.0,1-3年,大专,互联网,不需要融资,100-499人,爱盈利
北京,Android 资深开发工程师-音视频方向,35.0,5-10年,本科,移动互联网,D轮及以上,100-499人,快看世界
北京,Android,13.0,3-5年,本科,医疗健康,不需要融资,100-499人,科技文献
北京,Android高级开发工程师,52.5,3-5年,本科,移动互联网,不需要融资,100-499人,忽客时代（北京）...
北京,高级安卓开发工程师,27.5,10年以上,本科,互联网,B轮,100-499人,金控数据股份
北京,高级Android安全工程师,30.0,3-5年,本科,游戏,B轮,100-499人,创星互娱
北京,Android开发,20.0,3-5年,本科,汽车生产,不需要融资,100-499人,ZD
北京,android开发工程师,12.5,1-3年,本科,计算机软件,,100-499人,中软好泰科技
北京,Android,22.5,3-5年,本科,移动互联网,A轮,100-499人,小码联城
北京,Android开发工程师,30.0,5-10年,本科,在线教育,天使轮,100-499人,快陪练
北京,Android开发工程师,11.0,1-3年,本科,互联网金融,不需要融资,100-499人,集联软件
北京,Android开发工程师,22.5,3-5年,本科,互联网,B轮,100-499人,比链科技
北京,Android高级开发工程师,32.5,5-10年,本科,移动互联网,D轮及以上,100-499人,橙光游戏中心
北京,Android 开发工程师,21.5,3-5年,本科,智能硬件,不需要融资,100-499人,问众智能
北京,Android开发工程师,22.5,3-5年,大专,电子商务,未融资,100-499人,东方红马
北京,Android高级开发工程师,24.0,3-5年,本科,互联网,A轮,100-499人,锋巢信息
北京,高级Android开发工程师,25.0,5-10年,本科,数据服务,B轮,100-499人,朗镜科技
北京,安卓（APP）开发工程师,17.5,1-3年,本科,移动互联网,C轮,100-499人,华捷艾米
北京,高级Android开发工程师,30.0,3-5年,本科,互联网,B轮,100-499人,Kika tech
北京,Android开发工程师,22.5,5-10年,本科,移动互联网,不需要融资,100-499人,E人E本
北京,高级安卓系统开发工程师,33.0,3-5年,本科,培训机构,,100-499人,北京爱欣文化发展...
北京,IOS（Android）研发工程师,27.5,3-5年,本科,互联网,不需要融资,100-499人,天地雷电
北京,Android讲师,18.5,5-10年,大专,在线教育,未融资,100-499人,积云教育
北京,高级android开发工程师,27.5,3-5年,本科,移动互联网,D轮及以上,100-499人,掌通未来科技
北京,安卓系统开发工程师,20.0,1-3年,本科,智能硬件,D轮及以上,100-499人,汉朔科技
北京,安卓开发,15.0,3-5年,本科,汽车生产,不需要融资,100-499人,ZD
北京,Android工程师,16.5,3-5年,本科,移动互联网,D轮及以上,100-499人,快看世界
北京,车机端中控Android研发工程师,22.5,3-5年,本科,互联网,A轮,100-499人,新特电动汽车
北京,无人机飞控APP开发工程师（Android）,20.0,3-5年,本科,数据服务,A轮,100-499人,星闪世图New3S
北京,Android,4.5,1年以内,本科,互联网金融,B轮,100-499人,界面网
北京,Android高级讲师,16.5,5-10年,大专,在线教育,未融资,100-499人,积云教育
北京,资深Android Framework系统开发工程师,30.0,5-10年,本科,移动互联网,C轮,100-499人,海马玩
北京,Android开发,22.5,3-5年,本科,互联网,已上市,100-499人,捷通华声
北京,Android开发,25.0,3-5年,大专,互联网,B轮,100-499人,新东方教研院
北京,Android中级工程师,15.0,1-3年,学历不限,移动互联网,未融资,100-499人,银河创想
北京,Android framework研发,11.5,1-3年,本科,计算机服务,未融资,100-499人,企顺
北京,Android开发工程师,15.0,经验不限,本科,互联网,A轮,100-499人,三节课
北京,Android开发,12.5,1-3年,本科,互联网,B轮,100-499人,一撕得
北京,Android工程师,22.5,3-5年,本科,音乐/视频/阅读,不需要融资,100-499人,硬核聚视
北京,Senior Software engineers（Android）,22.5,经验不限,本科,通信/网络设备,已上市,100-499人,POLYCOM
北京,Android开发工程师,12.5,3-5年,大专,地产经纪/中介,不需要融资,100-499人,明良海外
北京,Android开发,14.0,3-5年,本科,互联网,未融资,100-499人,展鸿科技
北京,android开发工程师,30.0,3-5年,大专,社交网络,A轮,100-499人,众乐网视
北京,Android广告SDK开发工程师,20.0,3-5年,本科,广告营销,A轮,100-499人,畅思广告
北京,Android 驱动开发工程师,17.5,1-3年,本科,计算机服务,未融资,100-499人,企顺
北京,android开发工程师,11.0,3-5年,本科,互联网,A轮,100-499人,京品高科
北京,Android JNI开发工程师 ,21.0,3-5年,本科,移动互联网,C轮,100-499人,华捷艾米
北京,ANDROID ROM,22.5,经验不限,本科,互联网,不需要融资,100-499人,众筹网
北京,Android工程师（15亿用户）,30.0,3-5年,本科,互联网,B轮,100-499人,茄子快传
北京,Android开发工程师,22.5,3-5年,本科,计算机服务,,100-499人,新中新友财
北京,Android开发工程师,20.5,5-10年,本科,在线教育,未融资,100-499人,托普朗宁
北京,Android工程师（C/C++双技术栈）,27.0,3-5年,本科,互联网,B轮,100-499人,北京雷石
北京,Android开发工程师,15.0,1-3年,本科,移动互联网,C轮,100-499人,小年糕
北京,Android,20.0,3-5年,本科,在线教育,A轮,100-499人,新东方渔塘科技
北京,Android驱动工程师,30.0,5-10年,本科,智能硬件,A轮,100-499人,创视赛维
北京,android开发工程师,20.0,1-3年,本科,互联网,已上市,100-499人,捷通华声
北京,Android,22.5,3-5年,本科,移动互联网,A轮,100-499人,中搜搜悦
北京,Android Framework高级开发,20.0,3-5年,本科,智能硬件,A轮,100-499人,新石器科技
北京,Android培训讲师,18.0,3-5年,本科,互联网,A轮,100-499人,蓝鸥科技
北京,Android,20.0,1-3年,本科,计算机软件,C轮,100-499人,北京易掌云峰
北京,android高级讲师,21.0,3-5年,大专,在线教育,未融资,100-499人,积云教育
北京,Android项目经理（讲师）,20.0,5-10年,大专,在线教育,未融资,100-499人,积云教育
北京,Android应用开发工程师,25.0,1-3年,本科,智能硬件,B轮,100-499人,roobo
北京,Android及前端开发工程师,13.5,1-3年,本科,互联网,,100-499人,睿驰达
北京,Android,10.5,1-3年,大专,计算机软件,不需要融资,100-499人,泰德合众
北京,Android高级研发工程师,25.0,3-5年,本科,在线教育,D轮及以上,100-499人,考虫网
北京,Android高级研发工程师,15.0,3-5年,本科,电子商务,B轮,100-499人,壹号美
北京,Android软件开发工程师,14.0,1-3年,硕士,通信/网络设备,C轮,100-499人,中科晶上
北京,Android高级开发工程师,27.5,5-10年,本科,在线教育,天使轮,100-499人,快陪练
北京,Android系统工程师,20.0,3-5年,本科,互联网,A轮,100-499人,声智科技
北京,Android,33.5,3-5年,本科,互联网,A轮,100-499人,蓝海在线
北京,安卓系统开发工程师,16.5,3-5年,本科,智能硬件,A轮,100-499人,新石器科技
北京,Android,23.0,5-10年,本科,智能硬件,B轮,100-499人,云迹科技
北京,Android framework工程师,22.5,3-5年,本科,互联网,A轮,100-499人,Pico VR
北京,Android技术经理,40.0,5-10年,本科,移动互联网,B轮,100-499人,凯叔讲故事
北京,Android平台应用开发,12.5,1-3年,大专,计算机服务,未融资,100-499人,企顺
北京,Android工程师,20.0,3-5年,本科,在线教育,天使轮,100-499人,快陪练
北京,Android framework,27.5,5-10年,大专,智能硬件,不需要融资,100-499人,问众智能
北京,Android,18.0,3-5年,本科,移动互联网,B轮,100-499人,甘来信息科技
北京,Android开发工程师,18.0,1-3年,本科,互联网,A轮,100-499人,天天乐学
北京,Android,9.5,1-3年,本科,移动互联网,C轮,100-499人,云狐时代
北京,Android开发工程师,17.5,5-10年,本科,企业服务,未融资,100-499人,卅思云科技
北京,安卓开发工程师,17.5,1-3年,本科,企业服务,B轮,100-499人,数盟网络
北京,Android资深用户试用问题分析工程师,17.0,5-10年,本科,计算机服务,未融资,100-499人,企顺
北京,高级Android开发工程师,20.0,3-5年,本科,互联网,A轮,100-499人,Pico VR
北京,Android,20.0,3-5年,本科,电子商务,C轮,100-499人,拍库
北京,Android移动技术经理,60.0,5-10年,本科,社交网络,B轮,100-499人,美篇
北京,Android 开发,15.0,经验不限,学历不限,互联网,未融资,100-499人,江云虹欣
北京,Android,15.0,经验不限,本科,移动互联网,未融资,100-499人,鼎阅集团
北京,Android软件开发实习生,2.5,经验不限,硕士,通信/网络设备,C轮,100-499人,中科晶上
北京,Android,25.0,3-5年,本科,互联网,未融资,100-499人,小熊博望
北京,Android高级开发工程师,22.5,5-10年,本科,计算机软件,不需要融资,100-499人,泰德合众
北京,安卓开发工程师,12.5,1-3年,本科,在线教育,未融资,100-499人,时代云图
北京,Android高级开发工程师,27.5,3-5年,本科,互联网,A轮,100-499人,天天乐学
北京,Android SDK工程师,37.5,3-5年,本科,互联网,B轮,100-499人,易观智库
北京,兼职Android需要坐班,15.0,1-3年,本科,互联网,不需要融资,100-499人,易美健
北京,高级android 或leader,45.0,5-10年,本科,移动互联网,,100-499人,举人在线
北京,Android工程师,45.0,3-5年,本科,互联网,B轮,100-499人,Kika tech
北京,Android研发,26.5,3-5年,本科,移动互联网,C轮,100-499人,夜神数娱
北京,Android高级工程师,30.0,3-5年,本科,移动互联网,B轮,100-499人,Apus Group
北京,Android,26.0,3-5年,本科,互联网,A轮,100-499人,互动作业
北京,Android开发,30.0,5-10年,大专,智能硬件,不需要融资,100-499人,问众智能
北京,android开发工程师,37.5,3-5年,本科,互联网,D轮及以上,100-499人,探探
北京,安卓开发工程师,22.5,5-10年,本科,汽车生产,不需要融资,100-499人,ZD
北京,Android开发工程师,15.0,1-3年,本科,计算机软件,A轮,100-499人,拓课云
北京,高级安卓工程师,15.0,3-5年,大专,移动互联网,不需要融资,100-499人,聚点互动
北京,安卓开发,12.0,经验不限,大专,计算机软件,天使轮,100-499人,金泰亚盛
北京,Android工程师,37.5,5-10年,本科,移动互联网,,100-499人,睿知博祥
北京,安卓高级工程师,25.0,5-10年,本科,培训机构,A轮,100-499人,外教易
北京,Android开发工程师,30.0,5-10年,本科,互联网,A轮,100-499人,币世界
北京,安卓高级开发工程师,35.0,5-10年,学历不限,移动互联网,未融资,100-499人,国信安石
北京,Android开发工程师,30.0,1-3年,本科,在线教育,B轮,100-499人,启萌教育科技有限公司
北京,安卓研发工程师,20.0,1-3年,本科,移动互联网,不需要融资,100-499人,iHandy
北京,Android技术支持实习生,2.5,应届生,本科,互联网,A轮,100-499人,Pico VR
北京,Android开发经理,30.0,3-5年,本科,互联网,不需要融资,100-499人,大地宏图
北京,Android开发工程师,22.5,1-3年,本科,互联网,A轮,100-499人,懒投资
北京,Android开发工程师,18.5,3-5年,本科,汽车生产,不需要融资,100-499人,ZD
北京,Android 高级开发工程师,30.0,3-5年,本科,互联网,B轮,100-499人,APUS
北京,Android音视频工程师,60.0,3-5年,本科,音乐/视频/阅读,不需要融资,100-499人,优贝在线
北京,移动开发 Android,13.0,3-5年,大专,移动互联网,A轮,100-499人,三才科技
北京,安卓工程师,6.0,1-3年,大专,互联网,,100-499人,中超嘉业
北京,Android开发leader,37.5,5-10年,本科,移动互联网,B轮,100-499人,Apus Group
北京,Android开发工程师,20.0,3-5年,本科,互联网,不需要融资,100-499人,易美健
北京,Android 语音开发工程师,18.5,3-5年,本科,汽车生产,不需要融资,100-499人,ZD
北京,Android工程师,16.0,3-5年,大专,培训机构,未融资,100-499人,墨水科技
北京,安卓开发工程师,12.5,1-3年,本科,电子商务,不需要融资,100-499人,海通安恒
北京,Android开发工程师,10.5,3-5年,本科,移动互联网,未融资,100-499人,齐力众信
北京,Android实习生,4.5,应届生,本科,互联网金融,B轮,100-499人,界面网
北京,安卓开发高级工程师,18.0,3-5年,本科,移动互联网,C轮,100-499人,小年糕
北京,Android高级工程师,25.0,5-10年,本科,移动互联网,不需要融资,100-499人,点众科技
北京,安卓开发工程师,17.5,5-10年,本科,计算机软件,不需要融资,100-499人,华晨弘毅
北京,Android开发工程师,14.0,3-5年,本科,互联网,不需要融资,100-499人,时代今典
北京,Android底层开发工程师,20.0,3-5年,本科,汽车生产,不需要融资,100-499人,ZD
北京,智能应用Android工程师,17.5,3-5年,本科,汽车生产,B轮,100-499人,智车优行
北京,Android测试工程师,12.5,1-3年,本科,汽车生产,不需要融资,100-499人,ZD
北京,Android动漫开发,12.5,3-5年,大专,互联网,C轮,100-499人,黑岩
北京,Android开发工程师,10.0,1-3年,本科,计算机软件,不需要融资,100-499人,中世顺科技
北京,Android应用开发工程师,22.5,3-5年,本科,互联网,A轮,100-499人,Pico VR
北京,android开发工程师,12.5,1-3年,本科,媒体,B轮,100-499人,昆尚传媒
北京,Android开发工程师,12.5,3-5年,本科,医疗健康,A轮,100-499人,北京易飞华通
北京,Android中级工程师(J10222),20.0,1-3年,本科,O2O,D轮及以上,100-499人,小猪短租
北京,android开发工程师,15.0,1-3年,本科,企业服务,D轮及以上,100-499人,中投视讯
北京,安卓APP开发工程师,17.0,3-5年,本科,汽车生产,不需要融资,100-499人,ZD
北京,Android开发工程师,22.5,1-3年,学历不限,计算机软件,C轮,100-499人,格灵深瞳
北京,Android客户端开发,22.0,3-5年,本科,音乐/视频/阅读,不需要融资,100-499人,优贝在线
北京,Android 开发工程师,20.0,3-5年,本科,互联网,不需要融资,100-499人,爱满分
北京,Android开发工程师,20.0,1-3年,本科,移动互联网,B轮,100-499人,诸葛找房网
北京,安卓,17.5,3-5年,本科,贸易/进出口,,100-499人,广州赤骥商贸有限公司
北京,工具类安卓研发,22.5,3-5年,本科,移动互联网,C轮,100-499人,夜神数娱
北京,安卓开发,12.5,3-5年,本科,物流/仓储,不需要融资,100-499人,易电联
北京,高级Android开发工程师,22.5,1-3年,本科,互联网,已上市,100-499人,捷通华声
北京,高级Android开发工程师,27.5,5-10年,本科,互联网,B轮,100-499人,融云
北京,安卓开发攻城狮,18.0,1-3年,本科,移动互联网,C轮,100-499人,小年糕
北京,Android高级开发工程师,25.0,5-10年,大专,音乐/视频/阅读,A轮,100-499人,中金中富
北京,Android应用开发工程师,17.5,3-5年,大专,汽车生产,B轮,100-499人,智车优行
北京,Android开发工程师,12.5,3-5年,本科,移动互联网,A轮,100-499人,盘缠科技
北京,Android,30.0,3-5年,本科,电子商务,C轮,100-499人,省钱快报
北京,安卓前端开发工程师,19.0,3-5年,本科,汽车生产,不需要融资,100-499人,ZD
北京,安卓研发,19.0,1-3年,本科,移动互联网,C轮,100-499人,夜神数娱
北京,Android 高级开发工程师,30.0,5-10年,本科,互联网,D轮及以上,100-499人,更美app
北京,高级Android工程师,30.0,3-5年,本科,移动互联网,C轮,100-499人,天籁K歌
北京,Android framework,20.0,3-5年,本科,互联网,不需要融资,100-499人,国广通途
北京,Android工程师,13.5,3-5年,本科,计算机软件,已上市,100-499人,怀教网络
北京,Android开发,12.5,1-3年,大专,计算机服务,未融资,100-499人,企顺
北京,Android开发工程师-BJ,23.5,3-5年,本科,计算机软件,不需要融资,100-499人,NeuLion 中国
北京,android开发工程师,12.5,3-5年,本科,计算机软件,,100-499人,纵横盛世软件
北京,Android开发工程师（资深岗）,37.5,5-10年,本科,音乐/视频/阅读,不需要融资,100-499人,优贝在线
北京,安卓开发工程师,21.5,3-5年,本科,互联网,不需要融资,100-499人,蜜小蜂智慧
北京,高级Android开发工程师,32.5,3-5年,本科,互联网,B轮,100-499人,最右
北京,Android系统工程师,20.0,5-10年,本科,智能硬件,不需要融资,100-499人,Libratone小鸟音响
北京,Android 逆向&安全工程师,30.0,3-5年,大专,互联网,B轮,100-499人,APUS
北京,Android开发工程师,12.5,3-5年,本科,数据服务,未融资,100-499人,金水公司
北京,安卓高级开发工程师(J10166),27.5,1-3年,本科,O2O,D轮及以上,100-499人,小猪短租
北京,Android(架构方向),20.0,3-5年,本科,互联网,未融资,100-499人,赞华
北京,高级 Android 开发工程师,30.0,5-10年,本科,电子商务,C轮,100-499人,省钱快报
北京,Android开发工程师,16.0,3-5年,大专,医疗健康,不需要融资,100-499人,科技文献
北京,Android技术经理,31.5,5-10年,本科,电子商务,不需要融资,100-499人,必要商城
北京,android开发工程师,15.0,经验不限,大专,计算机软件,未融资,100-499人,阳光汇点
北京,android开发,15.5,3-5年,大专,计算机软件,B轮,100-499人,云沃客
北京,Android开发工程师,15.0,5-10年,本科,互联网,B轮,100-499人,校内外
北京,高级Android工程师,22.5,3-5年,本科,互联网,C轮,100-499人,The ONE
北京,安卓工程师,12.5,1-3年,本科,互联网,不需要融资,100-499人,爱盈利
北京,高级Android开发工程师,22.5,3-5年,本科,在线教育,已上市,100-499人,教师研修网
北京,android开发工程师,27.5,经验不限,本科,互联网,C轮,100-499人,SENSORO
北京,Android软件工程师,20.0,3-5年,本科,智能硬件,C轮,100-499人,中科虹霸
北京,Android,15.0,3-5年,大专,互联网,未融资,100-499人,全球联
北京,资深Android开发工程师,30.0,5-10年,本科,生活服务,不需要融资,100-499人,友缘在线
北京,安卓开发工程师,15.0,3-5年,大专,移动互联网,D轮及以上,100-499人,分享通信
北京,安卓逆向开发工程师,15.0,1-3年,本科,在线教育,A轮,100-499人,中创梅隆文化
北京,android开发工程师,12.5,3-5年,大专,计算机软件,B轮,100-499人,北京君昱普适软件
北京,资深Android开发工程师,47.5,5-10年,本科,智能硬件,B轮,100-499人,赛格威机器人
北京,Android开发工程师,22.5,3-5年,本科,培训机构,,100-499人,北京爱欣文化发展...
北京,高级安卓开发工程师,40.0,经验不限,本科,音乐/视频/阅读,不需要融资,100-499人,优贝在线
北京,Android开发工程师,15.0,5-10年,本科,计算机软件,不需要融资,100-499人,奥拓思维软件
北京,Android逆向工程师,20.0,3-5年,本科,信息安全,,100-499人,捷兴信源
北京,android开发工程师,12.5,1-3年,本科,计算机软件,未融资,100-499人,圣世信通
北京,高级安卓开发工程师,25.0,3-5年,本科,汽车生产,不需要融资,100-499人,ZD
北京,安卓开发工程师,25.0,1-3年,本科,互联网,A轮,100-499人,艾瓦特
北京,高级Android开发工程师,27.5,5-10年,本科,移动互联网,C轮,100-499人,海马玩
北京,android研发工程师,20.0,3-5年,本科,互联网,已上市,100-499人,听云
北京,Android开发工程师（机器人方向）,22.5,经验不限,本科,智能硬件,已上市,100-499人,希格斯动力
北京,安卓工程师,15.0,3-5年,本科,移动互联网,不需要融资,100-499人,观其科技
北京,资深Android工程师,25.0,5-10年,本科,互联网,B轮,100-499人,一一五科技
北京,android开发,22.5,1-3年,本科,互联网,B轮,100-499人,茄子快传
北京,Android高级开发工程师,22.5,3-5年,本科,移动互联网,C轮,100-499人,华捷艾米
北京,Android测试工程师,22.5,5-10年,本科,智能硬件,不需要融资,100-499人,蜂盒科技
北京,Android开发工程师,17.0,3-5年,本科,在线教育,A轮,100-499人,绿橙幼儿园
北京,Android开发工程师,20.0,3-5年,本科,互联网,已上市,100-499人,捷通华声
北京,Android leader - 新业务,67.5,3-5年,本科,社交网络,B轮,100-499人,博世猫
北京,Android开发工程师,25.0,5-10年,本科,移动互联网,B轮,100-499人,凯叔讲故事
北京,资深Android开发工程师,20.0,3-5年,本科,计算机软件,不需要融资,100-499人,NeuLion 中国
北京,Android工程师,14.0,3-5年,本科,计算机软件,不需要融资,100-499人,旋极百旺
北京,Android开发工程师,25.0,1-3年,本科,互联网,B轮,100-499人,APUS
北京,android高级开发工程师,22.5,3-5年,本科,互联网,天使轮,100-499人,中科在线
北京,Android开发工程师,10.0,1-3年,大专,电子商务,不需要融资,100-499人,海通安恒
北京,Android,20.0,3-5年,本科,互联网,A轮,100-499人,凤凰金融
北京,android工程师,22.5,经验不限,本科,移动互联网,C轮,100-499人,LBE TECH
北京,Android 高级开发工程师,40.0,3-5年,本科,互联网,A轮,100-499人,互动作业
北京,Android,9.0,1-3年,大专,计算机软件,未融资,100-499人,名道恒通
北京,Android开发工程师,11.0,3-5年,本科,数据服务,未融资,100-499人,慧博科技
北京,Android 开发工程师,20.0,1-3年,本科,互联网,B轮,100-499人,微鲤科技
北京,Android开发工程师,22.5,3-5年,大专,互联网,B轮,100-499人,新东方教研院
北京,Android开发工程师,30.0,5-10年,本科,互联网,B轮,100-499人,朗播网
北京,Android驱动工程师,30.0,3-5年,本科,O2O,C轮,100-499人,数衍科技
北京,Android架构师,45.0,5-10年,本科,移动互联网,C轮,100-499人,ApusGroup
北京,高级Android工程师,14.0,3-5年,大专,互联网,不需要融资,100-499人,米尔网
北京,Android工程师,30.0,3-5年,本科,互联网,不需要融资,100-499人,波场
北京,Android高级工程师,22.5,5-10年,本科,互联网,B轮,100-499人,果加智能
北京,Android开发工程师,12.5,经验不限,大专,电子商务,不需要融资,100-499人,海通安恒
北京,Android研发工程师,20.0,1-3年,本科,移动互联网,C轮,100-499人,LBE TECH
北京,Android工程师,22.5,1-3年,本科,移动互联网,D轮及以上,100-499人,快看世界
北京,Android开发工程师,16.0,1-3年,本科,在线教育,A轮,100-499人,顶上英语
北京,高级android研发工程师,32.5,5-10年,大专,互联网,B轮,100-499人,新东方教研院
北京,安卓开发 leader,18.0,3-5年,本科,互联网,B轮,100-499人,美洽
北京,高级Android开发工程师,24.0,5-10年,本科,互联网,A轮,100-499人,考拉FM
北京,Android软件工程师,14.0,1-3年,本科,在线教育,未融资,100-499人,晓芳传媒
北京,安卓系统开发工程师,27.5,3-5年,本科,智能硬件,D轮及以上,100-499人,汉朔科技
北京,android开发工程师,17.5,3-5年,本科,智能硬件,不需要融资,100-499人,蜂盒科技
北京,安卓开发工程师,40.0,3-5年,本科,企业服务,不需要融资,100-499人,优利森
北京,Android开发工程师,17.5,1-3年,本科,互联网金融,不需要融资,100-499人,聚金云服
北京,高/中级Android研发工程师,32.5,5-10年,本科,互联网,未融资,100-499人,鳌背科技
北京,android开发工程师,8.5,1-3年,本科,计算机服务,,100-499人,风度软件
北京,Android高级开发工程师,35.0,5-10年,本科,移动互联网,B轮,100-499人,畅聊天下
北京,高级Android开发工程师,27.5,10年以上,本科,计算机软件,不需要融资,100-499人,奥博杰天软件（西...
北京,Android 资深架构师,40.0,5-10年,本科,智能硬件,不需要融资,100-499人,蜂盒科技
北京,android工程师,15.0,经验不限,本科,互联网,A轮,100-499人,北京走出趣科技
北京,Android开发工程师,14.0,3-5年,本科,互联网,已上市,100-499人,雨林木风
北京,Android 开发,45.0,3-5年,本科,智能硬件,不需要融资,100-499人,问众智能
北京,高级安卓开发工程师,22.5,3-5年,本科,旅游,B轮,100-499人,航旅纵横
北京,Android开发工程师,21.5,3-5年,本科,智能硬件,A轮,100-499人,物灵
北京,移动开发 Android工程师,15.0,3-5年,大专,移动互联网,A轮,100-499人,三才科技
北京,Android,11.0,1-3年,本科,移动互联网,B轮,100-499人,百途互动科技
北京,Android工程师,30.0,3-5年,本科,电子商务,C轮,100-499人,省钱快报
北京,Android JNI开发工程师,18.5,3-5年,本科,移动互联网,C轮,100-499人,华捷艾米
北京,Android开发,13.5,3-5年,本科,互联网,不需要融资,100-499人,齐力
北京,Android,47.5,3-5年,本科,移动互联网,C轮,100-499人,蔚蓝鬼计
北京,Android开发工程师,22.5,5-10年,本科,互联网,B轮,100-499人,果加智能
北京,资深安卓工程师,20.0,3-5年,本科,移动互联网,B轮,100-499人,今目标
北京,Android工程师,9.5,1-3年,大专,互联网,不需要融资,500-999人,鸿程系统
北京,Android工程师,30.0,5-10年,大专,互联网,A轮,500-999人,禧云国际
北京,Android开发工程师,21.0,3-5年,本科,互联网,B轮,500-999人,狸米科技
北京,高级安卓工程师,26.5,5-10年,本科,互联网,不需要融资,500-999人,火币网
北京,安卓前端,23.0,3-5年,本科,互联网,B轮,500-999人,精真估
北京,高级Android开发工程师,30.0,3-5年,本科,互联网金融,未融资,500-999人,民生科技
北京,android开发工程师,13.5,3-5年,本科,计算机软件,,500-999人,三赢伟业科技有限公司
北京,高级Android开发(J10750),27.5,3-5年,本科,互联网金融,已上市,500-999人,58金融
北京,开发工程师/Android/Framework,12.5,1-3年,本科,智能硬件,不需要融资,500-999人,北京握奇数据
北京,高级安卓工程师,20.0,3-5年,本科,电子商务,未融资,500-999人,姿美堂
北京,高级Android研发工程师,20.0,3-5年,本科,互联网,已上市,500-999人,掌阅科技
北京,Android开发工程师,11.5,应届生,本科,互联网,B轮,500-999人,OKCoin
北京,安卓移动端React,24.0,3-5年,本科,互联网,B轮,500-999人,精真估
北京,高级/资深 安卓工程师,30.0,5-10年,本科,互联网,不需要融资,500-999人,火币网
北京,Android高级开发工程师,27.5,3-5年,本科,移动互联网,已上市,500-999人,映客直播
北京,高级Android开发工程师,17.5,3-5年,本科,互联网,不需要融资,500-999人,一米蓝
北京,安卓逆向工程师,15.0,经验不限,本科,计算机软件,不需要融资,500-999人,cfca
北京,Android软件开发工程师中级,11.0,3-5年,大专,电子商务,不需要融资,500-999人,博天下
北京,Android开发工程师,25.0,3-5年,本科,电子商务,未融资,500-999人,姿美堂
北京,Android安全专家,45.0,5-10年,本科,电子商务,未融资,500-999人,姿美堂
北京,Android,15.0,3-5年,本科,广告营销,C轮,500-999人,IMS
北京,Android工程师,8.0,1-3年,本科,移动互联网,已上市,500-999人,北纬通信
北京,Android,22.5,5-10年,本科,计算机软件,不需要融资,500-999人,博天昊宇
北京,Android,8.0,1年以内,本科,医疗健康,不需要融资,500-999人,北京怡成
北京,安卓移动端React-Native,24.0,1-3年,本科,互联网,B轮,500-999人,精真估
北京,Android,25.0,5-10年,大专,移动互联网,A轮,500-999人,行圆汽车
北京,Android高级工程师/技术专家,32.5,3-5年,本科,移动互联网,已上市,500-999人,映客直播
北京,Android,27.5,5-10年,本科,音乐/视频/阅读,不需要融资,500-999人,百度音乐
北京,Android,12.5,3-5年,大专,互联网,已上市,500-999人,世纪中彩视频传媒
北京,Android开发工程师,27.0,3-5年,本科,互联网,B轮,500-999人,ADVANCE
北京,高级Android开发,27.5,5-10年,本科,互联网,不需要融资,500-999人,一米蓝
北京,Android 开发,12.0,3-5年,本科,移动互联网,D轮及以上,500-999人,天脉聚源
北京,Android 开发工程师,24.0,3-5年,本科,互联网,C轮,500-999人,福佑卡车
北京,Android开发工程师,17.5,3-5年,本科,媒体,已上市,500-999人,第一视频
北京,Android研发工程师(新零售媒体展示机方向),25.0,3-5年,本科,互联网,A轮,500-999人,多点Dmall
北京,Android/Linux逆向分析工程师,17.5,经验不限,学历不限,计算机软件,不需要融资,500-999人,cfca
北京,Android开发工程师,9.0,1年以内,大专,医疗健康,不需要融资,500-999人,北京怡成
北京,Android系统高级开发工程师,30.0,5-10年,本科,互联网,未融资,500-999人,网心科技
北京,android开发-北上杭-3年以上-本科-35~45K,35.5,3-5年,本科,音乐/视频/阅读,已上市,500-999人,阿里影业
北京,安卓工程师,15.0,1-3年,本科,游戏,D轮及以上,500-999人,触控科技
北京,高级Android应用开发工程师,30.0,经验不限,本科,计算机软件,B轮,500-999人,魔门塔科技
北京,高级安卓工程师,30.0,3-5年,本科,电子商务,未融资,500-999人,北京姿美堂
北京,高级Android工程师 (MJ000008),30.0,3-5年,学历不限,互联网,C轮,500-999人,碰碰-云智联
北京,Android开发（小视频SDK开发方向）,22.5,3-5年,本科,互联网,D轮及以上,500-999人,美柚
北京,安卓开发工程师,12.5,3-5年,本科,在线教育,A轮,500-999人,易贝乐少儿英语
北京,Android架构师(J10044),55.0,5-10年,本科,移动互联网,C轮,500-999人,伴鱼
北京,Android开发工程师,27.5,5-10年,本科,互联网,不需要融资,500-999人,一米蓝
北京,Android应用开发工程师,18.0,1-3年,学历不限,互联网,B轮,500-999人,达闼科技
北京,资深android工程师,32.5,5-10年,本科,互联网,D轮及以上,500-999人,易到用车
北京,Android初级开发工程师,11.5,1-3年,本科,互联网,,500-999人,新浪时金
北京,Android工程师,12.5,3-5年,本科,计算机软件,已上市,500-999人,中科博润
北京,安卓开发,18.0,1-3年,本科,游戏,不需要融资,500-999人,永航科技
北京,Android,12.5,1-3年,本科,互联网,C轮,500-999人,Testin云测
北京,Android,30.0,3-5年,本科,移动互联网,已上市,500-999人,映客直播
北京,Android Framework系统工程师,22.5,3-5年,学历不限,互联网,B轮,500-999人,达闼科技
北京,（高级）安卓工程师,24.0,3-5年,本科,互联网,不需要融资,500-999人,火币网
北京,Android 高级工程师(直播),15.5,3-5年,本科,互联网,B轮,500-999人,狸米科技
北京,Android高级工程师,21.5,3-5年,大专,游戏,D轮及以上,500-999人,触控科技
北京,安卓平台区块链SDK开发工程师,22.5,3-5年,本科,游戏,D轮及以上,500-999人,触控科技
北京,Android资深研发工程师,37.5,3-5年,本科,移动互联网,C轮,500-999人,伴鱼
北京,Android,27.5,经验不限,本科,电子商务,未融资,500-999人,姿美堂
北京,Android高级开发工程师,15.0,3-5年,本科,汽车生产,未融资,500-999人,东软睿驰
北京,Android开发工程师,37.5,1-3年,本科,移动互联网,未融资,500-999人,粉笔公考
北京,Android高级工程师,25.0,5-10年,本科,游戏,D轮及以上,500-999人,触控科技
北京,资深Android工程师,25.0,5-10年,本科,互联网,C轮,500-999人,福佑卡车
北京,高级Android系统开发工程师,30.0,经验不限,本科,计算机软件,B轮,500-999人,魔门塔科技
北京,高级安卓工程师,22.5,3-5年,本科,游戏,D轮及以上,500-999人,触控科技
北京,Android技术专家,32.5,5-10年,本科,移动互联网,已上市,500-999人,映客直播
北京,Android技术专家,47.5,5-10年,本科,计算机软件,B轮,500-999人,屏芯科技
北京,Android开发工程师,23.0,3-5年,本科,互联网,B轮,500-999人,氪空间
北京,android开发工程师,12.5,3-5年,本科,其他行业,不需要融资,500-999人,三盈联合
北京,Android短视频特效开发工程师,27.5,3-5年,本科,移动互联网,已上市,500-999人,Opera
北京,Android开发工程师,12.5,1-3年,本科,互联网,未融资,500-999人,天阙
北京,安卓/iOS开发工程师,13.0,3-5年,本科,计算机软件,已上市,500-999人,高阳科技
北京,Android系统研发工程师（驱动开发）,22.5,5-10年,本科,互联网,D轮及以上,500-999人,指点控股
北京,Android/IOS开发工程师,12.0,1-3年,本科,计算机软件,未融资,500-999人,普元智慧
北京,Android,24.5,5-10年,本科,互联网,D轮及以上,500-999人,苏宁体育
北京,Android开发工程师,22.5,3-5年,本科,移动互联网,未融资,500-999人,安云世纪
北京,高级 Android 开发工程师,27.5,3-5年,本科,互联网,D轮及以上,500-999人,Keep
北京,高级Android工程师,37.5,5-10年,本科,移动互联网,已上市,500-999人,映客直播
北京,Android高级工程师,22.5,3-5年,本科,医疗健康,B轮,500-999人,药明明码
北京,Android研发工程师（机械臂）,22.5,3-5年,本科,智能硬件,A轮,500-999人,猎户星空
北京,android系统层开发工程师 framework rom,22.5,3-5年,本科,互联网,B轮,500-999人,氪空间
北京,Android研发工程师,7.5,经验不限,本科,移动互联网,未融资,500-999人,东信北邮
北京,Android高级工程师,45.0,3-5年,本科,互联网,天使轮,500-999人,趣头条
北京,高级Android,30.0,3-5年,本科,互联网,D轮及以上,500-999人,闪送科技
北京,安卓开发工程师,13.5,1-3年,本科,智能硬件,不需要融资,500-999人,北京握奇数据
北京,Android开发工程师,37.5,3-5年,学历不限,移动互联网,已上市,500-999人,映客直播
北京,Android 开发工程师,22.5,3-5年,本科,医疗健康,已上市,500-999人,环球租赁
北京,Android系统工程师,27.5,1年以内,本科,互联网,B轮,500-999人,氪空间
北京,Android驱动开发工程师,17.5,3-5年,本科,计算机软件,已上市,500-999人,汉王科技
北京,Android Multimedia工程师,15.0,3-5年,本科,计算机软件,不需要融资,500-999人,易诚高科
北京,Android,32.5,3-5年,本科,互联网,已上市,500-999人,掌阅科技
北京,Android资深工程师/架构师,30.0,5-10年,本科,音乐/视频/阅读,不需要融资,500-999人,百度音乐
北京,Android framework 开发工程师,20.0,3-5年,本科,智能硬件,A轮,500-999人,猎户星空
北京,高级Android研发工程师,17.5,3-5年,本科,交通/运输,未融资,500-999人,久众长清
北京,Java开发工程师，android开发,22.5,5-10年,本科,互联网金融,不需要融资,500-999人,瑞德经纬
北京,Android研发工程师,22.5,经验不限,本科,智能硬件,已上市,500-999人,华米科技
北京,Android,22.5,3-5年,本科,电子商务,未融资,500-999人,姿美堂
北京,Android开发工程师,15.0,1-3年,本科,互联网,B轮,500-999人,一猫汽车网
北京,Android开发工程师,9.0,3-5年,本科,计算机软件,已上市,500-999人,榕基软件
北京,android工程师,15.0,3-5年,本科,计算机软件,不需要融资,500-999人,远朋智教
北京,Android开发工程师,24.0,3-5年,大专,移动互联网,D轮及以上,500-999人,闪送
北京,Android开发,22.5,5-10年,本科,移动互联网,D轮及以上,500-999人,闪银奇异
北京,Android,20.0,3-5年,学历不限,互联网,未融资,500-999人,Gozap
北京,高级Android开发工程师,25.0,3-5年,本科,移动互联网,D轮及以上,500-999人,销售易CRM
北京,Android开发,12.5,1-3年,本科,互联网,未融资,500-999人,优朋普乐
北京,Android高级开发工程师,20.0,3-5年,本科,互联网,未融资,500-999人,天阙
北京,Android研发工程师,27.5,1-3年,硕士,移动互联网,D轮及以上,500-999人,一点资讯
北京,Android高级工程师,20.0,3-5年,本科,移动互联网,C轮,500-999人,伴鱼
北京,Android开发工程师,16.0,1-3年,本科,互联网,不需要融资,500-999人,一米蓝
北京,Android应用软件工程师,22.5,3-5年,本科,互联网,B轮,500-999人,达闼科技
北京,Android工程师,12.0,3-5年,大专,计算机软件,已上市,500-999人,创世漫道科技
北京,Android,25.0,3-5年,本科,互联网,未融资,500-999人,360金融
北京,高级安卓开发,24.0,5-10年,本科,移动互联网,A轮,500-999人,明医众禾
北京,Android研发工程师,25.5,5-10年,本科,互联网,A轮,500-999人,多点Dmall
北京,Android,17.5,3-5年,本科,音乐/视频/阅读,A轮,500-999人,艾米1895电影街
北京,Android技术经理,35.0,5-10年,本科,互联网,B轮,500-999人,氪空间
北京,高级安卓开发工程师(Android),25.0,5-10年,本科,互联网,已上市,500-999人,掌阅科技
北京,高级安卓开发工程师,30.0,5-10年,本科,移动互联网,D轮及以上,500-999人,一下科技
北京,安卓研发经理或架构师,45.0,5-10年,本科,互联网,D轮及以上,500-999人,唱吧
北京,android,27.5,3-5年,本科,游戏,不需要融资,500-999人,永航科技
北京,高级Android开发工程师,22.5,3-5年,本科,互联网,未融资,500-999人,鑫泰智能汽车科技
北京,安卓开发工程师,13.5,3-5年,本科,计算机软件,未融资,500-999人,万贸科技有限公司
北京,Android开发工程师--北京,22.5,5-10年,本科,互联网,未融资,500-999人,天阙
北京,Android开发工程师,22.5,1-3年,本科,互联网,D轮及以上,500-999人,Keep
北京,高级嵌入式软件工程师（Linux/Android方向）,25.5,5-10年,本科,智能硬件,A轮,500-999人,猎户星空
北京,Android工程师,30.0,3-5年,本科,移动互联网,B轮,500-999人,乐视体育
北京,android工程师,15.0,1-3年,本科,互联网,C轮,500-999人,Testin云测
北京,Android,24.0,经验不限,本科,互联网,B轮,500-999人,达闼科技
北京,售前android开发工程师,17.0,3-5年,本科,智能硬件,A轮,500-999人,猎户星空
北京,Android开发工程师,11.5,3-5年,本科,互联网,不需要融资,500-999人,经开互联
北京,Android开发工程师,15.0,3-5年,本科,互联网,D轮及以上,500-999人,易视腾科技
北京,Android开发工程师,25.0,1年以内,本科,互联网,不需要融资,500-999人,一米蓝
北京,高级android研发\架构,45.0,3-5年,本科,移动互联网,已上市,500-999人,映客直播
北京,Android 开发工程师,22.5,经验不限,本科,互联网,D轮及以上,500-999人,Keep
北京,Android开发工程师,27.5,5-10年,本科,互联网,C轮,500-999人,轻松筹
北京,Android开发工程师-豹小秘,22.5,3-5年,本科,智能硬件,A轮,500-999人,猎户星空
北京,安卓资深工程师,40.0,5-10年,本科,移动互联网,D轮及以上,500-999人,闪银奇异
北京,Android Camera工程师,14.0,3-5年,本科,计算机软件,不需要融资,500-999人,易诚高科
北京,Android,15.0,3-5年,大专,互联网,C轮,500-999人,碰碰-云智联
北京,Android工程师,30.0,1-3年,本科,互联网,B轮,500-999人,ADVANCE
北京,android 应用开发工程师,25.5,3-5年,本科,计算机软件,B轮,500-999人,魔门塔科技
北京,android开发,8.0,1-3年,大专,计算机软件,未融资,500-999人,中科军信
北京,Android开发工程师,22.5,3-5年,本科,智能硬件,A轮,500-999人,猎户星空
北京,Android开发（区块链）,22.5,3-5年,本科,游戏,D轮及以上,500-999人,触控科技
北京,高级Android开发工程师,22.5,3-5年,本科,互联网,D轮及以上,500-999人,闪送科技
北京,Android开发工程师,15.0,3-5年,本科,在线教育,A轮,500-999人,易贝乐少儿英语
北京,高级Android研发工程师,27.5,3-5年,本科,移动互联网,D轮及以上,500-999人,销售易CRM
北京,React Native -Android前端开发工程师,10.5,3-5年,大专,贸易/进出口,未融资,500-999人,北京爱亲投资股份
北京,Android校招,12.5,应届生,本科,互联网,已上市,500-999人,掌阅科技
北京,android工程师,25.0,3-5年,本科,计算机软件,未融资,500-999人,直真科技
北京,Android 架构师,40.0,5-10年,本科,互联网,D轮及以上,500-999人,Keep
北京,Android系统开发工程师,30.0,3-5年,本科,互联网,B轮,500-999人,达闼科技
北京,Android工程师,17.5,3-5年,本科,互联网,C轮,500-999人,大V店
北京,iOS和Android原生开发工程师,12.5,3-5年,本科,计算机软件,已上市,500-999人,榕基软件
北京,Android工程师,15.0,1年以内,本科,计算机软件,,500-999人,Ontim
北京,高级安卓开发,21.5,5-10年,本科,电子商务,未融资,500-999人,姿美堂
北京,Android,30.0,5-10年,本科,互联网,A轮,500-999人,农信互联
北京,Android工程师,21.5,3-5年,本科,计算机软件,,500-999人,北京融易通
北京,Android,12.0,3-5年,大专,计算机软件,已上市,500-999人,漫道科技
北京,Android开发,9.0,1-3年,本科,信息安全,不需要融资,500-999人,北京万里红
北京,高级Android开发工程师,35.0,3-5年,本科,互联网,D轮及以上,500-999人,Keep
北京,机器人系统软件工程师-Android方向,26.5,3-5年,本科,互联网,B轮,500-999人,达闼科技
北京,安卓开发工程师,30.0,3-5年,本科,移动互联网,已上市,500-999人,映客直播
北京,资深android开发工程师,28.5,3-5年,硕士,移动互联网,D轮及以上,500-999人,一点资讯
北京,Android开发工程师,22.5,3-5年,本科,移动互联网,D轮及以上,500-999人,闪银奇异
北京,Android高级开发工程师,30.0,3-5年,本科,互联网金融,B轮,500-999人,MinTech
北京,Android高级开发工程师,27.5,5-10年,本科,互联网,已上市,500-999人,第一视频集团
北京,Android开发工程师,11.0,3-5年,大专,计算机软件,已上市,500-999人,创世漫道科技
北京,高级Android开发工程师,25.0,3-5年,本科,医疗健康,不需要融资,500-999人,北方大陆产业集团
北京,Android开发工程师,15.0,1年以内,本科,互联网,D轮及以上,500-999人,36氪
北京,高级Android开发工程师,29.0,3-5年,学历不限,移动互联网,D轮及以上,500-999人,闪送
北京,Android,20.0,3-5年,本科,移动互联网,已上市,500-999人,国信灵通
北京,android开发实习生,6.5,应届生,硕士,互联网,B轮,500-999人,达闼科技
北京,Android安全专家,22.5,3-5年,本科,电子商务,未融资,500-999人,姿美堂
北京,高级安卓工程师(Android),27.5,3-5年,本科,互联网,已上市,500-999人,掌阅科技
北京,Android,20.5,3-5年,本科,移动互联网,C轮,500-999人,盈泰财富云
北京,Android,12.5,经验不限,本科,互联网,不需要融资,500-999人,融数金服
北京,Android,32.5,1年以内,本科,互联网,未融资,500-999人,星河互联
北京,Android开发工程师,39.0,5-10年,本科,其他行业,不需要融资,500-999人,中晶环境
北京,Android负责人,34.0,5-10年,本科,移动互联网,C轮,500-999人,小蚁科技
北京,Android高级开发,32.5,3-5年,本科,移动互联网,已上市,500-999人,映客直播
北京,Android 应用开发工程师,30.0,经验不限,本科,计算机软件,B轮,500-999人,魔门塔科技
北京,Android高级开发工程师,30.0,3-5年,本科,互联网,D轮及以上,500-999人,唱吧
北京,驻场移动开发高级工程师（偏安卓）,15.0,1-3年,本科,移动互联网,D轮及以上,500-999人,梆梆安全
北京,Android 研发,11.5,1-3年,本科,移动互联网,未融资,500-999人,东信北邮
北京,Android资深开发工程师/架构师,25.0,3-5年,学历不限,音乐/视频/阅读,不需要融资,500-999人,百度音乐
北京,高级Android工程师,32.5,3-5年,本科,移动互联网,D轮及以上,500-999人,一下科技
北京,Android,10.0,3-5年,本科,其他行业,不需要融资,500-999人,普天新能源
北京,高级Android开发工程师,37.5,5-10年,本科,互联网,D轮及以上,500-999人,Keep
北京,Android高级研发工程师,19.5,经验不限,本科,移动互联网,B轮,500-999人,伟东云教育
北京,Android,15.0,3-5年,本科,电子商务,未融资,500-999人,炎黄新星网络
北京,音视频开发工程师-Android,25.5,3-5年,本科,互联网,D轮及以上,500-999人,Keep
北京,Android,11.5,1-3年,大专,电子商务,不需要融资,500-999人,上品折扣
北京,Android高级开发工程师,27.0,5-10年,本科,互联网,D轮及以上,500-999人,北京新氧科技
北京,高级安卓工程师,15.0,3-5年,本科,电子商务,,500-999人,姿美堂科技集团有...
北京,2019--Android开发工程师,22.5,应届生,本科,移动互联网,D轮及以上,500-999人,一点资讯
北京,安卓开发工程师（售前）,20.0,3-5年,本科,智能硬件,A轮,500-999人,猎户星空
北京,android高级开发,23.5,3-5年,本科,互联网,已上市,500-999人,宣亚国际传播
北京,Android,12.0,1-3年,本科,互联网,B轮,500-999人,青牛软件
北京,高级Android应用开发工程师,22.5,5-10年,本科,计算机软件,B轮,500-999人,魔门塔科技
北京,android开发,12.5,3-5年,本科,计算机软件,不需要融资,500-999人,北京京航航天304所
北京,android高级工程师,25.0,5-10年,本科,移动互联网,不需要融资,500-999人,思源科技集团
北京,高级Android工程师/技术专家,52.5,5-10年,本科,移动互联网,已上市,500-999人,映客直播
北京,Android,12.5,1-3年,本科,移动互联网,A轮,500-999人,行圆汽车
北京,Android,10.5,1-3年,本科,医疗健康,A轮,500-999人,北京幸福远见科技
北京,android开发工程师,9.0,1-3年,大专,音乐/视频/阅读,不需要融资,500-999人,汉光百货
北京,android开发工程师,12.5,3-5年,大专,互联网,已上市,500-999人,北京康邦科技有限公司
北京,Android开发工程师,9.0,1-3年,大专,计算机软件,已上市,500-999人,榕基软件
北京,android工程师,13.5,3-5年,本科,计算机软件,已上市,500-999人,宝利软件
北京,高级Android研发工程师,20.0,5-10年,本科,移动互联网,C轮,500-999人,盈泰财富云
北京,Android应用开发工程师,24.0,3-5年,本科,计算机软件,B轮,500-999人,魔门塔科技
北京,Android开发工程师,30.0,3-5年,本科,移动互联网,不需要融资,500-999人,中化能源互联网科技
北京,Android,22.5,3-5年,本科,互联网,C轮,500-999人,大V店
北京,Android开发工程师,22.5,1-3年,本科,移动互联网,D轮及以上,500-999人,闪银奇异
北京,资深Android工程师,37.5,5-10年,本科,移动互联网,不需要融资,500-999人,思源科技集团
北京,Android开发,12.5,3-5年,本科,互联网,已上市,500-999人,艾融软件
北京,Android,22.5,3-5年,本科,移动互联网,不需要融资,500-999人,阿里高德
北京,Android研发工程师,30.0,1-3年,本科,移动互联网,B轮,500-999人,百度外卖
北京,安卓开发工程师,15.0,3-5年,本科,互联网,不需要融资,500-999人,海尔U+智慧生活平台
北京,高级andriod开发工程师,25.0,5-10年,本科,广告营销,C轮,500-999人,IMS
北京,移动安全加固工程师,22.5,1-3年,本科,信息安全,不需要融资,500-999人,CFCA
北京,camera驱动工程师,30.0,5-10年,本科,互联网,B轮,500-999人,达闼科技
北京,高级Android开发（区块链钱包）,22.5,3-5年,本科,游戏,D轮及以上,500-999人,触控科技
北京,iOS开发实习生,13.5,应届生,本科,移动互联网,D轮及以上,500-999人,闪银奇异
北京,高级安卓开发工程师(Android),30.0,3-5年,本科,互联网,已上市,500-999人,掌阅科技
北京,Android高级开发工程师,24.0,3-5年,本科,互联网,已上市,500-999人,宣亚国际传播
北京,移动端负责人,27.5,3-5年,本科,互联网,B轮,500-999人,智课网
北京,Android研发工程师,30.0,5-10年,本科,互联网,D轮及以上,500-999人,唱吧
北京,测试工程师,7.5,1-3年,大专,移动互联网,不需要融资,500-999人,渠道网络
北京,移动端测试,20.0,3-5年,本科,移动互联网,B轮,500-999人,百度外卖
北京,安卓开发工程师-社交产品方向,25.0,3-5年,本科,移动互联网,已上市,500-999人,映客直播
北京,移动端测试,15.0,1-3年,本科,互联网,D轮及以上,500-999人,唱吧
北京,产品实施交付工程师,16.5,3-5年,本科,医疗/护理/卫生,不需要融资,500-999人,高济医疗
北京,Android 开发工程师,22.5,1-3年,本科,互联网,D轮及以上,500-999人,Keep
北京,高级Android开发工程师-国际化,42.0,5-10年,本科,其他行业,不需要融资,500-999人,中晶环境
北京,Android开发,15.0,1-3年,本科,移动互联网,C轮,500-999人,小蚁科技
北京,Android安全专家,22.5,3-5年,本科,电子商务,,500-999人,姿美堂科技集团有...
北京,资深Android应用开发工程师,32.5,10年以上,本科,计算机软件,B轮,500-999人,魔门塔科技
北京,Android高级研发工程师,17.5,3-5年,本科,移动互联网,A轮,500-999人,行圆汽车
北京,Android高级工程师,20.5,5-10年,本科,计算机软件,已上市,500-999人,宝利软件
北京,安卓研发,19.0,3-5年,本科,互联网,C轮,500-999人,大V店
北京,高级Android研发工程师,22.5,1-3年,本科,移动互联网,B轮,500-999人,百度外卖
北京,高级Android开发工程师/专家,22.5,3-5年,本科,移动互联网,不需要融资,500-999人,阿里高德
北京,测试开发,21.5,1-3年,本科,移动互联网,B轮,500-999人,百度外卖
北京,客户端测试工程师,23.0,1-3年,本科,移动互联网,B轮,500-999人,百度外卖
北京,资深Android工程师,30.0,3-5年,本科,O2O,D轮及以上,1000-9999人,饿了么
北京,Android,20.0,3-5年,本科,互联网,不需要融资,1000-9999人,旅悦
北京,Android,37.5,3-5年,本科,移动互联网,B轮,1000-9999人,支付宝
北京,Android,25.0,3-5年,本科,汽车生产,B轮,1000-9999人,车和家
北京,Android,24.0,3-5年,本科,智能硬件,B轮,1000-9999人,车和家
北京,Android,37.5,3-5年,硕士,互联网,已上市,1000-9999人,爱奇艺
北京,Android研发工程师,17.5,1-3年,本科,互联网,已上市,1000-9999人,猎豹移动
北京,高级Android工程师,30.0,3-5年,本科,O2O,D轮及以上,1000-9999人,饿了么
北京,Android,13.0,3-5年,本科,计算机软件,已上市,1000-9999人,北大方正电子
北京,Android,30.0,3-5年,本科,互联网,不需要融资,1000-9999人,大疆创新
北京,Android,45.0,5-10年,本科,移动互联网,B轮,1000-9999人,支付宝
北京,Android高级开发工程师,27.5,5-10年,本科,互联网,A轮,1000-9999人,惠下单
北京,Android开发工程师,15.0,3-5年,本科,计算机软件,已上市,1000-9999人,东方国信
北京,Android,10.0,1-3年,本科,计算机软件,已上市,1000-9999人,CSII
北京,Android测试leader,15.0,5-10年,大专,移动互联网,已上市,1000-9999人,联想利泰
北京,Android逆向工程师（中级）,22.5,1-3年,本科,数据服务,不需要融资,1000-9999人,数创天下
北京,Android客户端工程师,30.0,1-3年,本科,互联网,已上市,1000-9999人,高德地图
北京,Android开发,30.0,1-3年,本科,在线教育,D轮及以上,1000-9999人,猿辅导
北京,Android技术专家,65.0,5-10年,本科,移动互联网,B轮,1000-9999人,支付宝
北京,Android高级研发工程师,27.5,3-5年,本科,互联网,已上市,1000-9999人,猎豹移动
北京,Android高级开发工程师,25.0,5-10年,大专,在线教育,C轮,1000-9999人,动因体育
北京,安卓开发工程师,30.0,1-3年,本科,互联网,已上市,1000-9999人,爱奇艺
北京,资深Android研发工程师,27.5,3-5年,本科,O2O,D轮及以上,1000-9999人,饿了么
北京,安卓开发工程师,22.5,5-10年,本科,互联网金融,未融资,1000-9999人,红上金融互联网
北京,Android研发工程师,19.5,3-5年,本科,计算机软件,已上市,1000-9999人,北大方正电子
北京,Android开发工程师,16.5,5-10年,本科,互联网,已上市,1000-9999人,二六三
北京,Android开发工程师,11.5,1-3年,本科,计算机软件,不需要融资,1000-9999人,北京瑞友科技
北京,Android Framework开发工程师,17.5,3-5年,本科,移动互联网,已上市,1000-9999人,联想利泰
北京,Android开发工程师,22.5,1-3年,本科,互联网,已上市,1000-9999人,猎豹移动
北京,安卓高级开发工程师,27.5,5-10年,本科,互联网,D轮及以上,1000-9999人,途家网
北京,Android测试工程师,15.0,经验不限,本科,计算机软件,已上市,1000-9999人,诚迈科技
北京,Android,6.5,经验不限,学历不限,数据服务,A轮,1000-9999人,青青之家
北京,Android技术专家/TL,45.0,5-10年,本科,移动互联网,B轮,1000-9999人,支付宝
北京,Android开发专家,32.5,5-10年,本科,移动互联网,B轮,1000-9999人,支付宝
北京,Android开发工程师,37.5,1-3年,本科,计算机软件,已上市,1000-9999人,京东云
北京,android开发工程师,37.5,经验不限,学历不限,移动互联网,已上市,1000-9999人,趣头条
北京,Android高级开发工程师,40.0,3-5年,本科,移动互联网,B轮,1000-9999人,支付宝
北京,Android安全高级研发工程师,40.0,3-5年,学历不限,汽车生产,B轮,1000-9999人,车和家
北京,搜狗输入法高级Android开发工程师,40.0,5-10年,本科,互联网,已上市,1000-9999人,搜狗
北京,Android开发工程师OpenGL方向,30.0,3-5年,本科,互联网,已上市,1000-9999人,猎豹移动
北京,Android 播放器 开发,20.0,3-5年,本科,互联网,已上市,1000-9999人,爱奇艺
北京,安卓开发工程师,25.0,5-10年,本科,工程施工,不需要融资,1000-9999人,龙湖
北京,Android,25.0,3-5年,本科,O2O,D轮及以上,1000-9999人,饿了么
北京,Android开发工程师,19.0,3-5年,本科,互联网,已上市,1000-9999人,二六三
北京,高德-Android高级研发工程师/专家-开放平台,33.0,3-5年,本科,互联网,已上市,1000-9999人,高德地图
北京,Android 开发工程师（车机端 app 方向）,25.0,3-5年,本科,汽车生产,B轮,1000-9999人,车和家
北京,Android工程师,22.5,1-3年,本科,互联网金融,A轮,1000-9999人,安一恒通
北京,Android开发工程师,12.0,3-5年,本科,计算机软件,已上市,1000-9999人,信雅达软件
北京,效率平台研发工程师--Android,22.5,3-5年,本科,智能硬件,B轮,1000-9999人,车和家
北京,高级Android开发工程师,30.0,3-5年,本科,互联网,D轮及以上,1000-9999人,马蜂窝
北京,android资深开发工程师,30.0,3-5年,本科,互联网,已上市,1000-9999人,爱奇艺
北京,Android工程师,30.0,3-5年,本科,移动互联网,C轮,1000-9999人,作业盒子
北京,Android开发工程师,16.5,1-3年,本科,医疗健康,未融资,1000-9999人,一龄集团
北京,资深Android工程师,25.0,5-10年,本科,O2O,D轮及以上,1000-9999人,饿了么
北京,Android高级开发工程师,32.5,经验不限,本科,互联网,已上市,1000-9999人,搜狗
北京,Android研发工程师,20.0,3-5年,本科,互联网,A轮,1000-9999人,跟谁学
北京,android开发工程师,12.0,3-5年,本科,计算机软件,已上市,1000-9999人,神州泰岳
北京,Java/Android资深开发工程师,40.0,3-5年,本科,互联网,已上市,1000-9999人,爱奇艺
北京,Android开发工程师,19.0,3-5年,本科,在线教育,已上市,1000-9999人,华图教育
北京,Android,22.5,3-5年,本科,互联网,D轮及以上,1000-9999人,马蜂窝
北京,Android高级研发工程师,30.0,经验不限,本科,互联网,不需要融资,1000-9999人,清华大学
北京,Android开发工程师,32.5,5-10年,本科,人力资源服务,D轮及以上,1000-9999人,Boss直聘
北京,Android,40.0,1-3年,本科,互联网,A轮,1000-9999人,百度金融
北京,android资深开发工程师,40.0,5-10年,本科,互联网,未融资,1000-9999人,竞技世界
北京,Android,15.0,3-5年,本科,互联网,B轮,1000-9999人,云族佳
北京,Android,15.0,1-3年,本科,互联网,已上市,1000-9999人,猎豹移动
北京,资深Android开发,40.0,3-5年,本科,互联网,已上市,1000-9999人,爱奇艺
北京,Android资深架构师（Leader）,40.0,5-10年,大专,在线教育,C轮,1000-9999人,动因体育
北京,Android,30.0,3-5年,本科,互联网,已上市,1000-9999人,搜狗
北京,Android开发工程师(J11173),22.5,1-3年,本科,互联网,D轮及以上,1000-9999人,作业帮
北京,Android高级开发工程师,30.0,3-5年,本科,移动互联网,已上市,1000-9999人,趣头条
北京,Android,10.5,1-3年,本科,计算机软件,已上市,1000-9999人,上海屹通
北京,Android,30.0,1-3年,本科,互联网金融,A轮,1000-9999人,水滴互助
北京,Android,20.0,3-5年,本科,医疗健康,A轮,1000-9999人,健客网
北京,Android开发工程师,13.0,1-3年,本科,医疗健康,不需要融资,1000-9999人,一龄博士俱乐部
北京,Android,32.5,5-10年,本科,互联网,已上市,1000-9999人,高德地图
北京,Android资深开发工程师,30.0,5-10年,本科,互联网,已上市,1000-9999人,爱奇艺
北京,Android,20.0,3-5年,本科,互联网,已上市,1000-9999人,众安保险
北京,Android,12.0,1-3年,本科,计算机软件,已上市,1000-9999人,易联众
北京,Android测试开发工程师,22.5,1-3年,本科,互联网,已上市,1000-9999人,搜狗
北京,Android,30.0,3-5年,本科,互联网,已上市,1000-9999人,易车
北京,高级Android,30.0,3-5年,本科,人力资源服务,D轮及以上,1000-9999人,Boss直聘
北京,Android专家/高级专家,45.0,3-5年,本科,O2O,D轮及以上,1000-9999人,饿了么
北京,Android工程师,13.0,5-10年,本科,计算机软件,不需要融资,1000-9999人,东华博雅
北京,Android,20.0,3-5年,本科,互联网,已上市,1000-9999人,猎豹移动
北京,高级Android开发工程师,30.0,3-5年,本科,移动互联网,B轮,1000-9999人,支付宝
北京,Android开发工程师,27.5,1年以内,本科,互联网,不需要融资,1000-9999人,去哪儿
北京,Android工程师,20.0,5-10年,本科,互联网,B轮,1000-9999人,健客网
北京,安卓开发工程师,32.5,1-3年,本科,在线教育,D轮及以上,1000-9999人,猿辅导
北京,Android开发工程师,16.5,1-3年,本科,计算机软件,未融资,1000-9999人,恒赢智航
北京,高级Android开发工程师,15.0,3-5年,本科,互联网金融,B轮,1000-9999人,狮桥资本
北京,高级android开发工程师（视频）,25.0,1-3年,本科,移动互联网,已上市,1000-9999人,陌陌
北京,Android 开发工程师,30.0,3-5年,本科,移动互联网,D轮及以上,1000-9999人,知乎
北京,Android开发工程师,22.5,3-5年,本科,互联网,已上市,1000-9999人,猎豹移动
北京,Android研发专家(J11351),42.5,10年以上,本科,移动互联网,不需要融资,1000-9999人,思源互联科技
北京,Android开发工程师,11.0,1-3年,大专,移动互联网,已上市,1000-9999人,联想利泰
北京,安卓开发,22.5,5-10年,大专,互联网,不需要融资,1000-9999人,天九共享控股集团
北京,安卓开发工程师,12.5,3-5年,本科,互联网,已上市,1000-9999人,恒拓开源
北京,Android开发工程师,22.5,3-5年,本科,移动互联网,已上市,1000-9999人,趣头条
北京,Android开发工程师,4.5,经验不限,本科,游戏,C轮,1000-9999人,胡莱游戏
北京,Android专家,37.5,5-10年,本科,互联网,已上市,1000-9999人,猎豹移动
北京,安卓APP开发工程师,19.0,3-5年,本科,移动互联网,D轮及以上,1000-9999人,易宝支付
北京,资深 Android 工程师  (平台产品),50.0,5-10年,本科,移动互联网,D轮及以上,1000-9999人,知乎
北京,猿辅导－Android 开发工程师,30.0,3-5年,本科,在线教育,D轮及以上,1000-9999人,猿辅导
北京,支付宝Android开发,29.0,1-3年,本科,移动互联网,B轮,1000-9999人,支付宝
北京,Android开发工程师,22.5,3-5年,本科,O2O,D轮及以上,1000-9999人,达达-京东到家
北京,Android开发工程师,20.0,3-5年,本科,智能硬件,已上市,1000-9999人,爱奇艺智能
北京,Android高级研发工程师,25.0,3-5年,本科,O2O,D轮及以上,1000-9999人,饿了么
北京,Android高级开发工程师,22.5,5-10年,本科,互联网,已上市,1000-9999人,猎豹移动
北京,Android应用开发工程师,12.0,1-3年,本科,移动互联网,已上市,1000-9999人,诚迈科技
北京,Android应用开发工程师,18.0,3-5年,本科,智能硬件,已上市,1000-9999人,比亚迪
北京,【校招】Android开发工程师(直播业务）,12.5,应届生,本科,移动互联网,已上市,1000-9999人,陌陌
北京,高级Android开发工程师,24.0,3-5年,本科,互联网,已上市,1000-9999人,爱奇艺
北京,高级Android开发工程师,35.0,3-5年,本科,移动互联网,已上市,1000-9999人,趣头条
北京,android开发（手机微博）,25.0,3-5年,本科,互联网,已上市,1000-9999人,新浪微博
北京,Android 开发工程师 (音视频方向),30.0,3-5年,本科,移动互联网,D轮及以上,1000-9999人,知乎
北京,安卓开发工程师（ Framework）,14.0,3-5年,大专,移动互联网,已上市,1000-9999人,联想利泰
北京,安卓开发工程师（赴IBM）,19.5,3-5年,本科,计算机软件,不需要融资,1000-9999人,上海微创软件
北京,android开发工程师,32.5,3-5年,本科,互联网,已上市,1000-9999人,同程艺龙
北京,安卓Java全栈开发,20.0,5-10年,本科,互联网,已上市,1000-9999人,拓尔思
北京,高德-Android/iOS技术专家-应用生态,30.0,3-5年,本科,互联网,已上市,1000-9999人,阿里巴巴高德
北京,Android开发工程师,17.5,3-5年,本科,移动互联网,已上市,1000-9999人,恒信东方
北京,高级移动端开发——RN或Android转RN,18.0,3-5年,本科,互联网金融,B轮,1000-9999人,狮桥资本
北京,高级Android开发,30.0,3-5年,本科,互联网金融,不需要融资,1000-9999人,泰康集团
北京,Android,20.0,3-5年,本科,互联网,不需要融资,1000-9999人,卓望公司
北京,Android高级开发工程师,25.0,1-3年,本科,互联网,已上市,1000-9999人,爱奇艺
北京,无线客户端资深开发工程师Android,37.5,5-10年,本科,移动互联网,B轮,1000-9999人,支付宝
北京,Android SDK开发(高级)工程师,30.0,经验不限,学历不限,互联网,已上市,1000-9999人,奇虎360
北京,android研发专家,55.0,5-10年,本科,移动互联网,不需要融资,1000-9999人,思源互联科技
北京,Android开发工程师,22.5,5-10年,本科,互联网,已上市,1000-9999人,猎豹移动
北京,高级Android工程师,27.5,1-3年,硕士,移动互联网,,1000-9999人,网易电商
北京,Android工程师,30.0,3-5年,本科,互联网,不需要融资,1000-9999人,去哪儿
北京,Android,17.5,3-5年,本科,通信/网络设备,已上市,1000-9999人,北斗星通
北京,Android,30.0,5-10年,本科,O2O,D轮及以上,1000-9999人,饿了么
北京,Android技术专家，高级开发,37.5,5-10年,本科,互联网,已上市,1000-9999人,同程艺龙
北京,Android/Linux系统软件专家,25.0,5-10年,本科,互联网,已上市,1000-9999人,高德地图
北京,Android 开发工程师,16.0,经验不限,本科,互联网金融,已上市,1000-9999人,中金公司
北京,Android,24.0,1-3年,本科,互联网,D轮及以上,1000-9999人,一起教育科技
北京,Android高级工程师,30.0,5-10年,本科,移动互联网,未融资,1000-9999人,爱卡汽车
北京,高级Android开发工程师-平台事业部,22.5,3-5年,本科,互联网,不需要融资,1000-9999人,去哪儿
北京,Android驱动工程师,17.5,3-5年,本科,通信/网络设备,已上市,1000-9999人,北斗星通
北京,Android开发工程师,17.5,3-5年,本科,互联网金融,B轮,1000-9999人,狮桥资本
北京,android高级研发工程师,25.0,3-5年,大专,医疗健康,C轮,1000-9999人,小药药
北京,Android资深开发,28.0,3-5年,本科,计算机软件,B轮,1000-9999人,慧博云通
北京,安卓,12.5,3-5年,本科,计算机软件,已上市,1000-9999人,信雅达软件
北京,android开发,22.5,3-5年,本科,互联网,已上市,1000-9999人,奇虎360
北京,Android开发工程师,20.0,3-5年,本科,其他行业,不需要融资,1000-9999人,首创集团
北京,资深Android开发工程师,30.0,3-5年,本科,互联网,已上市,1000-9999人,北京爱奇艺
北京,Android开发工程师,17.5,3-5年,本科,智能硬件,不需要融资,1000-9999人,四达时代集团
北京,Android 开发工程师,22.5,经验不限,学历不限,移动互联网,D轮及以上,1000-9999人,知乎
北京,Android 开发,1.5,经验不限,本科,智能硬件,已上市,1000-9999人,NVidia
北京,Android开发工程师,30.0,1-3年,本科,社交网络,D轮及以上,1000-9999人,快手
北京,高级安卓开发工程师,32.0,5-10年,本科,互联网,A轮,1000-9999人,旅悦集团
北京,Android Framework,12.5,5-10年,本科,通信/网络设备,已上市,1000-9999人,富士康nokia
北京,Android,27.5,1-3年,本科,互联网,不需要融资,1000-9999人,去哪儿
北京,安卓开发工程师,12.5,3-5年,大专,电子商务,B轮,1000-9999人,北京踏浪者
北京,Android高级开发工程师,30.0,3-5年,本科,互联网,已上市,1000-9999人,爱奇艺
北京,Android BSP开发工程师,15.0,经验不限,本科,智能硬件,已上市,1000-9999人,比亚迪
北京,资深 Android 工程师（架构/管理方向）,45.0,5-10年,本科,移动互联网,D轮及以上,1000-9999人,知乎
北京,Android,14.5,3-5年,本科,工程施工,不需要融资,1000-9999人,瑞祥装饰
北京,资深android开发工程师—TV端,25.0,5-10年,本科,智能硬件,不需要融资,1000-9999人,四达时代集团
北京,Android,22.5,3-5年,本科,医疗健康,A轮,1000-9999人,平安健康互联
北京,高级Android,22.5,3-5年,大专,互联网,C轮,1000-9999人,铁甲网
北京,Android,30.0,1-3年,本科,互联网,已上市,1000-9999人,高德地图
北京,Android技术主管/架构师,40.0,5-10年,本科,互联网,已上市,1000-9999人,爱奇艺
北京,安卓开发工程师,17.5,1-3年,本科,移动互联网,已上市,1000-9999人,凤凰网
北京,安卓开发工程师,27.0,3-5年,本科,游戏,已上市,1000-9999人,完美世界
北京,Android系统开发工程师,19.5,3-5年,本科,智能硬件,已上市,1000-9999人,比亚迪
北京,搜狗输入法-Android/iOS 测试开发工程师,22.5,1-3年,本科,互联网,已上市,1000-9999人,搜狗
北京,高级Android开发工程师,32.5,5-10年,本科,移动互联网,已上市,1000-9999人,趣头条
北京,Android,37.5,5-10年,本科,互联网,已上市,1000-9999人,同程艺龙
北京,资深Android开发工程师,22.5,3-5年,本科,互联网,不需要融资,1000-9999人,去哪儿
北京,高级Android开发工程师,30.0,5-10年,本科,互联网,已上市,1000-9999人,汽车之家
北京,android开发工程师,15.0,1-3年,本科,互联网,D轮及以上,1000-9999人,诚迈科技
北京,高级android研发专家,55.0,3-5年,本科,移动互联网,不需要融资,1000-9999人,思源互联科技
北京,iOS/android,30.0,3-5年,本科,移动互联网,B轮,1000-9999人,支付宝
北京,高级android工程师,30.0,3-5年,本科,互联网,不需要融资,1000-9999人,去哪儿
北京,Android,13.5,3-5年,本科,互联网,B轮,1000-9999人,三好网
北京,iOS/Android（资深/高级）测试开发,30.0,3-5年,本科,移动互联网,D轮及以上,1000-9999人,知乎
北京,Android架构师,41.0,10年以上,本科,互联网,已上市,1000-9999人,爱奇艺
北京,Android开发,45.5,3-5年,本科,互联网,已上市,1000-9999人,高德地图
北京,音视频直播Android开发高级工程师,35.0,3-5年,本科,互联网,已上市,1000-9999人,美图公司
北京,Android高级开发工程师,25.0,3-5年,本科,在线教育,C轮,1000-9999人,动因体育
北京,Android高级开发工程师（产品库）,35.0,3-5年,本科,互联网,已上市,1000-9999人,汽车之家
北京,Android开发工程师-主App,30.0,5-10年,本科,社交网络,D轮及以上,1000-9999人,快手
北京,高级Android工程师/专家,22.5,经验不限,学历不限,移动互联网,B轮,1000-9999人,支付宝
北京,Android开发工程师,17.5,3-5年,本科,计算机软件,已上市,1000-9999人,任子行
北京,Android开发专家,35.0,5-10年,本科,互联网,已上市,1000-9999人,爱奇艺
北京,Android,35.0,5-10年,本科,互联网,未融资,1000-9999人,竞技世界
北京,Android,22.5,3-5年,本科,互联网,已上市,1000-9999人,奇虎360
北京,Android  OS 工程师,22.5,3-5年,本科,汽车生产,B轮,1000-9999人,车和家
北京,Android,20.5,3-5年,本科,移动互联网,D轮及以上,1000-9999人,大米未来科技有限公司
北京,安卓开发工程师,22.5,3-5年,本科,游戏,不需要融资,1000-9999人,闲来游戏
北京,Android高级开发工程师,18.5,5-10年,本科,计算机软件,已上市,1000-9999人,任子行
北京,Android高级工程师,30.0,3-5年,本科,移动互联网,已上市,1000-9999人,趣头条
北京,Android开发工程师,20.0,3-5年,本科,医疗健康,A轮,1000-9999人,健客网
北京,Android开发工程师（北京）,27.0,3-5年,本科,互联网,已上市,1000-9999人,爱奇艺
北京,高级android工程师,37.5,5-10年,本科,游戏,已上市,1000-9999人,昆仑万维
北京,Android研发工程师,25.0,3-5年,本科,互联网,C轮,1000-9999人,学霸君
北京,Android高级开发,30.0,3-5年,本科,移动互联网,D轮及以上,1000-9999人,知乎
北京,Android测试开发工程师,22.5,经验不限,学历不限,汽车生产,B轮,1000-9999人,车和家
北京,高级Android开发工程师,30.0,经验不限,本科,计算机软件,已上市,1000-9999人,京东云
北京,Android架构师,42.5,5-10年,本科,互联网,已上市,1000-9999人,新浪微博
北京,Android开发工程师,15.5,3-5年,本科,互联网,C轮,1000-9999人,容联云通讯
北京,Android高级开发工程师,35.0,3-5年,本科,人力资源服务,D轮及以上,1000-9999人,Boss直聘
北京,ios/android客户端开发,30.0,1-3年,本科,移动互联网,B轮,1000-9999人,支付宝
北京,Android开发工程师,16.0,3-5年,本科,移动互联网,B轮,1000-9999人,惠民网
北京,Android工程师,25.0,3-5年,本科,移动互联网,D轮及以上,1000-9999人,格步科技
北京,高级 Android 研发工程师,30.0,3-5年,本科,移动互联网,D轮及以上,1000-9999人,知乎
北京,中/高级Android开发工程师,25.5,5-10年,本科,电子商务,D轮及以上,1000-9999人,赢销通
北京,Android OS 架构师（Multimedia）,37.5,3-5年,本科,汽车生产,B轮,1000-9999人,车和家
北京,Android开发工程师-商业化,37.5,3-5年,本科,社交网络,D轮及以上,1000-9999人,快手
北京,Android架构师,45.0,5-10年,本科,互联网,已上市,1000-9999人,同程艺龙
北京,Android应用开发工程师,10.0,1-3年,本科,通信/网络设备,,1000-9999人,TCB
北京,Android（安卓）开发工程师,20.0,3-5年,本科,互联网,不需要融资,1000-9999人,金恪集团
北京,Android开发专家,37.5,5-10年,本科,O2O,D轮及以上,1000-9999人,饿了么
北京,Android/IOS高级开发工程师（专家）,22.5,1-3年,本科,移动互联网,B轮,1000-9999人,支付宝
北京,资深Android工程师,20.0,5-10年,本科,互联网,C轮,1000-9999人,汇桔网
北京,Android高级工程师/专家,30.0,3-5年,本科,互联网,已上市,1000-9999人,高德地图
北京,Android工程师,22.5,1-3年,硕士,互联网,D轮及以上,1000-9999人,小红书
北京,Android高级工程师,27.5,5-10年,本科,互联网,已上市,1000-9999人,爱奇艺
北京,Android,27.5,经验不限,本科,互联网,已上市,1000-9999人,易车
北京,高级Android研发,22.5,经验不限,本科,互联网,已上市,1000-9999人,猎豹移动
北京,android测试开发工程师(实习),4.0,经验不限,本科,互联网,已上市,1000-9999人,搜狗
北京,Android高级开发工程师,22.5,3-5年,本科,互联网,不需要融资,1000-9999人,旅悦
北京,android工程师,22.5,1-3年,本科,互联网金融,A轮,1000-9999人,水滴互助
北京,Android高级工程师,37.5,5-10年,本科,互联网,D轮及以上,1000-9999人,小红书
北京,Android开发,30.0,5-10年,本科,移动互联网,已上市,1000-9999人,趣头条
北京,Android研发工程师,22.5,3-5年,本科,互联网,已上市,1000-9999人,爱奇艺
北京,iOS/Android开发工程师,18.5,3-5年,本科,移动互联网,D轮及以上,1000-9999人,大米未来科技有限公司
北京,Android,35.0,3-5年,本科,互联网,已上市,1000-9999人,高德地图
北京,开发工程师（安卓）,37.5,3-5年,本科,移动互联网,不需要融资,1000-9999人,比特大陆
北京,Android,22.5,3-5年,本科,汽车生产,不需要融资,1000-9999人,蔚来汽车
北京,Android,22.0,5-10年,本科,在线教育,不需要融资,1000-9999人,东奥教育集团
北京,高级安卓开发工程师,27.5,3-5年,本科,在线教育,C轮,1000-9999人,DaDa  
北京,android开发工程师,22.5,经验不限,本科,游戏,已上市,1000-9999人,完美世界
北京,安卓开发工程师,20.0,1-3年,本科,互联网,已上市,1000-9999人,易车
北京,Android开发工程师,22.5,1-3年,本科,互联网,D轮及以上,1000-9999人,小红书
北京,Android基础架构工程师,35.0,经验不限,本科,移动互联网,D轮及以上,1000-9999人,知乎
北京,高级Android开发工程师（商城业务）,17.5,1-3年,本科,互联网,D轮及以上,1000-9999人,马蜂窝
北京,安卓工程师,8.0,1年以内,本科,移动互联网,未融资,1000-9999人,万向思维
北京,Android高级开发工程师,22.5,3-5年,硕士,互联网,D轮及以上,1000-9999人,一起教育科技
北京,Android开发工程师（商业化）,40.0,1-3年,本科,社交网络,D轮及以上,1000-9999人,快手
北京,Android工程师,11.5,1-3年,大专,法律,不需要融资,1000-9999人,北京市京师律师事务所
北京,android开发工程师,20.0,5-10年,大专,智能硬件,不需要融资,1000-9999人,鸿合
北京,安卓开发,15.0,3-5年,大专,移动互联网,不需要融资,1000-9999人,证大向上
北京,高级Android测试工程师,17.5,5-10年,本科,互联网,不需要融资,1000-9999人,便利蜂
北京,高级Android开发工程师,31.5,3-5年,本科,O2O,D轮及以上,1000-9999人,饿了么
北京,Android高级工程师,22.5,5-10年,本科,通信/网络设备,不需要融资,1000-9999人,中国电信集成
北京,高级Android开发工程师,22.5,3-5年,本科,互联网,D轮及以上,1000-9999人,途家网
北京,Android架构师,37.5,5-10年,本科,游戏,已上市,1000-9999人,昆仑万维
北京,Android高级研发工程师,22.5,3-5年,本科,互联网,C轮,1000-9999人,铁甲网
北京,搜狗输入法-Android产品经理,22.5,1-3年,本科,互联网,已上市,1000-9999人,搜狗
北京,安卓高级研发工程师,30.0,3-5年,本科,O2O,D轮及以上,1000-9999人,饿了么
北京,Android开发（北京）,28.0,3-5年,本科,互联网,已上市,1000-9999人,爱奇艺
北京,Android开发工程师,13.5,1-3年,本科,互联网,已上市,1000-9999人,北明软件
北京,Android开发工程师,9.0,经验不限,本科,信息安全,未融资,1000-9999人,中盾
北京,Mid Level Android Developer,17.5,3-5年,本科,计算机软件,B轮,1000-9999人,慧博云通
北京,Android,30.0,5-10年,本科,互联网,已上市,1000-9999人,爱奇艺
北京,客户端工程师（IOS/安卓）,37.5,3-5年,本科,互联网,不需要融资,1000-9999人,去哪儿
北京,Android技术专家（测试岗）,27.5,5-10年,本科,移动互联网,B轮,1000-9999人,支付宝
北京,高级Android开发工程师,25.5,5-10年,本科,互联网,已上市,1000-9999人,爱奇艺
北京,Android高级工程师/开发,30.0,3-5年,本科,互联网金融,A轮,1000-9999人,水滴互助
北京,客户端研发leader （IOS/Android）,45.0,5-10年,本科,互联网,D轮及以上,1000-9999人,作业帮
北京,高级Android开发工程师,22.5,3-5年,本科,互联网,已上市,1000-9999人,猎豹移动
北京,搜狗输入法-Android高级开发工程师,40.0,3-5年,本科,互联网,已上市,1000-9999人,搜狗
北京,Android开发工程师,17.5,5-10年,本科,计算机软件,已上市,1000-9999人,四方精创
北京,高级Android工程师,22.5,3-5年,本科,医疗健康,A轮,1000-9999人,平安健康互联
北京,安卓研发工程师,9.5,1-3年,本科,信息安全,已上市,1000-9999人,天融信
北京,Android开发工程师,11.5,1-3年,本科,移动互联网,未融资,1000-9999人,上海屹通信息科技
北京,Android高级工程师,30.0,5-10年,本科,电子商务,已上市,1000-9999人,当当网
北京,安卓逆向系统工程师,37.5,5-10年,本科,移动互联网,已上市,1000-9999人,天神娱乐
北京,Android开发工程师,22.0,1-3年,本科,游戏,已上市,1000-9999人,完美世界
北京,Android开发工程师,10.0,1-3年,本科,其他行业,不需要融资,1000-9999人,Alten China
北京,IOS/Android/Java技术专家,22.5,1-3年,本科,移动互联网,B轮,1000-9999人,支付宝
北京,android高级研发工程师/专家,40.0,5-10年,本科,互联网,已上市,1000-9999人,高德地图
北京,Android,45.0,1-3年,本科,在线教育,D轮及以上,1000-9999人,猿辅导
北京,资深Android开发工程师,37.5,5-10年,本科,互联网,已上市,1000-9999人,爱奇艺
北京,资深Android开发（爱奇艺VR客户端）,30.0,5-10年,本科,互联网,已上市,1000-9999人,爱奇艺
北京,Android 高级工程师/技术专家,30.0,5-10年,本科,互联网,已上市,1000-9999人,易车
北京,Android工程师,15.0,3-5年,本科,互联网,未融资,1000-9999人,新浪财道
北京,Android高级工程师,40.0,5-10年,本科,互联网,已上市,1000-9999人,美图公司
北京,Android开发工程师,21.5,1-3年,本科,互联网,D轮及以上,1000-9999人,途家网
北京,高级android开发工程师,30.0,3-5年,本科,互联网,已上市,1000-9999人,新浪网
北京,Android安卓开发工程师,18.5,3-5年,本科,互联网,不需要融资,1000-9999人,致医健康
北京,直播平台Android开发,35.0,5-10年,本科,互联网,未融资,1000-9999人,竞技世界
北京,Android开发工程师,37.5,3-5年,本科,社交网络,D轮及以上,1000-9999人,快手
北京,Android开发工程师,22.5,经验不限,本科,计算机软件,已上市,1000-9999人,京东云
北京,优酷-资深Android开发工程师-智能平台,40.5,5-10年,本科,音乐/视频/阅读,,1000-9999人,阿里大文娱-优酷
北京,Android开发,20.0,3-5年,本科,互联网,已上市,1000-9999人,猎豹移动
北京,Android framework,22.5,1-3年,本科,互联网,已上市,1000-9999人,易车
北京,高级Android工程师,40.0,3-5年,本科,移动互联网,已上市,1000-9999人,第一资产
北京,Android开发工程师,20.0,3-5年,大专,互联网金融,不需要融资,1000-9999人,马上消费金融
北京,Android 资深开发工程师,30.0,5-10年,本科,互联网金融,不需要融资,1000-9999人,玖富
北京,Android开发工程师,20.0,3-5年,本科,媒体,不需要融资,1000-9999人,环球购物
北京,Android,20.0,5-10年,大专,互联网,,1000-9999人,北京能科瑞元有限公司
北京,资深Android研发工程师,52.5,5-10年,本科,互联网,已上市,1000-9999人,猎豹移动
北京,高级android工程师,32.5,3-5年,本科,互联网金融,A轮,1000-9999人,水滴互助
北京,高级安卓开发工程师,27.0,3-5年,本科,O2O,D轮及以上,1000-9999人,饿了么
北京,JTSJZX-Android开发工程师,15.0,3-5年,本科,互联网,已上市,1000-9999人,易车公司
北京,Android,11.5,3-5年,大专,计算机软件,已上市,10000人以上,文思海辉
北京,Android,22.5,1-3年,本科,移动互联网,D轮及以上,10000人以上,今日头条
北京,Android,22.5,3-5年,本科,生活服务,已上市,10000人以上,海底捞火锅
北京,Android,23.0,5-10年,本科,互联网,已上市,10000人以上,联想(北京)
北京,Android,24.0,3-5年,本科,移动互联网,D轮及以上,10000人以上,滴滴出行
北京,Android,30.0,3-5年,本科,互联网,已上市,10000人以上,小米
北京,Android,37.5,3-5年,本科,互联网,C轮,10000人以上,蚂蚁金服
北京,Android,45.0,3-5年,本科,O2O,D轮及以上,10000人以上,美团点评
北京,Android,32.5,3-5年,本科,移动互联网,D轮及以上,10000人以上,今日头条
北京,Android工程师,22.5,3-5年,本科,互联网,已上市,10000人以上,百度
北京,安卓开发工程师,30.0,5-10年,本科,互联网,已上市,10000人以上,北京百度网讯有限公司
北京,Android研发工程师,30.0,1-3年,本科,移动互联网,D轮及以上,10000人以上,今日头条
北京,安卓开发工程师,27.5,3-5年,本科,移动互联网,D轮及以上,10000人以上,VIPKID
北京,Android开发工程师,30.0,3-5年,本科,移动互联网,已上市,10000人以上,网易
北京,Android开发工程师,30.0,5-10年,本科,在线教育,已上市,10000人以上,精锐教育
北京,高级android工程师/专家,37.5,5-10年,本科,O2O,D轮及以上,10000人以上,美团点评
北京,抖音Android Leader,45.0,5-10年,本科,移动互联网,D轮及以上,10000人以上,今日头条
北京,Android,24.0,1-3年,本科,互联网,C轮,10000人以上,蚂蚁金服
北京,Android工程师,19.5,1-3年,本科,互联网,已上市,10000人以上,小米
北京,Android驱动工程师,19.5,3-5年,本科,智能硬件,已上市,10000人以上,歌尔
北京,Android研发工程师,22.5,5-10年,本科,互联网,已上市,10000人以上,百度
北京,安卓JNI工程师,40.0,1-3年,本科,互联网,已上市,10000人以上,百度
北京,Android 高级工程师,42.5,5-10年,本科,移动互联网,D轮及以上,10000人以上,滴滴出行
北京,Android开发工程师,22.5,3-5年,本科,原材料及加工/模具,不需要融资,10000人以上,巨化集团
北京,Android开发工程师,30.0,经验不限,本科,互联网,已上市,10000人以上,百度
北京,Android开发工程师,15.5,3-5年,本科,计算机软件,已上市,10000人以上,中软国际
北京,Android开发工程师,25.0,5-10年,本科,互联网,不需要融资,10000人以上,京东金融
北京,Android高级/资深工程师,45.0,1-3年,本科,移动互联网,D轮及以上,10000人以上,今日头条
北京,移动端研发专家-Android,37.5,3-5年,本科,移动互联网,D轮及以上,10000人以上,今日头条
北京,Android开发专家,30.0,3-5年,本科,互联网,C轮,10000人以上,蚂蚁金服
北京,Android 高级/资深工程师,37.5,5-10年,大专,移动互联网,D轮及以上,10000人以上,滴滴出行
北京,Android高级/资深工程师,45.0,3-5年,本科,移动互联网,D轮及以上,10000人以上,今日头条
北京,初级安卓研发外派百度,8.5,1-3年,本科,计算机软件,未融资,10000人以上,软通动力
北京,安卓应用性能管理工程师,40.0,1-3年,本科,互联网,已上市,10000人以上,百度
北京,腾讯视频android高级工程师,25.5,3-5年,本科,互联网,已上市,10000人以上,腾讯
北京,安卓系统应用工程师,30.0,3-5年,本科,互联网,不需要融资,10000人以上,京东金融
北京,Android开发（高级）工程师,35.0,3-5年,本科,移动互联网,D轮及以上,10000人以上,今日头条
北京,Android,37.5,3-5年,硕士,电子商务,已上市,10000人以上,京东集团
北京,Android实习生,4.0,应届生,本科,互联网,已上市,10000人以上,小米
北京,蚂蚁金服Android/iOS招聘,30.0,3-5年,本科,互联网,C轮,10000人以上,蚂蚁金服
北京,移动架构师 (Android),30.0,3-5年,本科,移动互联网,D轮及以上,10000人以上,滴滴出行
北京,Android,45.0,5-10年,本科,移动互联网,D轮及以上,10000人以上,滴滴出行
北京,高级android开发工程师,37.5,3-5年,本科,移动互联网,D轮及以上,10000人以上,今日头条
北京,UC事业部-android高级开发工程师,30.0,3-5年,本科,音乐/视频/阅读,已上市,10000人以上,阿里巴巴文化娱乐...
北京,Android高级开发工程师,30.0,3-5年,本科,互联网,已上市,10000人以上,百度
北京,Android开发,15.5,3-5年,本科,计算机软件,已上市,10000人以上,中软国际
北京,Android技术专家,45.0,5-10年,本科,互联网,C轮,10000人以上,蚂蚁金服
北京,Android Linux系统软件工程师,14.0,应届生,硕士,其他行业,已上市,10000人以上,联发科技
北京,移动架构师 (Android),45.0,5-10年,本科,移动互联网,D轮及以上,10000人以上,滴滴出行
北京,Android研发工程师-抖音,30.0,1-3年,本科,移动互联网,D轮及以上,10000人以上,今日头条
北京,android开发,30.0,经验不限,本科,移动互联网,D轮及以上,10000人以上,今日头条
北京,Android开发工程师,30.0,经验不限,本科,移动互联网,D轮及以上,10000人以上,今日头条
北京,Android软件开发工程师,24.0,3-5年,本科,互联网,已上市,10000人以上,小米
北京,Android研发工程师-火山,30.0,1-3年,本科,移动互联网,D轮及以上,10000人以上,今日头条
北京,Android,30.0,经验不限,本科,电子商务,已上市,10000人以上,京东集团
北京,西瓜客户端研发工程师 - Android,34.5,3-5年,本科,移动互联网,D轮及以上,10000人以上,今日头条
北京,抖音Android研发工程师,30.0,1-3年,本科,移动互联网,D轮及以上,10000人以上,今日头条
北京,安卓高级开发工程师,27.5,经验不限,本科,互联网,C轮,10000人以上,蚂蚁金服
北京,Android,22.5,3-5年,本科,互联网,不需要融资,10000人以上,京东金融
北京,Android资深工程师-国际化业务,40.0,5-10年,本科,移动互联网,D轮及以上,10000人以上,滴滴出行
北京,Android资深开发工程师,42.5,5-10年,本科,移动互联网,D轮及以上,10000人以上,滴滴出行
北京,Android高级/资深/架构工程师,30.0,3-5年,本科,移动互联网,D轮及以上,10000人以上,滴滴出行
北京,移动客户端android工程师（北京）,25.0,3-5年,本科,互联网,已上市,10000人以上,腾讯
北京,MIG16-车联网Android开发高级工程师,25.5,3-5年,本科,互联网,已上市,10000人以上,腾讯
北京,Android 开发高级工程师,25.0,1-3年,本科,互联网,C轮,10000人以上,蚂蚁金服
北京,Android开发（高级）工程师,45.0,经验不限,硕士,移动互联网,D轮及以上,10000人以上,今日头条
北京,Android架构师,30.0,1-3年,本科,移动互联网,D轮及以上,10000人以上,滴滴出行
北京,android开发工程师,22.5,3-5年,本科,互联网,已上市,10000人以上,百度
北京,android开发工程师,30.0,5-10年,本科,分类信息,C轮,10000人以上,瓜子二手车直卖网
北京,高级Android研发工程师,27.5,5-10年,本科,电子商务,已上市,10000人以上,京东集团
北京,Android多媒体框架开发工程师,32.5,1-3年,本科,移动互联网,D轮及以上,10000人以上,今日头条
北京,Android系统开发工程师,30.0,经验不限,本科,互联网,已上市,10000人以上,小米
北京,Android中/高级工程师,26.0,5-10年,本科,移动互联网,已上市,10000人以上,搜狐
北京,Android开发,20.0,3-5年,本科,计算机软件,未融资,10000人以上,软通动力
北京,Android开发高级工程师/专家,37.5,3-5年,本科,互联网,C轮,10000人以上,蚂蚁金服
北京,Android开发高级工程师,30.0,3-5年,本科,移动互联网,D轮及以上,10000人以上,今日头条
北京,Android客户端开发,27.5,3-5年,本科,互联网,已上市,10000人以上,腾讯
北京,Android工程师,30.0,5-10年,本科,在线教育,已上市,10000人以上,精锐教育
北京,蚂蚁金服-Android专家/高级专家-安全智能,32.5,3-5年,本科,互联网,已上市,10000人以上,阿里巴巴集团
北京,Android资深/专家开发工程师,50.0,5-10年,本科,移动互联网,D轮及以上,10000人以上,滴滴出行
北京,Android研发工程师,15.0,3-5年,本科,互联网金融,未融资,10000人以上,北京恒昌利通
北京,蚂蚁金服Android/iOS招聘,30.0,3-5年,本科,互联网,C轮,10000人以上,蚂蚁金服
北京,Android架构师,45.0,5-10年,本科,O2O,已上市,10000人以上,美团新零售业务部
北京,Android 高级工程师,30.0,3-5年,本科,移动互联网,D轮及以上,10000人以上,滴滴出行
北京,Android开发高级工程师 - 懂车帝,30.0,3-5年,本科,移动互联网,D轮及以上,10000人以上,今日头条
北京,高级Android开发工程师,30.0,3-5年,本科,互联网,已上市,10000人以上,百度
北京,Android开发工程师,22.5,3-5年,本科,互联网,已上市,10000人以上,好未来
北京,国际化Android乘客端工程师,32.5,1-3年,本科,移动互联网,D轮及以上,10000人以上,滴滴出行
北京,Android高级研发工程师-,30.0,经验不限,本科,计算机软件,未融资,10000人以上,软通动力
北京,Android高级开发工程师,35.0,1-3年,本科,互联网,C轮,10000人以上,蚂蚁金服
北京,高级android/Java开发工程师,32.5,5-10年,本科,电子商务,已上市,10000人以上,京东集团
北京,Android软件开发工程师,18.5,3-5年,本科,移动互联网,D轮及以上,10000人以上,滴滴出行
北京,Android高级/资深研发工程师,30.0,3-5年,本科,移动互联网,D轮及以上,10000人以上,今日头条
北京,高级android研发工程师,45.0,经验不限,本科,移动互联网,D轮及以上,10000人以上,今日头条
北京,Android开发,10.0,1-3年,学历不限,计算机软件,已上市,10000人以上,纬创
北京,高级Android开发工程师,30.0,3-5年,本科,互联网,已上市,10000人以上,小米
北京,Android研发工程师-抖音短视频,37.5,3-5年,本科,移动互联网,D轮及以上,10000人以上,今日头条
北京,Android中级开发工程师,30.0,1-3年,本科,移动互联网,D轮及以上,10000人以上,滴滴出行
北京,安卓--资深工程师/技术专家/架构师,60.0,5-10年,本科,移动互联网,D轮及以上,10000人以上,滴滴出行
北京,Android多媒体研发工程师-抖音/火山,30.0,1-3年,本科,移动互联网,D轮及以上,10000人以上,今日头条
北京,Android高级/资深研发工程师-平台架构,45.0,3-5年,本科,移动互联网,D轮及以上,10000人以上,今日头条
北京,多媒体Android平台研发工程师,30.0,1-3年,本科,移动互联网,D轮及以上,10000人以上,今日头条
北京,Android开发工程师,26.5,经验不限,本科,互联网,已上市,10000人以上,小米
北京,Android高级开发工程师,40.0,3-5年,本科,移动互联网,D轮及以上,10000人以上,今日头条
北京,Android系统技术专家,60.0,5-10年,本科,计算机软件,不需要融资,10000人以上,华为技术有限公司
北京,高级Android研发工程师,37.5,3-5年,本科,移动互联网,C轮,10000人以上,链家网
北京,高级Android研发工程师,37.5,3-5年,本科,移动互联网,D轮及以上,10000人以上,今日头条
北京,资深 Android 端研发,30.0,3-5年,本科,互联网,已上市,10000人以上,百度
北京,Android开发-MIUI,27.5,3-5年,本科,互联网,已上市,10000人以上,小米
北京,Android开发实习生,8.0,经验不限,本科,移动互联网,D轮及以上,10000人以上,今日头条
北京,安卓地图sdk开发高级工程师,30.0,1-3年,本科,移动互联网,D轮及以上,10000人以上,滴滴出行
北京,安卓开发工程师,16.5,3-5年,本科,互联网,已上市,10000人以上,方正电子
北京,Android开发工程师,30.0,1-3年,学历不限,移动互联网,D轮及以上,10000人以上,今日头条
北京,Android开发,22.5,3-5年,本科,电子商务,已上市,10000人以上,京东集团
北京,Sr. Android Developer,30.0,3-5年,本科,电子商务,已上市,10000人以上,Visa
北京,高级Android开发工程师,37.5,经验不限,本科,移动互联网,D轮及以上,10000人以上,今日头条
北京,Android,22.5,1-3年,本科,互联网,已上市,10000人以上,好未来
北京,Android开发高级工程师,45.0,1-3年,本科,移动互联网,D轮及以上,10000人以上,今日头条
北京,Android开发实习,15.5,经验不限,本科,移动互联网,D轮及以上,10000人以上,今日头条
北京,Android工程师,30.0,经验不限,本科,分类信息,C轮,10000人以上,瓜子二手车直卖网
北京,Android研发工程师,30.0,3-5年,本科,互联网,已上市,10000人以上,小米
北京,Android研发工程师,17.5,1-3年,本科,移动互联网,D轮及以上,10000人以上,VIPKID
北京,Android高级研发工程师,15.0,经验不限,本科,计算机软件,未融资,10000人以上,软通动力
北京,车联网事业部-Android系统安全工程师,30.0,经验不限,学历不限,互联网,已上市,10000人以上,百度
北京,Android应用开发工程师,30.0,经验不限,本科,互联网,已上市,10000人以上,小米
北京,高级客户端开发工程师（Android）,25.0,3-5年,本科,互联网,C轮,10000人以上,蚂蚁金服
北京,国际化Android乘客端工程师,30.0,3-5年,学历不限,移动互联网,D轮及以上,10000人以上,滴滴出行
北京,Android开发工程师,32.5,5-10年,本科,电子商务,已上市,10000人以上,京东集团
北京,安卓开发,15.5,1-3年,本科,移动互联网,已上市,10000人以上,博彦科技
北京,Android,21.5,1-3年,本科,计算机硬件,,10000人以上,联想移动通信科技...
北京,Android开发工程师,30.0,3-5年,本科,互联网,已上市,10000人以上,阿里巴巴集团
北京,Android(高级)工程师,40.0,3-5年,本科,移动互联网,D轮及以上,10000人以上,今日头条
北京,高级Android工程师,27.0,5-10年,硕士,计算机软件,已上市,10000人以上,苏宁
北京,Android,30.0,经验不限,本科,移动互联网,D轮及以上,10000人以上,今日头条
北京,Android,24.0,5-10年,本科,互联网,不需要融资,10000人以上,京东金融
北京,Android客户端开发,30.0,经验不限,本科,移动互联网,D轮及以上,10000人以上,今日头条
北京,高级安卓开发工程师,30.0,3-5年,本科,移动互联网,D轮及以上,10000人以上,滴滴出行
北京,Android 语音开发工程师,17.0,3-5年,大专,计算机软件,未融资,10000人以上,软通动力
北京,Android 架构师,50.0,3-5年,本科,移动互联网,D轮及以上,10000人以上,今日头条
北京,Android高级研发工程师,25.0,3-5年,本科,互联网,已上市,10000人以上,百度
北京,高级Android研发工程师,22.5,3-5年,本科,移动互联网,D轮及以上,10000人以上,VIPKID
北京,Android研发工程师,45.0,经验不限,本科,移动互联网,D轮及以上,10000人以上,今日头条
北京,Android开发工程师,15.0,1-3年,本科,计算机软件,已上市,10000人以上,软通动力有限公司
北京,Android开发工程师,25.0,5-10年,本科,智能硬件,已上市,10000人以上,康得新
北京,高级Android /IOS 工程师/专家,22.5,3-5年,本科,互联网,C轮,10000人以上,蚂蚁金服
北京,Android研发工程师,17.5,3-5年,本科,互联网,已上市,10000人以上,好未来
北京,Android高级软件工程师(AI产品 ),40.0,5-10年,本科,互联网,已上市,10000人以上,小米
北京,Android高级开发工程师,37.5,经验不限,本科,移动互联网,D轮及以上,10000人以上,今日头条
北京,今日头条Android研发工程师,37.5,3-5年,本科,移动互联网,D轮及以上,10000人以上,今日头条
北京,资深Android研发工程师,37.5,5-10年,本科,电子商务,已上市,10000人以上,京东集团
北京,Android端负责人,47.5,3-5年,本科,移动互联网,D轮及以上,10000人以上,今日头条
北京,Android开发工程师（BJ）,30.0,1-3年,本科,智能硬件,D轮及以上,10000人以上,大疆创新
北京,Android 高级研发工程师,45.0,3-5年,本科,互联网,已上市,10000人以上,百度
北京,西瓜视频Android研发工程师,37.5,3-5年,本科,移动互联网,D轮及以上,10000人以上,今日头条
北京,资深安卓开发,55.0,5-10年,本科,移动互联网,D轮及以上,10000人以上,今日头条
北京,高级Android开发工程师,34.0,3-5年,本科,移动互联网,D轮及以上,10000人以上,滴滴出行
北京,Android开发工程师,27.5,3-5年,本科,互联网,已上市,10000人以上,搜狐媒体
北京,安卓高级开发工程师,30.0,3-5年,本科,互联网,已上市,10000人以上,小米
北京,Android开发工程师,22.5,1-3年,本科,移动互联网,D轮及以上,10000人以上,北京字节跳动
北京,Android锁屏开发工程师,25.0,3-5年,本科,移动互联网,已上市,10000人以上,小米科技有限责任公司
北京,安卓研发工程师,22.5,1-3年,本科,互联网,已上市,10000人以上,百度
北京,Android中高级研发工程师,28.5,3-5年,本科,电子商务,已上市,10000人以上,京东集团
北京,Android系统工程师,30.0,3-5年,本科,移动互联网,D轮及以上,10000人以上,今日头条
北京,资深Android研发工程师(J181010016),52.5,3-5年,本科,移动互联网,D轮及以上,10000人以上,滴滴出行
北京,安卓语音测试工程师,14.0,5-10年,大专,计算机软件,未融资,10000人以上,软通动力
北京,安卓高级/专家研发工程师,27.5,3-5年,本科,互联网,C轮,10000人以上,蚂蚁金服
北京,Android资深开发工程师/技术专家,30.0,3-5年,本科,互联网,C轮,10000人以上,蚂蚁金服
北京,高级Android开发工程师,30.0,3-5年,本科,移动互联网,D轮及以上,10000人以上,北京字节跳动
北京,蚂蚁金服专场招聘Android开发工程师专家,30.0,3-5年,本科,互联网,C轮,10000人以上,蚂蚁金服
北京,安卓开发工程师,25.0,1年以内,本科,互联网,已上市,10000人以上,百度
北京,Android客户端开发,22.5,1-3年,本科,互联网,已上市,10000人以上,腾讯
北京,Sr. Android Developer (Lead),52.5,10年以上,本科,电子商务,已上市,10000人以上,Visa
北京,商务搜索智能交互部-Android客户端开发,22.5,1-3年,本科,互联网,已上市,10000人以上,百度
北京,Android开发工程师,16.0,3-5年,本科,计算机软件,D轮及以上,10000人以上,京北方
北京,Android研发工程师,37.5,3-5年,本科,互联网,已上市,10000人以上,百度
北京,Android资深工程师,37.5,3-5年,本科,移动互联网,D轮及以上,10000人以上,滴滴出行
北京,国际化Android工程师/架构师,30.0,3-5年,本科,移动互联网,D轮及以上,10000人以上,滴滴出行
北京,Android高级安全工程师/专家,37.5,1-3年,本科,互联网,已上市,10000人以上,阿里巴巴集团
北京,Android开发工程师（海外商城）,30.0,经验不限,本科,互联网,已上市,10000人以上,小米
北京,魔法校-Android开发工程师,20.0,1-3年,本科,互联网,已上市,10000人以上,好未来
北京,Android SDK开发工程师,33.0,3-5年,本科,电子商务,已上市,10000人以上,京东集团
北京,Android 高级开发工程师,30.0,3-5年,本科,互联网,已上市,10000人以上,百度
北京,23675-Android客户端开发（图形处理方向）,24.0,3-5年,本科,互联网,已上市,10000人以上,腾讯
北京,Android,22.5,1-3年,本科,互联网,已上市,10000人以上,百度
北京,安卓资深开发工程师,40.0,3-5年,本科,移动互联网,D轮及以上,10000人以上,今日头条
北京,高级客户端开发工程师/专家（Android）,25.0,1-3年,本科,互联网,C轮,10000人以上,蚂蚁金服
北京,Android开发,12.5,1-3年,本科,计算机软件,已上市,10000人以上,中科软
北京,Android研发工程师,22.5,1-3年,本科,互联网,已上市,10000人以上,百度
北京,高级Android Framework软件工程师,30.0,3-5年,本科,移动互联网,D轮及以上,10000人以上,今日头条
北京,Android高级开发工程师,22.5,3-5年,本科,移动互联网,D轮及以上,10000人以上,VIPKID
北京,Android高级/资深/架构工程师,27.5,1-3年,本科,移动互联网,D轮及以上,10000人以上,滴滴出行
北京,Android资深开发/架构师,30.0,3-5年,本科,互联网,已上市,10000人以上,阿里巴巴集团
北京,安卓系统安全工程师,19.5,经验不限,本科,计算机软件,未融资,10000人以上,软通动力
北京,android开发（高级）工程师-国内头条版,30.0,经验不限,本科,移动互联网,D轮及以上,10000人以上,今日头条
北京,高级android工程师,27.0,3-5年,本科,分类信息,C轮,10000人以上,瓜子二手车直卖网
北京,Android开发工程师,22.5,3-5年,本科,电子商务,已上市,10000人以上,京东集团
北京,Android高级开发,45.0,3-5年,本科,移动互联网,D轮及以上,10000人以上,今日头条
北京,Android,20.0,1年以内,本科,互联网,不需要融资,10000人以上,网易乐得
北京,Android开发工程师,27.5,3-5年,本科,移动互联网,D轮及以上,10000人以上,滴滴出行
北京,Android高级开发工程师,35.0,5-10年,本科,电子商务,已上市,10000人以上,京东集团
北京,Android,22.5,1-3年,本科,互联网金融,天使轮,10000人以上,宜信公司
北京,Android开发/高级安卓开发工程师,20.0,3-5年,本科,医疗健康,不需要融资,10000人以上,云南白药
北京,优酷-Android开发专家/高级专家-平台架构,30.0,3-5年,本科,互联网,已上市,10000人以上,阿里巴巴集团
北京,Android系统开发,25.0,3-5年,本科,互联网,已上市,10000人以上,小米
北京,android开发工程师,30.0,1-3年,本科,互联网,已上市,10000人以上,百度
北京,Android 开发工程师,37.5,1-3年,本科,移动互联网,D轮及以上,10000人以上,今日头条
北京,Android高级研发工程师,27.5,3-5年,本科,移动互联网,D轮及以上,10000人以上,VIPKID
北京,Android app development in mobile phone,17.5,经验不限,本科,智能硬件,不需要融资,10000人以上,富士康
北京,Android,15.0,3-5年,大专,互联网,已上市,10000人以上,联想(北京)
北京,Android高级/资深开发工程师,26.5,1-3年,本科,移动互联网,D轮及以上,10000人以上,滴滴出行
北京,高级Android开发工程师,27.5,3-5年,本科,移动互联网,B轮,10000人以上,首汽约车
北京,Android研发工程师,37.5,经验不限,本科,移动互联网,D轮及以上,10000人以上,滴滴出行
北京,Android工程师/专家/高级专家,45.0,经验不限,本科,互联网,C轮,10000人以上,蚂蚁金服
北京,移动端leader（iOS/安卓）,45.0,5-10年,本科,移动互联网,D轮及以上,10000人以上,今日头条
北京,京东商城-android客户端研发,30.0,3-5年,本科,电子商务,已上市,10000人以上,京东集团
北京,效率工程团队-Android研发实习生,12.5,经验不限,本科,移动互联网,D轮及以上,10000人以上,今日头条
北京,Android测试工程师,11.5,1-3年,本科,计算机软件,未融资,10000人以上,软通动力
北京,Android 高级工程师,40.0,3-5年,本科,移动互联网,D轮及以上,10000人以上,今日头条
北京,Android开发工程师,30.0,3-5年,本科,互联网,不需要融资,10000人以上,京东金融
北京,Android高级开发工程师,30.0,3-5年,本科,移动互联网,已上市,10000人以上,搜狐
北京,Android网络工程师,22.5,经验不限,本科,互联网,已上市,10000人以上,小米
北京,Android资深研发工程师,37.5,3-5年,本科,移动互联网,D轮及以上,10000人以上,今日头条
北京,翻译君Android开发工程师（北京）,22.5,3-5年,本科,互联网,已上市,10000人以上,腾讯
北京,Android高级研发工程师,30.0,3-5年,本科,互联网金融,天使轮,10000人以上,宜信公司
北京,高级安卓开发工程师,27.5,经验不限,本科,互联网,不需要融资,10000人以上,网易乐得
北京,百度Android研发工程师,22.5,1-3年,本科,互联网,已上市,10000人以上,百度
北京,安卓开发,8.0,1年以内,大专,计算机软件,未融资,10000人以上,软通动力
北京,高级Android开发工程师,35.0,3-5年,本科,互联网,D轮及以上,10000人以上,人人车
北京,android,15.5,3-5年,本科,计算机软件,D轮及以上,10000人以上,京北方
北京,Android高级/资深开发工程师,37.5,3-5年,学历不限,移动互联网,D轮及以上,10000人以上,滴滴出行
北京,Android架构师,37.5,1年以内,本科,互联网,已上市,10000人以上,阿里巴巴集团
北京,高级Android系统工程师,30.0,经验不限,本科,互联网,已上市,10000人以上,小米
北京,Android移动架构师/技术专家,37.5,5-10年,学历不限,移动互联网,D轮及以上,10000人以上,滴滴出行
北京,Android开发,22.5,5-10年,本科,互联网,已上市,10000人以上,腾讯
北京,ANDROID开发工程师,27.5,3-5年,本科,互联网,C轮,10000人以上,蚂蚁金服
北京,高级Android开发工程师,25.0,5-10年,本科,在线教育,已上市,10000人以上,精锐教育
北京,Android高级研发工程师,45.0,3-5年,本科,移动互联网,D轮及以上,10000人以上,今日头条
北京,高级/资深Android工程师,45.0,3-5年,本科,移动互联网,D轮及以上,10000人以上,滴滴出行
北京,Android系统工程师,35.0,5-10年,本科,移动互联网,D轮及以上,10000人以上,滴滴出行
北京,多媒体Android平台研发工程师,30.0,1-3年,本科,移动互联网,D轮及以上,10000人以上,今日头条
北京,Android开发工程师,22.5,5-10年,本科,计算机软件,已上市,10000人以上,BOE
北京,Android,22.5,3-5年,大专,计算机软件,已上市,10000人以上,苏宁
北京,android 系统开发工程师,22.5,3-5年,本科,互联网,已上市,10000人以上,小米
北京,Android开发工程师,22.5,经验不限,学历不限,互联网,不需要融资,10000人以上,京东金融
北京,Android高级研发工程师,30.0,1-3年,本科,移动互联网,C轮,10000人以上,链家网
北京,资深Android开发工程师,50.0,5-10年,本科,移动互联网,D轮及以上,10000人以上,滴滴出行
北京,Android研发工程师（系统安全方向）,30.0,3-5年,本科,互联网,已上市,10000人以上,百度
北京,高级Android开发工程师,37.5,5-10年,本科,互联网,不需要融资,10000人以上,恒昌利通
北京,android 实习生,12.0,经验不限,本科,移动互联网,D轮及以上,10000人以上,今日头条
北京,车联网Android开发高级工程师(北京+深圳),15.0,3-5年,本科,互联网,已上市,10000人以上,腾讯
北京,android开发工程师,30.0,3-5年,本科,移动互联网,D轮及以上,10000人以上,VIPKID
北京,安卓开发工程师,5.0,应届生,本科,互联网,已上市,10000人以上,好未来
北京,Android开发工程师,14.0,3-5年,本科,互联网,已上市,10000人以上,方正电子
北京,Android 开发工程师,30.0,经验不限,本科,互联网,已上市,10000人以上,小米
北京,Android,11.5,1-3年,本科,计算机软件,已上市,10000人以上,纬创
北京,Android研发工程师(系统安全方向),30.0,3-5年,本科,互联网,已上市,10000人以上,百度
北京,Android,37.5,1年以内,本科,互联网,已上市,10000人以上,阿里巴巴集团
北京,Android framework,27.0,3-5年,本科,互联网,已上市,10000人以上,小米
北京,高级Android研发专家,37.5,5-10年,本科,移动互联网,D轮及以上,10000人以上,今日头条
北京,Android高级开发工程师,19.0,3-5年,本科,计算机软件,已上市,10000人以上,BOE
北京,安卓开发工程师,28.0,3-5年,本科,移动互联网,D轮及以上,10000人以上,美菜网
北京,安卓开发工程师,45.0,5-10年,本科,互联网,不需要融资,10000人以上,京东金融
北京,Android,11.0,1-3年,本科,计算机软件,已上市,10000人以上,中软国际
北京,android工程师（AI研究院招聘）,45.0,1-3年,本科,电子商务,已上市,10000人以上,京东集团
北京,Android高级开发,17.5,3-5年,本科,互联网,已上市,10000人以上,百度
北京,Android开发工程师,32.5,经验不限,本科,移动互联网,D轮及以上,10000人以上,滴滴出行
北京,Android,32.5,5-10年,本科,电子商务,已上市,10000人以上,京东集团
北京,学而思网校-Android架构师,52.5,5-10年,本科,互联网,已上市,10000人以上,好未来
北京,Android 高级/资深工程师,37.5,3-5年,本科,互联网,已上市,10000人以上,百度
北京,Android,22.5,5-10年,本科,计算机软件,未融资,10000人以上,软通动力
北京,Android开发工程师,27.0,1-3年,本科,互联网,已上市,10000人以上,小米
北京,安卓应用工程师（通话方向）,22.5,3-5年,本科,计算机硬件,已上市,10000人以上,联想集团
北京,高级Android开发工程师,45.0,5-10年,本科,电子商务,已上市,10000人以上,京东集团
北京,Android技术专家,45.0,3-5年,硕士,移动互联网,D轮及以上,10000人以上,今日头条
北京,Android/ios客户端工程师/专家,37.5,1-3年,本科,互联网,已上市,10000人以上,阿里巴巴集团
北京,高级Android工程师/专家,30.0,3-5年,本科,互联网,C轮,10000人以上,蚂蚁金服
北京,安卓开发工程师,25.0,3-5年,本科,互联网,已上市,10000人以上,尚德机构
北京,高级Android工程师,30.0,1-3年,硕士,移动互联网,D轮及以上,10000人以上,滴滴出行
北京,Android应用开发工程师,22.5,3-5年,本科,计算机软件,已上市,10000人以上,BOE
北京,android开发,37.5,3-5年,本科,移动互联网,D轮及以上,10000人以上,今日头条
北京,Android高级研发工程师,30.0,3-5年,本科,电子商务,已上市,10000人以上,京东集团
北京,安卓研发工程师,25.0,1年以内,本科,互联网,已上市,10000人以上,百度
北京,Android,30.0,3-5年,本科,移动互联网,已上市,10000人以上,阿里集团
北京,多媒体平台研发工程师-Android-抖音/火山,30.0,1-3年,本科,移动互联网,D轮及以上,10000人以上,今日头条
北京,腾讯视频Android高级工程师（北京）,22.5,3-5年,本科,互联网,已上市,10000人以上,腾讯
北京,Android开发工程师（实习）,6.0,应届生,本科,互联网,已上市,10000人以上,小米
北京,Android,27.0,经验不限,本科,互联网,已上市,10000人以上,百度
北京,高级安卓开发工程师,22.5,5-10年,本科,互联网,已上市,10000人以上,好未来
北京,Android/iOS客户端工程师/专家,30.0,3-5年,本科,互联网,已上市,10000人以上,阿里巴巴集团
北京,高级/资深Android软件工程师,30.0,3-5年,本科,移动互联网,D轮及以上,10000人以上,滴滴出行
北京,Android开发leader,50.0,5-10年,本科,移动互联网,D轮及以上,10000人以上,今日头条
北京,资深无线开发工程师（北京Android）,33.0,经验不限,本科,互联网,已上市,10000人以上,阿里巴巴国际事业部
北京,android高级开发工程师/开发专家,30.0,3-5年,本科,互联网,C轮,10000人以上,蚂蚁金服
北京,移动研发专家Android,45.0,5-10年,本科,互联网金融,天使轮,10000人以上,宜信公司
北京,蚂蚁金服-高级Android工程师/专家-支付宝,30.0,3-5年,本科,互联网,已上市,10000人以上,阿里巴巴集团
北京,Android开发工程师,11.5,1-3年,本科,计算机软件,已上市,10000人以上,中软国际
北京,短视频终端业务开发安卓,30.0,3-5年,本科,互联网,已上市,10000人以上,腾讯
北京,Android开发工程师-视频云,30.0,5-10年,本科,互联网,已上市,10000人以上,京东世纪贸易有限公司
北京,软件开发工程师（Android）,37.5,3-5年,本科,互联网,不需要融资,10000人以上,京东金融
北京,腾讯联盟广告Android高级开发工程师（北京）,32.5,3-5年,本科,互联网,已上市,10000人以上,腾讯
