北京,Android,5.0,应届生,本科,互联网,未融资,0-20人,北京塔塔时代科技...
北京,Android实习生,4.5,应届生,本科,社交网络,B轮,20-99人,诺舟科技
北京,Android开发工程师,11.5,应届生,本科,互联网,B轮,500-999人,OKCoin
北京,Android实习生,4.0,应届生,本科,互联网,已上市,10000人以上,小米
北京,Android Linux系统软件工程师,14.0,应届生,硕士,其他行业,已上市,10000人以上,联发科技
北京,android开发工程师,8.5,应届生,本科,互联网,不需要融资,20-99人,奇妙王国
北京,Android开发实习生,4.5,应届生,本科,移动互联网,A轮,20-99人,摩尔妈妈
北京,Android,7.0,应届生,学历不限,互联网金融,不需要融资,20-99人,智海舟
北京,android开发实习生,5.0,应届生,本科,互联网,未融资,0-20人,北京塔塔时代科技...
北京,Android初级工程师,8.0,应届生,本科,移动互联网,B轮,20-99人,爱语吧
北京,Android实习生,4.5,应届生,本科,互联网金融,B轮,100-499人,界面网
北京,Android技术支持实习生,2.5,应届生,本科,互联网,A轮,100-499人,Pico VR
北京,【校招】Android开发工程师(直播业务）,12.5,应届生,本科,移动互联网,已上市,1000-9999人,陌陌
北京,Android,3.5,应届生,学历不限,计算机软件,,0-20人,博网
北京,Android 工程师,7.5,应届生,本科,智能硬件,未融资,0-20人,至简科技
北京,安卓开发工程师,5.0,应届生,本科,互联网,已上市,10000人以上,好未来
北京,Android开发工程师（实习）,6.0,应届生,本科,互联网,已上市,10000人以上,小米
北京,Android开发实习生,6.0,应届生,本科,移动互联网,D轮及以上,10000人以上,今日头条
北京,Android校招,12.5,应届生,本科,互联网,已上市,500-999人,掌阅科技
北京,Android实习开发,6.0,应届生,本科,移动互联网,不需要融资,100-499人,iHandy
北京,Android开发实习生,5.5,应届生,本科,互联网,天使轮,20-99人,神荼科技
北京,android开发实习生,6.5,应届生,硕士,互联网,B轮,100-499人,达闼科技
北京,Android开发工程师,4.0,应届生,硕士,互联网,B轮,100-499人,齐聚科技
北京,android实习生,6.0,应届生,硕士,社交网络,A轮,20-99人,VeeR
北京,安卓实习生,4.5,应届生,本科,移动互联网,未融资,100-499人,帮学试
北京,Android 软件工程师,7.5,应届生,本科,智能硬件,未融资,0-20人,至简科技
北京,Android开发工程师,22.0,应届生,本科,移动互联网,D轮及以上,10000人以上,今日头条
北京,Android开发实习生,4.5,应届生,本科,互联网,A轮,1000-9999人,58到家
北京,软件工程师 Android方向,7.5,应届生,大专,智能硬件,未融资,0-20人,至简科技
北京,Android初级开发工程师,6.0,应届生,本科,计算机软件,未融资,0-20人,勇软博盛
北京,Android 开发工程师,7.5,应届生,本科,智能硬件,未融资,0-20人,至简科技
北京,Android,5.0,应届生,本科,移动互联网,B轮,20-99人,爱语吧
北京,Android 测试开发实习,6.0,应届生,硕士,互联网,已上市,10000人以上,小米
北京,Android 智能硬件 软件工程师,6.0,应届生,本科,智能硬件,未融资,0-20人,至简科技
北京,Android 研发工程师,7.5,应届生,本科,智能硬件,未融资,0-20人,至简科技
北京,Android初级工程师,15.0,应届生,本科,计算机软件,不需要融资,100-499人,新橙科技
北京,Android 开发工程师-北京,7.5,应届生,本科,智能硬件,未融资,0-20人,至简科技
北京,Android,7.0,应届生,本科,移动互联网,,0-20人,北京芙洛科技有限...
北京,Android,22.5,应届生,本科,医疗健康,天使轮,20-99人,钓鱼台食品
北京,2019--Android开发工程师,22.5,应届生,本科,移动互联网,D轮及以上,500-999人,一点资讯
北京,安卓开发工程师-实习,5.5,应届生,本科,互联网,不需要融资,10000人以上,京东金融
北京,小米Android研发工程师,4.5,应届生,本科,互联网,已上市,10000人以上,小米
北京,Android,4.5,应届生,学历不限,互联网,A轮,0-20人,Sino Angel
北京,app测试实习生,3.5,应届生,本科,互联网,B轮,20-99人,大圣互动
北京,Android,33.5,应届生,本科,移动互联网,D轮及以上,10000人以上,今日头条
北京,iOS开发实习生,13.5,应届生,本科,移动互联网,D轮及以上,500-999人,闪银奇异
北京,主题制作者,6.5,应届生,本科,移动互联网,,0-20人,视觉互联
北京,平面设计实习生,4.5,应届生,本科,移动互联网,B轮,20-99人,Castbox
北京,移动端测试实习,3.0,应届生,本科,互联网,已上市,10000人以上,百度
北京,软件测试实习生,4.5,应届生,本科,媒体,不需要融资,100-499人,光明云媒
北京,英语实习生,4.5,应届生,本科,移动互联网,B轮,20-99人,Castbox
北京,产品实习生,4.0,应届生,本科,媒体,不需要融资,100-499人,光明云媒
北京,Android,15.0,1年以内,本科,移动互联网,C轮,100-499人,华捷艾米
北京,Android,12.0,1年以内,本科,计算机软件,未融资,20-99人,赋睿智能
北京,Android,9.5,1年以内,大专,院校,,20-99人,国媒教育
北京,Linux/Android BSP工程师,18.0,1年以内,本科,计算机软件,,0-20人,阅视智能
北京,Android,12.5,1年以内,本科,医疗健康,不需要融资,20-99人,康宁瑞通
北京,Android,4.5,1年以内,本科,互联网金融,B轮,100-499人,界面网
北京,Android,10.5,1年以内,学历不限,移动互联网,,0-20人,韬略众成科技
北京,Android,9.5,1年以内,学历不限,媒体,未融资,20-99人,韭菜科技
北京,Android,8.0,1年以内,本科,医疗健康,不需要融资,500-999人,北京怡成
北京,Android开发工程师,27.5,1年以内,本科,互联网,不需要融资,1000-9999人,去哪儿
北京,android实习生,4.0,1年以内,本科,互联网,未融资,0-20人,北京塔塔时代科技...
北京,Android,8.0,1年以内,本科,学前教育,,20-99人,小童科技
北京,Android,27.0,1年以内,本科,移动互联网,A轮,0-20人,Swaying
北京,Android,6.5,1年以内,本科,社交网络,未融资,0-20人,北京多泽科技有限...
北京,Android,9.0,1年以内,大专,计算机软件,,0-20人,中电颐合
北京,Android开发工程师,9.0,1年以内,大专,医疗健康,不需要融资,500-999人,北京怡成
北京,Android开发工程师,9.0,1年以内,本科,移动互联网,未融资,20-99人,蓝凌科技
北京,Android,15.0,1年以内,本科,移动互联网,未融资,0-20人,财阶科技
北京,Android,9.5,1年以内,本科,广告营销,A轮,20-99人,星系互联
北京,Android架构师,37.5,1年以内,本科,互联网,已上市,10000人以上,阿里巴巴集团
北京,安卓开发工程师,25.0,1年以内,本科,互联网,已上市,10000人以上,百度
北京,android/ios软件开发工程师,7.5,1年以内,本科,移动互联网,C轮,20-99人,曙光无限
北京,android工程师,11.5,1年以内,本科,医疗健康,未融资,20-99人,基层医联网
北京,安卓开发,8.0,1年以内,大专,计算机软件,未融资,10000人以上,软通动力
北京,Android,20.0,1年以内,本科,互联网,不需要融资,10000人以上,网易乐得
北京,Android framework工程师,30.0,1年以内,本科,计算机硬件,A轮,20-99人,nreal.ai
北京,Android,12.5,1年以内,学历不限,医疗健康,,20-99人,中哈健康
北京,Android开发工程师,8.0,1年以内,大专,通信/网络设备,未融资,20-99人,大予科技
北京,Android应用开发工程师,11.5,1年以内,本科,移动互联网,天使轮,0-20人,欧蒂派
北京,Android,37.5,1年以内,本科,互联网,已上市,10000人以上,阿里巴巴集团
北京,安卓工程师,10.0,1年以内,本科,O2O,A轮,100-499人,万能小哥
北京,android开发工程师,11.5,1年以内,本科,计算机软件,未融资,20-99人,卓越耐特
北京,Android开发工程师,20.0,1年以内,大专,互联网金融,天使轮,20-99人,上座
北京,安卓研发工程师,25.0,1年以内,本科,互联网,已上市,10000人以上,百度
北京,Android系统工程师,27.5,1年以内,本科,互联网,B轮,500-999人,氪空间
北京,Android开发工程师,15.0,1年以内,本科,互联网,B轮,100-499人,TigerWit
北京,安卓工程师,8.0,1年以内,本科,移动互联网,未融资,1000-9999人,万向思维
北京,Android研发工程师,18.5,1年以内,本科,互联网,A轮,20-99人,烽鸟出行
北京,Android,7.5,1年以内,本科,互联网,A轮,20-99人,眨眼网
北京,Android开发工程师,12.5,1年以内,本科,计算机软件,天使轮,20-99人,云祺信息
北京,Android音频工程师,30.0,1年以内,本科,计算机硬件,A轮,20-99人,nreal.ai
北京,Android开发工程师,11.5,1年以内,本科,计算机软件,未融资,100-499人,云核网络
北京,Android+IOS开发工程师,10.0,1年以内,本科,在线教育,A轮,20-99人,图森
北京,安卓主题产品助理,3.0,1年以内,本科,移动互联网,,0-20人,视觉互联
北京,安卓软件开发工程师,6.5,1年以内,本科,互联网,不需要融资,100-499人,航天四创
北京,iOS安卓实习生,3.5,1年以内,本科,计算机软件,天使轮,0-20人,猫起来
北京,Android开发工程师,25.0,1年以内,本科,互联网,不需要融资,500-999人,一米蓝
北京,Android 工程师,7.5,1年以内,本科,互联网,不需要融资,0-20人,北京放眼世界科技
北京,Android,2.5,1年以内,大专,计算机软件,,20-99人,中企兄弟
北京,Android,12.0,1年以内,本科,互联网,天使轮,20-99人,云识图
北京,Android开发高级工程师,30.0,1年以内,本科,移动互联网,D轮及以上,10000人以上,今日头条
北京,移动端开发工程师（IOS及安卓方向）,40.0,1年以内,本科,计算机软件,,20-99人,宝丰云软件
北京,Android开发工程师,22.5,1年以内,本科,移动互联网,天使轮,20-99人,上佳状态
北京,Android开发工程师,10.5,1年以内,本科,信息安全,A轮,20-99人,信任度
北京,Android工程师,15.0,1年以内,本科,计算机软件,,500-999人,Ontim
北京,Android开发实习生,4.5,1年以内,本科,媒体,不需要融资,100-499人,光明云媒
北京,Android,20.5,1年以内,本科,咨询,,20-99人,仕科咨询
北京,Android,7.0,1年以内,本科,互联网金融,,100-499人,拉卡拉支付北分
北京,Android,10.5,1年以内,本科,移动互联网,,0-20人,德昱科技
北京,Android,11.5,1年以内,本科,互联网,未融资,0-20人,创百易
北京,Android   Python   少儿编程讲师,6.0,1年以内,大专,在线教育,已上市,1000-9999人,北京乐博乐博
北京,安卓开发工程师,7.0,1年以内,本科,互联网,未融资,0-20人,博睿视科技公司
北京,Android浏览器工程师,4.5,1年以内,本科,医疗健康,未融资,0-20人,北京格物
北京,Android开发工程师,15.0,1年以内,本科,互联网,D轮及以上,500-999人,36氪
北京,安卓主题产品助理（偏开发）,7.5,1年以内,本科,移动互联网,,0-20人,视觉互联
北京,Lua脚本工程师（安卓主题）,6.5,1年以内,本科,移动互联网,,0-20人,视觉互联
北京,Android,12.0,1年以内,本科,其他行业,C轮,100-499人,北京新水源景
北京,Android,11.0,1年以内,本科,计算机软件,未融资,0-20人,众合辉创科技
北京,Android,22.5,1年以内,本科,互联网金融,天使轮,10000人以上,宜信公司
北京,Android,30.0,1年以内,本科,移动互联网,已上市,10000人以上,阿里集团
北京,Android,32.5,1年以内,本科,互联网,未融资,500-999人,星河互联
北京,Android高级（资深）工程师,22.5,1年以内,本科,互联网,已上市,1000-9999人,易鑫车贷
北京,Android开发工程师,20.0,1年以内,本科,移动互联网,天使轮,20-99人,星超网络
北京,Android工程师,10.5,1年以内,本科,互联网,不需要融资,0-20人,北京放眼世界科技
北京,Android,30.0,1年以内,本科,移动互联网,D轮及以上,10000人以上,滴滴出行
北京,Android,6.5,1年以内,本科,智能硬件,A轮,0-20人,北京宇观
北京,Android,13.0,1年以内,本科,计算机软件,,0-20人,瑞世互联
北京,Android,12.5,1年以内,大专,在线教育,不需要融资,20-99人,奥世创想
北京,Android,1.5,1年以内,大专,在线教育,,0-20人,两只老虎
北京,Android,25.0,1年以内,本科,移动互联网,天使轮,20-99人,清藤科技
北京,Android,9.5,1年以内,本科,医疗健康,未融资,20-99人,基层医联网
北京,Android,7.5,1年以内,大专,互联网,,0-20人,深圳市海行技术有...
北京,Android软件工程师,12.5,1年以内,本科,其他行业,未融资,100-499人,海创高科
北京,Android实习生,7.5,1年以内,本科,计算机软件,不需要融资,100-499人,新橙科技
北京,安卓工程师,4.5,1年以内,大专,移动互联网,未融资,20-99人,橙明科技
北京,iOS/Android端（客户端）测试开发,22.5,1年以内,本科,互联网,已上市,10000人以上,百度
北京,Android,21.5,1年以内,本科,社交网络,天使轮,0-20人,懂币帝
北京,Android,7.5,1年以内,大专,计算机软件,未融资,20-99人,鼎合思锐
北京,Android,10.0,1年以内,本科,互联网,未融资,20-99人,坤渔科技
北京,Android,6.5,1年以内,本科,人力资源服务,未融资,0-20人,兴科至远
北京,安卓工程师,7.0,1年以内,大专,互联网,A轮,20-99人,盛世墨典
北京,Android,11.5,1年以内,本科,移动互联网,C轮,100-499人,云狐时代
北京,安卓开发,4.5,1年以内,本科,计算机软件,未融资,20-99人,北京青云博美科技
北京,Android,4.5,1年以内,大专,计算机软件,未融资,0-20人,名望科技有限公司
北京,Android,12.5,1年以内,本科,互联网金融,,100-499人,北京汇圣科技有限公司
北京,Android,22.5,1年以内,本科,互联网,B轮,20-99人,晴云科技
北京,Android,9.0,1年以内,本科,游戏,,20-99人,全动游戏
北京,C及Android浏览器开发工程师,4.5,1年以内,本科,医疗健康,未融资,0-20人,北京格物
北京,Camera开发工程师,15.0,1年以内,大专,计算机软件,,0-20人,阅视智能
北京,神经网络算法,12.0,1年以内,本科,计算机软件,未融资,20-99人,新亿科技
北京,移动端视觉AI工程师,45.0,1年以内,本科,互联网,已上市,10000人以上,百度
北京,iOS,7.5,1年以内,学历不限,计算机软件,,0-20人,博网
北京,测试工程师实习生,4.5,1年以内,大专,通信/网络设备,A轮,20-99人,鼎诚福瑞
北京,测试开发,24.0,1年以内,本科,互联网,已上市,1000-9999人,高德地图
北京,软件测试,7.5,1年以内,本科,互联网,A轮,20-99人,爱唱
北京,实习生,4.0,1年以内,大专,计算机软件,,20-99人,点动互联
北京,产品实习生,3.0,1年以内,本科,移动互联网,B轮,20-99人,磅帝（北京）信息...
北京,实习生,5.5,1年以内,硕士,计算机软件,不需要融资,20-99人,中维华信
北京,产品实习生,3.0,1年以内,本科,移动互联网,B轮,20-99人,Castbox
北京,PHP,19.0,1年以内,本科,互联网,,10000人以上,百度时代网络技术...
北京,移动端测试,20.0,1年以内,本科,互联网,已上市,10000人以上,百度
北京,测试工程师,6.0,1年以内,本科,互联网,不需要融资,100-499人,思享时代
北京,HTML5,7.5,1年以内,本科,计算机软件,未融资,20-99人,北京思广易
北京,产品经理,17.5,1年以内,学历不限,互联网,,0-20人,励鼎尚信
北京,PHP,11.0,1年以内,本科,企业服务,A轮,20-99人,Remi
北京,产品助理,6.5,1年以内,本科,媒体,不需要融资,100-499人,光明云媒
北京,功能测试,10.5,1年以内,本科,企业服务,A轮,1000-9999人,浦思金融
北京,游戏测试,4.5,1年以内,本科,游戏,未融资,20-99人,北京明创天成
北京,PHP,7.5,1年以内,大专,计算机软件,,0-20人,万途随
北京,测试开发,30.0,1年以内,本科,移动互联网,D轮及以上,10000人以上,滴滴出行
北京,测试开发,17.0,1年以内,本科,互联网,已上市,10000人以上,百度
北京,UI设计师,9.5,1年以内,本科,分类信息,不需要融资,100-499人,新发盛
北京,Android工程师,4.0,1年以内,大专,计算机软件,未融资,0-20人,名望科技有限公司
北京,【百度AI测试部-ROM测试开发工程师】,17.5,1年以内,本科,互联网,已上市,10000人以上,百度
北京,测试工程师,15.0,1年以内,本科,互联网,已上市,10000人以上,百度
北京,动画设计,4.0,1年以内,本科,移动互联网,B轮,20-99人,磅帝（北京）信息...
北京,平面设计实习生,4.5,1年以内,本科,移动互联网,B轮,20-99人,磅帝（北京）信息...
北京,内容运营实习生,4.5,1年以内,本科,移动互联网,B轮,20-99人,Castbox
北京,Android_IM开发工程师,12.5,1年以内,学历不限,互联网,,0-20人,励鼎尚信
北京,搜索运维部-基础平台研发工程师,22.5,1年以内,本科,互联网,已上市,10000人以上,百度
北京,功能测试,15.5,1年以内,本科,互联网,已上市,10000人以上,百度
北京,Androi研发工程师,20.5,1年以内,本科,互联网,已上市,10000人以上,百度
北京,Android,15.0,1-3年,本科,互联网,不需要融资,100-499人,北京理工新源
北京,Android,25.0,1-3年,本科,移动互联网,D轮及以上,10000人以上,今日头条
北京,Android,24.0,1-3年,本科,互联网,C轮,10000人以上,蚂蚁金服
北京,Android 开发工程师,21.5,1-3年,本科,移动互联网,D轮及以上,100-499人,快看世界
北京,安卓工程师,13.5,1-3年,本科,广播/影视,不需要融资,100-499人,壹元影业
北京,Android,22.5,1-3年,本科,互联网,不需要融资,20-99人,青岳科技
北京,Android,10.0,1-3年,本科,计算机软件,已上市,1000-9999人,CSII
北京,Android工程师,10.5,1-3年,本科,音乐/视频/阅读,不需要融资,100-499人,首和
北京,Android开发,30.0,1-3年,本科,在线教育,D轮及以上,1000-9999人,猿辅导
北京,android开发,9.0,1-3年,大专,社交网络,未融资,20-99人,时空感应科技
北京,Android研发工程师,30.0,1-3年,本科,移动互联网,D轮及以上,10000人以上,今日头条
北京,Android工程师,8.0,1-3年,本科,移动互联网,已上市,500-999人,北纬通信
北京,Android研发工程师,17.5,1-3年,本科,互联网,已上市,1000-9999人,猎豹移动
北京,Android高级/资深工程师,45.0,1-3年,本科,移动互联网,D轮及以上,10000人以上,今日头条
北京,Android工程师,10.5,1-3年,大专,互联网,A轮,20-99人,盛世墨典
北京,Android,5.0,1-3年,本科,广播/影视,未融资,0-20人,青马影视
北京,Android客户端工程师,30.0,1-3年,本科,互联网,已上市,1000-9999人,高德地图
北京,Android工程师,22.5,1-3年,本科,移动互联网,不需要融资,20-99人,智分科技
北京,Android架构师,30.0,1-3年,本科,移动互联网,D轮及以上,10000人以上,滴滴出行
北京,抖音Android研发工程师,30.0,1-3年,本科,移动互联网,D轮及以上,10000人以上,今日头条
北京,Android开发工程师,11.5,1-3年,本科,计算机软件,不需要融资,1000-9999人,北京瑞友科技
北京,Android开发工程师,22.5,1-3年,本科,互联网,已上市,1000-9999人,猎豹移动
北京,安卓JNI工程师,40.0,1-3年,本科,互联网,已上市,10000人以上,百度
北京,Android工程师,10.0,1-3年,本科,计算机软件,不需要融资,20-99人,人和商圈(北京)
北京,Android开发,12.5,1-3年,本科,互联网,B轮,100-499人,一撕得
北京,安卓开发,10.5,1-3年,大专,社交网络,未融资,20-99人,时空感应科技
北京,Android高级开发工程师,30.0,1-3年,本科,互联网,C轮,10000人以上,蚂蚁金服
北京,Android逆向工程师（中级）,22.5,1-3年,本科,数据服务,不需要融资,1000-9999人,数创天下
北京,中级测试（Android）,15.0,1-3年,本科,计算机软件,不需要融资,100-499人,联创世界
北京,android开发工程师,12.0,1-3年,本科,社交网络,未融资,20-99人,时空感应科技
北京,安卓开发工程师,8.0,1-3年,大专,互联网,不需要融资,100-499人,爱盈利
北京,安卓开发,17.0,1-3年,本科,在线教育,天使轮,0-20人,麦索思教育
北京,Android开发工程师,27.5,1-3年,本科,咨询,,100-499人,北京宏泰
北京,android开发工程师,20.0,1-3年,本科,互联网,已上市,100-499人,捷通华声
北京,Android研发工程师-火山,30.0,1-3年,本科,移动互联网,D轮及以上,10000人以上,今日头条
北京,android 高级工程师,21.5,1-3年,本科,在线教育,A轮,20-99人,希子
北京,安卓开发工程师,17.5,1-3年,大专,互联网,未融资,20-99人,小强在线
北京,社交APP  android开发,9.0,1-3年,大专,社交网络,未融资,20-99人,时空感应科技
北京,Android研发工程师-抖音,30.0,1-3年,本科,移动互联网,D轮及以上,10000人以上,今日头条
北京,android开发工程师,12.5,1-3年,本科,计算机软件,,100-499人,中软好泰科技
北京,Android开发工程师,22.5,1-3年,本科,互联网,A轮,20-99人,唯特创新（北京）...
北京,Android开发工程师,12.0,1-3年,本科,互联网,不需要融资,20-99人,耕牛传媒
北京,Android开发工程师,11.0,1-3年,本科,互联网金融,不需要融资,100-499人,集联软件
北京,android高级工程师,20.0,1-3年,本科,移动互联网,天使轮,0-20人,弈语科技
北京,Android开发工程师,37.5,1-3年,本科,计算机软件,已上市,1000-9999人,京东云
北京,安卓移动端React-Native,24.0,1-3年,本科,互联网,B轮,500-999人,精真估
北京,android开发工程师,11.5,1-3年,本科,互联网,,20-99人,极点触碰
北京,Android,8.5,1-3年,本科,数据服务,未融资,0-20人,同享数据
北京,Android开发工程师,25.0,1-3年,本科,在线教育,天使轮,20-99人,闪电思维
北京,安卓开发工程师,10.0,1-3年,本科,互联网,不需要融资,0-20人,艾米创想
北京,Android开发,9.5,1-3年,学历不限,其他行业,不需要融资,20-99人,唐合易成
北京,国际化Android乘客端工程师,32.5,1-3年,本科,移动互联网,D轮及以上,10000人以上,滴滴出行
北京,安卓开发工程师,11.0,1-3年,本科,计算机软件,天使轮,20-99人,红卫数据
北京,Android开发工程师,11.5,1-3年,大专,移动互联网,A轮,20-99人,我奥科技
北京,LINUX、android软件开发,27.5,1-3年,本科,信息安全,未融资,0-20人,北京嘉普之光科技...
北京,安卓应用性能管理工程师,40.0,1-3年,本科,互联网,已上市,10000人以上,百度
北京,多媒体Android平台研发工程师,30.0,1-3年,本科,移动互联网,D轮及以上,10000人以上,今日头条
北京,安卓开发工程师,16.0,1-3年,本科,移动互联网,,0-20人,四点钟
北京,Android开发工程师,10.5,1-3年,本科,在线教育,天使轮,20-99人,必胜课
北京,Android研发工程师,9.0,1-3年,大专,移动互联网,未融资,20-99人,英斯特哈博
北京,安卓开发工程师,20.0,1-3年,本科,在线教育,天使轮,20-99人,闪电思维
北京,Android 开发工程师   (社交APP),12.0,1-3年,本科,社交网络,未融资,20-99人,时空感应科技
北京,安卓（APP）开发工程师,17.5,1-3年,本科,移动互联网,C轮,100-499人,华捷艾米
北京,Android开发工程师,12.5,1-3年,本科,电子/半导体/集成电路,,20-99人,煋邦数码
北京,Android开发工程师,9.0,1-3年,本科,互联网金融,不需要融资,0-20人,北京锶泽科技有限...
北京,Android中级开发工程师,30.0,1-3年,本科,移动互联网,D轮及以上,10000人以上,滴滴出行
北京,Android 开发高级工程师,25.0,1-3年,本科,互联网,C轮,10000人以上,蚂蚁金服
北京,Android多媒体研发工程师-抖音/火山,30.0,1-3年,本科,移动互联网,D轮及以上,10000人以上,今日头条
北京,Android工程师,22.5,1-3年,本科,互联网金融,A轮,1000-9999人,安一恒通
北京,安卓开发工程师,17.5,1-3年,本科,企业服务,B轮,100-499人,数盟网络
北京,安卓系统开发工程师,20.0,1-3年,本科,智能硬件,D轮及以上,100-499人,汉朔科技
北京,Android开发工程师,22.5,1-3年,本科,互联网,A轮,20-99人,集思学院
北京,Android安卓开发工程师,11.5,1-3年,本科,移动互联网,A轮,20-99人,XY
北京,Android工程师,25.0,1-3年,本科,互联网,已上市,10000人以上,小米
北京,安卓程序开发,19.5,1-3年,本科,移动互联网,不需要融资,20-99人,非得通证
北京,安卓商店广告优化,18.0,1-3年,本科,互联网金融,A轮,20-99人,北京微金聚融科技
北京,Android,20.0,1-3年,本科,智能硬件,天使轮,0-20人,Aeroband空气拨片
北京,智能硬件安卓APP开发工程师,12.5,1-3年,本科,计算机软件,未融资,0-20人,安普尔
北京,Android开发工程师,16.5,1-3年,本科,医疗健康,未融资,1000-9999人,一龄集团
北京,Android,15.0,1-3年,大专,互联网,C轮,100-499人,洋葱数学
北京,Android,9.5,1-3年,本科,数据服务,不需要融资,20-99人,一牧科技
北京,高级Android开发工程师,35.0,1-3年,本科,在线教育,天使轮,20-99人,闪电思维
北京,Android多媒体框架开发工程师,32.5,1-3年,本科,移动互联网,D轮及以上,10000人以上,今日头条
北京,Android中级工程师,15.0,1-3年,学历不限,移动互联网,未融资,100-499人,银河创想
北京,高级Android逆向工程师,22.5,1-3年,本科,信息安全,A轮,20-99人,几维安全
北京,Android高级/资深/架构工程师,27.5,1-3年,本科,移动互联网,D轮及以上,10000人以上,滴滴出行
北京,Android framework研发,11.5,1-3年,本科,计算机服务,未融资,100-499人,企顺
北京,Android开发,10.0,1-3年,学历不限,计算机软件,已上市,10000人以上,纬创
北京,Android开发工程师,30.0,1-3年,学历不限,移动互联网,D轮及以上,10000人以上,今日头条
北京,Android工程师,8.0,1-3年,本科,智能硬件,未融资,20-99人,富和双盛
北京,Android开发,9.0,1-3年,本科,互联网金融,不需要融资,0-20人,北京锶泽科技有限...
北京,java/Android软件工程师,14.0,1-3年,大专,医疗设备/器械,,20-99人,五八医界宝
北京,Android工程师,10.5,1-3年,本科,人力资源服务,,20-99人,浩发德优信息咨询
北京,安卓开发工程师,25.0,1-3年,本科,互联网,A轮,100-499人,艾瓦特
北京,Android,15.0,1-3年,本科,互联网,已上市,1000-9999人,猎豹移动
北京,安卓地图sdk开发高级工程师,30.0,1-3年,本科,移动互联网,D轮及以上,10000人以上,滴滴出行
北京,Android 驱动开发工程师,17.5,1-3年,本科,计算机服务,未融资,100-499人,企顺
北京,Android应用开发工程师,25.0,1-3年,本科,智能硬件,B轮,100-499人,roobo
北京,开发工程师/Android/Framework,12.5,1-3年,本科,智能硬件,不需要融资,500-999人,北京握奇数据
北京,Android开发工程师,15.0,1-3年,本科,移动互联网,C轮,100-499人,小年糕
北京,Android,11.0,1-3年,本科,计算机软件,A轮,20-99人,中云动力
北京,Android高级研发工程师,16.0,1-3年,本科,移动互联网,未融资,20-99人,北京惠盛科技有限...
北京,Android,10.5,1-3年,本科,计算机软件,已上市,1000-9999人,上海屹通
北京,安卓研发,19.0,1-3年,本科,移动互联网,C轮,100-499人,夜神数娱
北京,Android开发工程师,18.0,1-3年,本科,互联网,A轮,100-499人,天天乐学
北京,Android,30.0,1-3年,本科,互联网金融,A轮,1000-9999人,水滴互助
北京,Android工程师,22.5,1-3年,本科,互联网,A轮,20-99人,GSC光速链
北京,Android,20.0,1-3年,本科,计算机软件,C轮,100-499人,北京易掌云峰
北京,Android开发工程师,13.0,1-3年,本科,医疗健康,不需要融资,1000-9999人,一龄博士俱乐部
北京,Android开发工程师,7.5,1-3年,本科,互联网,A轮,20-99人,数联领航
北京,Android,10.5,1-3年,大专,计算机软件,不需要融资,100-499人,泰德合众
北京,Android研发工程师,22.5,1-3年,本科,互联网,不需要融资,20-99人,青岳科技
北京,Android高级/资深开发工程师,26.5,1-3年,本科,移动互联网,D轮及以上,10000人以上,滴滴出行
北京,Android及前端开发工程师,13.5,1-3年,本科,互联网,,100-499人,睿驰达
北京,Android开发高级工程师,45.0,1-3年,本科,移动互联网,D轮及以上,10000人以上,今日头条
北京,Android,14.0,1-3年,本科,电子商务,天使轮,0-20人,乐喜
北京,Android,20.0,1-3年,本科,音乐/视频/阅读,,20-99人,中国票务网
北京,安卓工程师,10.0,1-3年,本科,新零售,天使轮,0-20人,弘鼎泰合
北京,Android,22.5,1-3年,本科,互联网,已上市,10000人以上,好未来
北京,Android软件开发工程师,14.0,1-3年,硕士,通信/网络设备,C轮,100-499人,中科晶上
北京,Android测试开发工程师,22.5,1-3年,本科,互联网,已上市,1000-9999人,搜狗
北京,Android,18.0,1-3年,本科,移动互联网,C轮,100-499人,小年糕
北京,Android开发工程师,17.5,1-3年,本科,互联网,A轮,0-20人,深蓝长盛科技
北京,Android开发工程师,22.5,1-3年,本科,移动互联网,A轮,20-99人,摩尔妈妈
北京,Android开发工程师,17.5,1-3年,本科,互联网,天使轮,0-20人,数字奇迹
北京,Android研发工程师,17.5,1-3年,本科,移动互联网,D轮及以上,10000人以上,VIPKID
北京,Android,12.0,1-3年,本科,计算机软件,已上市,1000-9999人,易联众
北京,Android,12.5,1-3年,本科,社交网络,未融资,20-99人,艺视介
北京,Android开发工程师,8.5,1-3年,本科,互联网,天使轮,0-20人,启点车联
北京,商务搜索智能交互部-Android客户端开发,22.5,1-3年,本科,互联网,已上市,10000人以上,百度
北京,安卓开发工程师,12.5,1-3年,本科,在线教育,未融资,100-499人,时代云图
北京,Android,11.0,1-3年,大专,O2O,A轮,20-99人,麦麦文化
北京,安卓工程师,15.0,1-3年,本科,游戏,D轮及以上,500-999人,触控科技
北京,Android高级开发工程师,20.0,1-3年,大专,移动互联网,不需要融资,0-20人,老柚
北京,安卓开发,15.5,1-3年,本科,移动互联网,已上市,10000人以上,博彦科技
北京,Android平台应用开发,12.5,1-3年,大专,计算机服务,未融资,100-499人,企顺
北京,Android,21.5,1-3年,本科,计算机硬件,,10000人以上,联想移动通信科技...
北京,Android,10.0,1-3年,本科,互联网,未融资,20-99人,帕菲特通信
北京,Android,9.5,1-3年,本科,移动互联网,C轮,100-499人,云狐时代
北京,Android,14.0,1-3年,本科,互联网,A轮,20-99人,北京先声教育
北京,Android开发工程师,15.0,1-3年,本科,互联网,A轮,20-99人,黑咔相机
北京,Android开发工程师,16.5,1-3年,本科,计算机软件,未融资,1000-9999人,恒赢智航
北京,Android工程师,9.5,1-3年,大专,互联网,不需要融资,500-999人,鸿程系统
北京,兼职Android需要坐班,15.0,1-3年,本科,互联网,不需要融资,100-499人,易美健
北京,Android开发工程师,11.5,1-3年,本科,互联网,A轮,20-99人,最库
北京,高级Android开发工程师,30.0,1-3年,本科,社交网络,A轮,20-99人,拉克沙网络科技
北京,Android开发工程师,15.0,1-3年,本科,计算机软件,已上市,10000人以上,软通动力有限公司
北京,高级安卓开发工程师,13.5,1-3年,本科,移动互联网,A轮,20-99人,好递
北京,Android,40.0,1-3年,本科,互联网,A轮,1000-9999人,百度金融
北京,安卓开发工程师,32.5,1-3年,本科,在线教育,D轮及以上,1000-9999人,猿辅导
北京,Android开发工程师（BJ）,30.0,1-3年,本科,智能硬件,D轮及以上,10000人以上,大疆创新
北京,Android开发工程师,11.0,1-3年,大专,移动互联网,已上市,1000-9999人,联想利泰
北京,Android研发工程师,22.5,1-3年,本科,互联网,已上市,10000人以上,百度
北京,Android开发工程师,15.0,1-3年,本科,互联网,A轮,20-99人,kingo指尖互联
北京,Android测试工程师,12.5,1-3年,本科,汽车生产,不需要融资,100-499人,ZD
北京,Android开发工程师,30.0,1-3年,本科,在线教育,B轮,100-499人,启萌教育科技有限公司
北京,初级安卓研发外派百度,8.5,1-3年,本科,计算机软件,未融资,10000人以上,软通动力
北京,支付宝Android开发,29.0,1-3年,本科,移动互联网,B轮,1000-9999人,支付宝
北京,高级android开发工程师,13.5,1-3年,本科,互联网,不需要融资,20-99人,奇妙王国
北京,安卓研发工程师,20.0,1-3年,本科,移动互联网,不需要融资,100-499人,iHandy
北京,安卓游戏开发,7.5,1-3年,大专,游戏,不需要融资,20-99人,摩丰
北京,安卓研发工程师,22.5,1-3年,本科,互联网,已上市,10000人以上,百度
北京,Android开发工程师,22.5,1-3年,本科,互联网,A轮,100-499人,懒投资
北京,Android研发工程师,22.5,1-3年,大专,移动互联网,A轮,20-99人,快如科技
北京,安卓开发工程师,10.0,1-3年,大专,数据服务,不需要融资,20-99人,一牧科技
北京,Android开发工程师,22.5,1-3年,本科,移动互联网,D轮及以上,10000人以上,北京字节跳动
北京,安卓工程师,6.0,1-3年,大专,互联网,,100-499人,中超嘉业
北京,Android应用开发工程师,12.0,1-3年,本科,移动互联网,已上市,1000-9999人,诚迈科技
北京,Android 开发工程师,12.5,1-3年,本科,计算机软件,天使轮,20-99人,岚菲科技
北京,安卓开发工程师,12.5,1-3年,本科,电子商务,不需要融资,100-499人,海通安恒
北京,Android工程师,16.0,1-3年,大专,互联网,,20-99人,清檬养老
北京,Android开发工程师,10.0,1-3年,本科,计算机软件,不需要融资,100-499人,中世顺科技
北京,Android,22.5,1-3年,本科,互联网金融,天使轮,10000人以上,宜信公司
北京,Android开发,8.0,1-3年,本科,计算机软件,不需要融资,20-99人,天创科林科技有限公司
北京,android开发工程师,12.5,1-3年,本科,媒体,B轮,100-499人,昆尚传媒
北京,Android中级工程师(J10222),20.0,1-3年,本科,O2O,D轮及以上,100-499人,小猪短租
北京,android开发工程师,15.0,1-3年,本科,企业服务,D轮及以上,100-499人,中投视讯
北京,Android开发工程师,9.0,1-3年,本科,医疗健康,A轮,20-99人,遥领医疗科技
北京,安卓开发工程师,30.0,1-3年,本科,互联网,已上市,1000-9999人,爱奇艺
北京,Android开发工程师,22.5,1-3年,学历不限,计算机软件,C轮,100-499人,格灵深瞳
北京,安卓工程师,12.5,1-3年,本科,互联网,不需要融资,100-499人,爱盈利
北京,Android工程师,22.5,1-3年,本科,移动互联网,D轮及以上,100-499人,快看世界
北京,Android开发工程师,20.0,1-3年,本科,移动互联网,B轮,100-499人,诸葛找房网
北京,Android开发工程师,15.0,1-3年,本科,在线教育,天使轮,0-20人,知行云课堂
北京,android开发工程师,10.0,1-3年,大专,旅游,不需要融资,20-99人,时代漫游国旅
北京,Android开发工程师,24.0,1-3年,本科,移动互联网,,0-20人,千里智远
北京,高级Android开发工程师,22.5,1-3年,本科,互联网,已上市,100-499人,捷通华声
北京,安卓逆向开发工程师,15.0,1-3年,本科,在线教育,A轮,100-499人,中创梅隆文化
北京,Android高级安全工程师/专家,37.5,1-3年,本科,互联网,已上市,10000人以上,阿里巴巴集团
北京,Android开发工程师,15.0,1-3年,本科,移动互联网,不需要融资,20-99人,腾飞克
北京,安卓高级软件工程师,11.5,1-3年,本科,移动互联网,已上市,20-99人,网高科技
北京,Android开发工程师,12.0,1-3年,大专,移动互联网,未融资,20-99人,万章盈科
北京,Android,10.5,1-3年,大专,音乐/视频/阅读,,0-20人,维漫
北京,安卓开发工程师,8.5,1-3年,大专,学术/科研,,20-99人,思悟天
北京,Android开发工程师,22.5,1-3年,本科,互联网,A轮,20-99人,Owlii
北京,Android开发工程师,10.0,1-3年,本科,互联网,不需要融资,20-99人,风扬天顺
北京,android开发工程师,17.5,1-3年,学历不限,电子商务,A轮,20-99人,淘好货
北京,Android开发,12.5,1-3年,大专,计算机服务,未融资,100-499人,企顺
北京,Android,8.0,1-3年,本科,互联网,,0-20人,聚聚
北京,Android应用开发,12.5,1-3年,本科,智能硬件,天使轮,20-99人,杭州任你说
北京,魔法校-Android开发工程师,20.0,1-3年,本科,互联网,已上市,10000人以上,好未来
北京,android,11.5,1-3年,本科,计算机软件,,20-99人,上海印岩
北京,中高级安卓开发工程师,12.5,1-3年,本科,移动互联网,天使轮,20-99人,粿宝家
北京,Android,22.5,1-3年,本科,互联网,已上市,10000人以上,百度
北京,安卓/IOS测试工程师,10.0,1-3年,本科,移动互联网,已上市,20-99人,网高科技
北京,Android高级开发工程师,25.0,1-3年,本科,互联网,已上市,1000-9999人,爱奇艺
北京,安卓高级开发工程师(J10166),27.5,1-3年,本科,O2O,D轮及以上,100-499人,小猪短租
北京,高级客户端开发工程师/专家（Android）,25.0,1-3年,本科,互联网,C轮,10000人以上,蚂蚁金服
北京,Android开发,25.0,1-3年,本科,音乐/视频/阅读,,0-20人,木百里
北京,Android,13.5,1-3年,大专,移动互联网,,0-20人,度海明光
北京,Android开发工程师,20.0,1-3年,本科,互联网,天使轮,20-99人,寻链科技
北京,Android移动开发工程师,27.5,1-3年,本科,互联网,C轮,20-99人,newsdog
北京,Android应用开发工程师,10.0,1-3年,大专,培训机构,未融资,100-499人,墨水科技
北京,Android开发工程师,37.5,1-3年,本科,移动互联网,未融资,500-999人,粉笔公考
北京,Android开发工程师,30.0,1-3年,本科,社交网络,D轮及以上,1000-9999人,快手
北京,Android 安卓开发工程师,11.5,1-3年,本科,计算机软件,天使轮,20-99人,卓视智通
北京,android开发工程师,9.0,1-3年,本科,移动互联网,C轮,20-99人,曙光无限
北京,Android,20.0,1-3年,本科,互联网,天使轮,0-20人,泰格优思网络科技
北京,Android 开发工程师,37.5,1-3年,本科,移动互联网,D轮及以上,10000人以上,今日头条
北京,安卓开发工程师,17.5,1-3年,本科,移动互联网,已上市,1000-9999人,凤凰网
北京,Android客户端开发,22.5,1-3年,本科,互联网,已上市,10000人以上,腾讯
北京,Android,27.5,1-3年,本科,互联网,不需要融资,1000-9999人,去哪儿
北京,Android中级工程师,11.5,1-3年,本科,信息安全,未融资,20-99人,芯力达
北京,Android高级工程师,25.0,1-3年,本科,互联网,天使轮,20-99人,我声我视
北京,IOS/安卓技术支持工程师,11.0,1-3年,本科,计算机软件,不需要融资,100-499人,大连隆基信息
北京,Android开发,12.5,1-3年,本科,计算机软件,已上市,10000人以上,中科软
北京,android开发工程师,30.0,1-3年,本科,互联网,已上市,10000人以上,百度
北京,Android工程师,20.0,1-3年,本科,互联网,B轮,20-99人,非凡维格
北京,Android,24.0,1-3年,本科,互联网,D轮及以上,1000-9999人,一起教育科技
北京,Android,17.5,1-3年,本科,互联网,天使轮,0-20人,移动智慧
北京,Android开发工程师,18.0,1-3年,本科,互联网,A轮,100-499人,天天乐学
北京,Android,12.5,1-3年,本科,游戏,B轮,20-99人,Y2Game
北京,Android,12.5,1-3年,本科,互联网,C轮,500-999人,Testin云测
北京,Android初级开发工程师,11.5,1-3年,本科,互联网,,500-999人,新浪时金
北京,Android驱动开发工程师,22.5,1-3年,本科,智能硬件,不需要融资,20-99人,沃德网络
北京,安卓开发攻城狮,18.0,1-3年,本科,移动互联网,C轮,100-499人,小年糕
北京,Android,12.5,1-3年,本科,智能硬件,A轮,20-99人,潜行科技
北京,Android开发工程师,8.0,1-3年,大专,互联网,不需要融资,20-99人,北京医叮科技有限公司
北京,Android framework 开发工程师,26.0,1-3年,本科,智能硬件,B轮,100-499人,赛格威机器人
北京,安卓开发,18.0,1-3年,本科,游戏,不需要融资,500-999人,永航科技
北京,安卓工程师,10.0,1-3年,大专,O2O,A轮,20-99人,搬运帮
北京,高级安卓工程师,10.0,1-3年,本科,数据服务,B轮,20-99人,中金标准数据
北京,高级Android工程师,27.5,1-3年,硕士,移动互联网,,1000-9999人,网易电商
北京,Android,6.5,1-3年,大专,生活服务,天使轮,100-499人,生安国际科技
北京,Android/IOS开发,10.5,1-3年,本科,计算机软件,不需要融资,20-99人,北京泓瑞祥
北京,高级Android工程师,26.5,1-3年,本科,智能硬件,C轮,100-499人,云丁科技
北京,Android开发工程师,15.0,1-3年,本科,计算机软件,A轮,100-499人,拓课云
北京,Android,18.0,1-3年,本科,在线教育,A轮,100-499人,新东方渔塘科技
北京,安卓开发工程师,10.5,1-3年,本科,移动互联网,不需要融资,0-20人,太阳星
北京,安卓高级开发工程师,20.0,1-3年,本科,互联网,A轮,0-20人,ARTAND
北京,Android应用开发工程师,18.0,1-3年,学历不限,互联网,B轮,100-499人,达闼科技
北京,Android,12.5,1-3年,大专,互联网,不需要融资,20-99人,拿云智成
北京,高级android开发工程师（视频）,25.0,1-3年,本科,移动互联网,已上市,1000-9999人,陌陌
北京,百度Android研发工程师,22.5,1-3年,本科,互联网,已上市,10000人以上,百度
北京,安卓开发工程师1807A,15.0,1-3年,本科,互联网,不需要融资,20-99人,贝泰科技
北京,Android开发工程师,12.5,1-3年,本科,互联网,未融资,500-999人,天阙
北京,Android工程师,14.0,1-3年,本科,智能硬件,B轮,100-499人,七鑫易维
北京,安卓研发工程师,20.0,1-3年,本科,移动互联网,B轮,20-99人,包子科技
北京,Android,11.0,1-3年,本科,移动互联网,,20-99人,神州腾达
北京,Android开发工程师,20.0,1-3年,本科,互联网,不需要融资,100-499人,中国搜索
北京,Android,10.5,1-3年,大专,移动互联网,未融资,20-99人,互腾科技
北京,Android/IOS开发工程师,12.0,1-3年,本科,计算机软件,未融资,500-999人,普元智慧
北京,Android,9.5,1-3年,本科,智能硬件,,20-99人,精英海霖
北京,多媒体Android平台研发工程师,30.0,1-3年,本科,移动互联网,D轮及以上,10000人以上,今日头条
北京,Android,10.0,1-3年,本科,在线教育,,0-20人,北京佳音玉成教育...
北京,Android,13.0,1-3年,本科,企业服务,不需要融资,20-99人,汇金资本
北京,Android开发工程师,22.5,1-3年,本科,移动互联网,天使轮,20-99人,格分维科技
北京,Android开发工程师,17.5,1-3年,本科,互联网金融,不需要融资,100-499人,聚金云服
北京,Android,9.0,1-3年,大专,计算机软件,未融资,100-499人,名道恒通
北京,android开发工程师,20.0,1-3年,本科,移动互联网,,0-20人,云天涯
北京,Android开发工程师,11.5,1-3年,本科,计算机软件,已上市,10000人以上,中软国际
北京,Android开发工程师,10.0,1-3年,大专,电子商务,不需要融资,100-499人,海通安恒
北京,Android 开发工程师,20.0,1-3年,本科,互联网,B轮,100-499人,微鲤科技
北京,Android,9.0,1-3年,学历不限,移动互联网,不需要融资,0-20人,唯快不破科技
北京,Android,12.0,1-3年,本科,其他行业,C轮,100-499人,北京新水源景
北京,搜狗输入法-Android/iOS 测试开发工程师,22.5,1-3年,本科,互联网,已上市,1000-9999人,搜狗
北京,android开发,22.5,1-3年,本科,互联网,B轮,100-499人,茄子快传
北京,android开发工程师,15.0,1-3年,本科,互联网,D轮及以上,1000-9999人,诚迈科技
北京,Android开发工程师,25.0,1-3年,本科,互联网,B轮,100-499人,APUS
北京,Android,15.0,1-3年,本科,医疗健康,未融资,100-499人,北京品驰医疗
北京,Android高级工程师,18.0,1-3年,本科,移动互联网,A轮,20-99人,YoMob优目科技
北京,Android,11.5,1-3年,本科,计算机软件,已上市,10000人以上,纬创
北京,android开发工程师,13.5,1-3年,大专,互联网,,20-99人,中通网络
北京,安卓android研发工程师,11.5,1-3年,本科,计算机软件,未融资,100-499人,华电高科
北京,安卓应用开发工程师,11.0,1-3年,大专,移动互联网,不需要融资,20-99人,北京帕尔加特科技
北京,Android软件工程师,14.0,1-3年,本科,在线教育,未融资,100-499人,晓芳传媒
北京,Android,11.0,1-3年,本科,移动互联网,B轮,100-499人,百途互动科技
北京,Android,24.0,1-3年,本科,互联网,A轮,20-99人,钛氪新媒体科技
北京,Android开发工程师,27.5,1-3年,本科,互联网,A轮,20-99人,奇点机智
北京,前端安卓开发,10.0,1-3年,大专,企业服务,,0-20人,北京云中土科技有...
北京,Android开发工程师,15.0,1-3年,本科,互联网,B轮,100-499人,企家有道
北京,Android,30.0,1-3年,本科,互联网,已上市,1000-9999人,高德地图
北京,Android开发工程师,15.0,1-3年,大专,游戏,不需要融资,20-99人,北京志诚康盛技术...
北京,Android 开发工程师(北京),7.5,1-3年,本科,智能硬件,未融资,0-20人,至简科技
北京,Android,9.5,1-3年,大专,计算机软件,,0-20人,博网
北京,Android高级研发工程师,32.5,1-3年,本科,计算机软件,天使轮,0-20人,米扑科技
北京,Android开发工程师,16.0,1-3年,本科,在线教育,A轮,100-499人,顶上英语
北京,Android,14.0,1-3年,本科,互联网,A轮,0-20人,硬创云加
北京,Android,18.0,1-3年,本科,互联网,不需要融资,20-99人,龙城国际
北京,安卓开发,14.0,1-3年,本科,生活服务,未融资,0-20人,迪伦宝宝
北京,Android,30.0,3-5年,本科,互联网,已上市,10000人以上,小米
北京,Android,11.5,3-5年,大专,计算机软件,已上市,10000人以上,文思海辉
北京,Android,24.0,3-5年,本科,智能硬件,B轮,1000-9999人,车和家
北京,Android,24.0,3-5年,本科,移动互联网,D轮及以上,10000人以上,滴滴出行
北京,Android,37.5,3-5年,硕士,互联网,已上市,1000-9999人,爱奇艺
北京,Android,10.5,3-5年,大专,工程施工,已上市,100-499人,天巨天下
北京,Android,25.0,3-5年,本科,汽车生产,B轮,1000-9999人,车和家
北京,Android,22.5,3-5年,本科,互联网,不需要融资,10000人以上,京东金融
北京,Android开发工程师,28.0,3-5年,本科,计算机软件,C轮,100-499人,格灵深瞳
北京,Android,37.5,3-5年,本科,互联网,C轮,10000人以上,蚂蚁金服
北京,Android,11.5,3-5年,本科,O2O,天使轮,20-99人,海澜汇通
北京,Android,20.0,3-5年,本科,互联网,不需要融资,1000-9999人,旅悦
北京,Android,18.0,3-5年,本科,在线教育,未融资,20-99人,延河教育
北京,Android,13.0,3-5年,本科,计算机软件,已上市,1000-9999人,北大方正电子
北京,Android,30.0,3-5年,本科,互联网,不需要融资,1000-9999人,大疆创新
北京,Android高级研发工程师,27.5,3-5年,本科,互联网,已上市,1000-9999人,猎豹移动
北京,Android,32.5,3-5年,本科,移动互联网,D轮及以上,10000人以上,今日头条
北京,Android,45.0,3-5年,本科,O2O,D轮及以上,10000人以上,美团点评
北京,Android 中级架构师,27.5,3-5年,本科,移动互联网,D轮及以上,100-499人,快看世界
北京,Android,22.5,3-5年,本科,移动互联网,C轮,100-499人,华捷艾米
北京,Android开发工程师,20.0,3-5年,本科,媒体,不需要融资,100-499人,1905电影网
北京,Android工程师,22.5,3-5年,本科,互联网,已上市,10000人以上,百度
北京,Android,15.0,3-5年,本科,互联网,不需要融资,20-99人,资利
北京,Android,22.5,3-5年,本科,生活服务,已上市,10000人以上,海底捞火锅
北京,Android开发工程师,15.0,3-5年,本科,计算机软件,已上市,1000-9999人,东方国信
北京,Android高级工程师,37.5,3-5年,本科,医疗健康,B轮,20-99人,百索科技
北京,Android 高级开发工程师,27.5,3-5年,本科,移动互联网,D轮及以上,100-499人,快看世界
北京,Android,22.5,3-5年,本科,汽车生产,B轮,100-499人,智车优行
北京,Android,15.0,3-5年,本科,智能硬件,A轮,100-499人,神州安付
北京,安卓开发师,21.5,3-5年,本科,电子商务,天使轮,20-99人,多加网
北京,android兼职,12.5,3-5年,本科,广告营销,不需要融资,100-499人,九易广告
北京,Android,22.5,3-5年,本科,互联网,B轮,100-499人,北京雷石
北京,Android,22.5,3-5年,大专,互联网,天使轮,20-99人,清藤影视科技
北京,资深Android工程师,30.0,3-5年,本科,O2O,D轮及以上,1000-9999人,饿了么
北京,Android,10.5,3-5年,大专,企业服务,未融资,20-99人,店盟
北京,Android高级/资深工程师,45.0,3-5年,本科,移动互联网,D轮及以上,10000人以上,今日头条
北京,Android驱动工程师,19.5,3-5年,本科,智能硬件,已上市,10000人以上,歌尔
北京,Android 开发,15.0,3-5年,本科,社交网络,未融资,20-99人,时空感应科技
北京,android应用开发工程师,30.0,3-5年,本科,互联网,不需要融资,100-499人,汉德咨询
北京,Android工程师,15.5,3-5年,本科,广告营销,不需要融资,100-499人,九易广告
北京,安卓开发工程师,27.5,3-5年,本科,移动互联网,D轮及以上,10000人以上,VIPKID
北京,Android,9.5,3-5年,大专,移动互联网,,20-99人,树森国际文化传媒...
北京,Android开发工程师,15.5,3-5年,本科,计算机软件,已上市,10000人以上,中软国际
北京,Android开发工程师,22.5,3-5年,本科,原材料及加工/模具,不需要融资,10000人以上,巨化集团
北京,Android开发工程师,30.0,3-5年,本科,移动互联网,已上市,10000人以上,网易
北京,移动架构师 (Android),30.0,3-5年,本科,移动互联网,D轮及以上,10000人以上,滴滴出行
北京,安卓工程师,22.5,3-5年,本科,移动互联网,A轮,0-20人,缘音科技
北京,安卓工程师,12.5,3-5年,本科,互联网,不需要融资,20-99人,乐推微
北京,Android开发专家,30.0,3-5年,本科,互联网,C轮,10000人以上,蚂蚁金服
北京,Android开发,15.5,3-5年,本科,计算机软件,已上市,10000人以上,中软国际
北京,安卓工程师,10.0,3-5年,本科,工程施工,已上市,100-499人,天巨天下
北京,资深Android研发工程师,27.5,3-5年,本科,O2O,D轮及以上,1000-9999人,饿了么
北京,高级Android工程师,30.0,3-5年,本科,O2O,D轮及以上,1000-9999人,饿了么
北京,Android研发工程师,19.5,3-5年,本科,计算机软件,已上市,1000-9999人,北大方正电子
北京,安卓前端,23.0,3-5年,本科,互联网,B轮,500-999人,精真估
北京,安卓开发工程师,15.0,3-5年,本科,互联网,未融资,20-99人,北京麦迪花园
北京,android开发工程师,13.5,3-5年,本科,计算机软件,,500-999人,三赢伟业科技有限公司
北京,高级android开发工程师,37.5,3-5年,本科,移动互联网,D轮及以上,10000人以上,今日头条
北京,高级android工程师,25.0,3-5年,本科,移动互联网,D轮及以上,100-499人,掌通未来科技
北京,安卓主管,20.0,3-5年,学历不限,移动互联网,未融资,20-99人,街创空间
北京,Android高级开发工程师,40.0,3-5年,本科,移动互联网,B轮,1000-9999人,支付宝
北京,高级安卓工程师,20.0,3-5年,本科,电子商务,未融资,500-999人,姿美堂
北京,高级Android开发工程师,30.0,3-5年,本科,互联网金融,未融资,500-999人,民生科技
北京,安卓系统应用工程师,30.0,3-5年,本科,互联网,不需要融资,10000人以上,京东金融
北京,安卓开发工程师,25.0,3-5年,本科,互联网,A轮,100-499人,艾瓦特
北京,Android开发工程师,19.0,3-5年,本科,互联网,已上市,1000-9999人,二六三
北京,Android开发,14.0,3-5年,本科,互联网金融,A轮,20-99人,北京微金聚融科技
北京,高级Android开发,35.0,3-5年,本科,移动互联网,不需要融资,20-99人,智分科技
北京,Android Framework开发工程师,17.5,3-5年,本科,移动互联网,已上市,1000-9999人,联想利泰
北京,Android开发工程师,15.0,3-5年,本科,互联网,未融资,20-99人,时代创信
北京,Android研发工程师,22.5,3-5年,本科,互联网,A轮,100-499人,新特电动汽车
北京,Android,22.5,3-5年,本科,互联网,A轮,20-99人,测测星座
北京,Android开发工程师,20.0,3-5年,本科,在线教育,A轮,100-499人,新东方渔塘科技
北京,移动端研发专家-Android,37.5,3-5年,本科,移动互联网,D轮及以上,10000人以上,今日头条
北京,安卓开发工程师,12.5,3-5年,本科,音乐/视频/阅读,天使轮,20-99人,嗨范儿
北京,Android,37.5,3-5年,硕士,电子商务,已上市,10000人以上,京东集团
北京,西瓜客户端研发工程师 - Android,34.5,3-5年,本科,移动互联网,D轮及以上,10000人以上,今日头条
北京,Android开发工程师,15.0,3-5年,本科,互联网,天使轮,0-20人,云伊科技
北京,安卓移动端React,24.0,3-5年,本科,互联网,B轮,500-999人,精真估
北京,高级Android研发工程师,20.0,3-5年,本科,互联网,已上市,500-999人,掌阅科技
北京,安卓开发工程师,15.0,3-5年,本科,通信/网络设备,不需要融资,100-499人,天舟通信
北京,Android客户端开发,27.5,3-5年,本科,互联网,已上市,10000人以上,腾讯
北京,Android,13.0,3-5年,本科,医疗健康,不需要融资,100-499人,科技文献
北京,Android开发工程师,12.5,3-5年,本科,计算机软件,,100-499人,天汇创业
北京,android开发工程师,22.5,3-5年,本科,互联网,已上市,10000人以上,百度
北京,高级安卓工程师,30.0,3-5年,本科,在线教育,A轮,20-99人,微芒教育科技
北京,蚂蚁金服Android/iOS招聘,30.0,3-5年,本科,互联网,C轮,10000人以上,蚂蚁金服
北京,Android开发工程师,11.5,3-5年,本科,互联网,不需要融资,0-20人,速丰科技
北京,Android开发工程师,15.0,3-5年,本科,生活服务,A轮,20-99人,博然时代
北京,安卓工程师,16.5,3-5年,学历不限,移动互联网,未融资,20-99人,街创空间
北京,Android开发工程师,13.0,3-5年,本科,移动互联网,A轮,20-99人,我奥科技
北京,安卓开发师,17.5,3-5年,本科,移动互联网,A轮,20-99人,彩云之端
北京,Android 开发工程师,12.5,3-5年,本科,互联网,,0-20人,yizu
北京,Android,27.5,3-5年,本科,移动互联网,天使轮,0-20人,创见者科技
北京,Android开发,11.5,3-5年,大专,文化/体育/娱乐,未融资,20-99人,华羽时代
北京,Android开发工程师,18.0,3-5年,本科,智能硬件,未融资,20-99人,智美兴达
北京,Android开发,20.0,3-5年,本科,汽车生产,不需要融资,100-499人,ZD
北京,高级  android 开发工程师,22.5,3-5年,本科,社交网络,未融资,20-99人,时空感应科技
北京,Android高级开发工程师,52.5,3-5年,本科,移动互联网,不需要融资,100-499人,忽客时代（北京）...
北京,Android 开发工程师,20.0,3-5年,本科,在线教育,A轮,20-99人,思橙教育
北京,Android开发（高级）工程师,35.0,3-5年,本科,移动互联网,D轮及以上,10000人以上,今日头条
北京,Android 工程师,16.0,3-5年,本科,互联网,未融资,20-99人,北京麦迪花园
北京,安卓开发工程师,15.0,3-5年,本科,互联网,C轮,20-99人,星澜科技
北京,安卓研发工程师,16.5,3-5年,本科,互联网,未融资,20-99人,艺阁网
北京,Android,22.5,3-5年,本科,移动互联网,A轮,100-499人,小码联城
北京,Android开发工程师,22.5,3-5年,本科,互联网,B轮,100-499人,比链科技
北京,Android高级开发工程师,30.0,3-5年,本科,互联网,已上市,10000人以上,百度
北京,Android高级开发工程师,27.5,3-5年,本科,移动互联网,已上市,500-999人,映客直播
北京,Android工程师,15.0,3-5年,本科,互联网,未融资,20-99人,互联时刻
北京,高级Android开发工程师,17.5,3-5年,本科,互联网,不需要融资,500-999人,一米蓝
北京,Android开发-MIUI,27.5,3-5年,本科,互联网,已上市,10000人以上,小米
北京,资深Android开发工程师,40.0,3-5年,本科,企业服务,天使轮,20-99人,领英汇智
北京,Android高级开发工程师,27.5,3-5年,本科,在线教育,未融资,20-99人,葡萄智学
北京,Android高级/资深/架构工程师,30.0,3-5年,本科,移动互联网,D轮及以上,10000人以上,滴滴出行
北京,Android开发工程师OpenGL方向,30.0,3-5年,本科,互联网,已上市,1000-9999人,猎豹移动
北京,社交APP  android开发工程师,13.5,3-5年,本科,社交网络,未融资,20-99人,时空感应科技
北京,Android 播放器 开发,20.0,3-5年,本科,互联网,已上市,1000-9999人,爱奇艺
北京,Android开发工程师,19.0,3-5年,本科,互联网,未融资,100-499人,网讯达
北京,Android 开发工程师,21.5,3-5年,本科,智能硬件,不需要融资,100-499人,问众智能
北京,Android开发工程师,22.5,3-5年,大专,电子商务,未融资,100-499人,东方红马
北京,Android开发工程师,20.5,3-5年,本科,互联网,A轮,20-99人,布本智能
北京,Android软件开发工程师,18.5,3-5年,本科,移动互联网,D轮及以上,10000人以上,滴滴出行
北京,Android软件开发工程师,24.0,3-5年,本科,互联网,已上市,10000人以上,小米
北京,蚂蚁金服Android/iOS招聘,30.0,3-5年,本科,互联网,C轮,10000人以上,蚂蚁金服
北京,Android高级开发工程师,24.0,3-5年,本科,互联网,A轮,100-499人,锋巢信息
北京,安卓开发工程师,16.5,3-5年,本科,互联网,,0-20人,历行科技
北京,Android研发工程师,20.0,3-5年,大专,音乐/视频/阅读,A轮,20-99人,夺镖体育文化
北京,Android高级工程师,27.5,3-5年,本科,互联网,C轮,20-99人,newsdog
北京,Android高级/资深研发工程师,30.0,3-5年,本科,移动互联网,D轮及以上,10000人以上,今日头条
北京,Android 研发工程师,10.0,3-5年,大专,计算机软件,不需要融资,20-99人,北京市城果科技有...
北京,Android,25.0,3-5年,本科,O2O,D轮及以上,1000-9999人,饿了么
北京,java/Android软件工程师,22.5,3-5年,大专,移动互联网,天使轮,20-99人,快立提科技
北京,Android JNI开发工程师 ,21.0,3-5年,本科,移动互联网,C轮,100-499人,华捷艾米
北京,移动客户端android工程师（北京）,25.0,3-5年,本科,互联网,已上市,10000人以上,腾讯
北京,高级Android开发工程师,30.0,3-5年,本科,互联网,B轮,100-499人,Kika tech
北京,Android开发,11.5,3-5年,本科,计算机软件,,20-99人,京邦信息
北京,安卓开发工程师,17.5,3-5年,本科,智能硬件,天使轮,20-99人,历途
北京,Android 开发工程师（车机端 app 方向）,25.0,3-5年,本科,汽车生产,B轮,1000-9999人,车和家
北京,Android研发工程师-抖音短视频,37.5,3-5年,本科,移动互联网,D轮及以上,10000人以上,今日头条
北京,Android高级驱动开发工程师,22.5,3-5年,本科,智能硬件,不需要融资,20-99人,沃德网络
北京,APP 开发工程师（Android/iOS）,11.5,3-5年,大专,在线教育,未融资,20-99人,长青基石
北京,安卓开发,15.0,3-5年,本科,汽车生产,不需要融资,100-499人,ZD
北京,Android,22.5,3-5年,本科,移动互联网,未融资,0-20人,必有科技
北京,IOS（Android）研发工程师,27.5,3-5年,本科,互联网,不需要融资,100-499人,天地雷电
北京,Android开发工程师,15.0,3-5年,本科,音乐/视频/阅读,不需要融资,20-99人,芬享音乐
北京,Android系统开发工程师,22.5,3-5年,本科,智能硬件,不需要融资,20-99人,梧桐车联科技
北京,高级android开发工程师,27.5,3-5年,本科,移动互联网,D轮及以上,100-499人,掌通未来科技
北京,Android（OpenGL es）工程师,15.0,3-5年,大专,互联网,未融资,20-99人,北京麦迪花园
北京,高德-Android高级研发工程师/专家-开放平台,33.0,3-5年,本科,互联网,已上市,1000-9999人,高德地图
北京,腾讯视频android高级工程师,25.5,3-5年,本科,互联网,已上市,10000人以上,腾讯
北京,Android 中级研发工程师,20.0,3-5年,大专,计算机软件,不需要融资,20-99人,北京市城果科技有...
北京,Android,12.5,3-5年,本科,计算机软件,未融资,20-99人,紫辰
北京,Android工程师,16.5,3-5年,本科,移动互联网,D轮及以上,100-499人,快看世界
北京,Android,22.5,3-5年,本科,互联网,天使轮,0-20人,智工互联
北京,Android开发工程师,21.0,3-5年,本科,计算机软件,不需要融资,20-99人,北京新友
北京,Android高级/资深研发工程师-平台架构,45.0,3-5年,本科,移动互联网,D轮及以上,10000人以上,今日头条
北京,中高级安卓开发工程师,12.0,3-5年,大专,互联网,A轮,20-99人,中基凌云科技有限公司
北京,车机端中控Android研发工程师,22.5,3-5年,本科,互联网,A轮,100-499人,新特电动汽车
北京,UC事业部-android高级开发工程师,30.0,3-5年,本科,音乐/视频/阅读,已上市,10000人以上,阿里巴巴文化娱乐...
北京,广告SDK-Android开发,22.5,3-5年,本科,移动互联网,A轮,20-99人,北京柒捌玖零科技信息
北京,Android高级工程师/技术专家,32.5,3-5年,本科,移动互联网,已上市,500-999人,映客直播
北京,安卓开发师,15.0,3-5年,本科,生活服务,A轮,20-99人,Wake
北京,Android开发工程师,12.0,3-5年,本科,计算机软件,已上市,1000-9999人,信雅达软件
北京,Android软件开发工程师中级,11.0,3-5年,大专,电子商务,不需要融资,500-999人,博天下
北京,Android开发,20.0,3-5年,本科,计算机软件,未融资,10000人以上,软通动力
北京,无人机飞控APP开发工程师（Android）,20.0,3-5年,本科,数据服务,A轮,100-499人,星闪世图New3S
北京,优酷-Android开发专家/高级专家-平台架构,30.0,3-5年,本科,互联网,已上市,10000人以上,阿里巴巴集团
北京,高级Android开发工程师,15.0,3-5年,本科,社交网络,不需要融资,20-99人,红外高科
北京,高级安卓系统开发工程师,33.0,3-5年,本科,培训机构,,100-499人,北京爱欣文化发展...
北京,效率平台研发工程师--Android,22.5,3-5年,本科,智能硬件,B轮,1000-9999人,车和家
北京,Android研发工程师,15.0,3-5年,本科,互联网金融,未融资,10000人以上,北京恒昌利通
北京,Android 高级工程师,30.0,3-5年,本科,移动互联网,D轮及以上,10000人以上,滴滴出行
北京,Android开发高级工程师 - 懂车帝,30.0,3-5年,本科,移动互联网,D轮及以上,10000人以上,今日头条
北京,android资深开发工程师,30.0,3-5年,本科,互联网,已上市,1000-9999人,爱奇艺
北京,Android工程师,11.5,3-5年,学历不限,移动互联网,未融资,20-99人,互腾科技
北京,高级Android开发工程师,27.5,3-5年,本科,互联网,D轮及以上,1000-9999人,马蜂窝
北京,Android工程师,30.0,3-5年,本科,移动互联网,C轮,1000-9999人,作业盒子
北京,Android开发,22.5,3-5年,本科,互联网,已上市,100-499人,捷通华声
北京,Android开发,25.0,3-5年,大专,互联网,B轮,100-499人,新东方教研院
北京,Android,15.0,3-5年,大专,互联网,不需要融资,20-99人,爱码科晟
北京,Android开发工程师,21.0,3-5年,本科,互联网,B轮,500-999人,狸米科技
北京,国际化Android乘客端工程师,30.0,3-5年,学历不限,移动互联网,D轮及以上,10000人以上,滴滴出行
北京,高级安卓开发,20.0,3-5年,本科,互联网,A轮,100-499人,北京走出趣科技
北京,Android开发工程师,22.5,3-5年,本科,互联网,已上市,10000人以上,好未来
北京,Android开发工程师,16.0,3-5年,本科,移动互联网,天使轮,20-99人,历时科技
北京,Android(高级)工程师,40.0,3-5年,本科,移动互联网,D轮及以上,10000人以上,今日头条
北京,Android高级研发工程师,30.0,3-5年,本科,互联网,,20-99人,铛铛科技
北京,Android研发工程师,20.0,3-5年,本科,互联网,A轮,1000-9999人,跟谁学
北京,android开发工程师,12.0,3-5年,本科,计算机软件,已上市,1000-9999人,神州泰岳
北京,MIG16-车联网Android开发高级工程师,25.5,3-5年,本科,互联网,已上市,10000人以上,腾讯
北京,Android,10.0,3-5年,本科,电子商务,,0-20人,西五环艺人经纪
北京,Java/Android资深开发工程师,40.0,3-5年,本科,互联网,已上市,1000-9999人,爱奇艺
北京,android高级讲师,21.0,3-5年,大专,在线教育,未融资,100-499人,积云教育
北京,Android开发工程师,20.0,3-5年,本科,媒体,未融资,20-99人,栩栩华生
北京,Android开发,12.5,3-5年,学历不限,互联网,天使轮,20-99人,阳光沙滩
北京,Android高级研发工程师,25.0,3-5年,本科,互联网,已上市,10000人以上,百度
北京,Android工程师,22.5,3-5年,本科,音乐/视频/阅读,不需要融资,100-499人,硬核聚视
北京,高级Android安全工程师,30.0,3-5年,本科,游戏,B轮,100-499人,创星互娱
北京,高级Android开发工程师,30.0,3-5年,本科,互联网,已上市,10000人以上,小米
北京,Android开发工程师,32.5,3-5年,本科,智能硬件,A轮,20-99人,北京未动科技有限公司
北京,Android高级开发工程师,40.0,3-5年,本科,移动互联网,D轮及以上,10000人以上,今日头条
北京,安卓开发工程师,14.5,3-5年,本科,移动互联网,A轮,20-99人,真信网络
北京,高级Android研发工程师,37.5,3-5年,本科,移动互联网,C轮,10000人以上,链家网
北京,Android,10.0,3-5年,大专,互联网,,20-99人,鑫萌橙科技
北京,Android驱动工程师,13.5,3-5年,大专,智能硬件,未融资,100-499人,集智达智能
北京,蚂蚁金服-Android专家/高级专家-安全智能,32.5,3-5年,本科,互联网,已上市,10000人以上,阿里巴巴集团
北京,Android开发工程师,11.5,3-5年,本科,医疗健康,未融资,20-99人,基层医联网
北京,Android,22.5,3-5年,本科,互联网,D轮及以上,1000-9999人,马蜂窝
北京,Android开发工程师,12.5,3-5年,大专,地产经纪/中介,不需要融资,100-499人,明良海外
北京,Android开发,14.0,3-5年,本科,互联网,未融资,100-499人,展鸿科技
北京,android开发工程师,30.0,3-5年,大专,社交网络,A轮,100-499人,众乐网视
北京,Android,20.0,3-5年,本科,在线教育,A轮,100-499人,新东方渔塘科技
北京,Android,37.5,3-5年,本科,移动互联网,B轮,1000-9999人,支付宝
北京,高级android framework工程师,27.0,3-5年,本科,计算机硬件,A轮,20-99人,nreal.ai
北京,资深Android开发,40.0,3-5年,本科,互联网,已上市,1000-9999人,爱奇艺
北京,Android广告SDK开发工程师,20.0,3-5年,本科,广告营销,A轮,100-499人,畅思广告
北京,Android,15.0,3-5年,本科,广告营销,C轮,500-999人,IMS
北京,Android高级开发工程师,25.0,3-5年,本科,互联网,,20-99人,知识传趣
北京,资深 Android 端研发,30.0,3-5年,本科,互联网,已上市,10000人以上,百度
北京,Android开发工程师,17.5,3-5年,本科,游戏,,20-99人,卓娱
北京,西瓜视频Android研发工程师,37.5,3-5年,本科,移动互联网,D轮及以上,10000人以上,今日头条
北京,android开发工程师,11.0,3-5年,本科,互联网,A轮,100-499人,京品高科
北京,Android研发工程师,35.0,3-5年,本科,医疗健康,B轮,20-99人,动动
北京,Android 高级工程师,30.0,3-5年,学历不限,互联网,C轮,100-499人,洋葱数学
北京,高级安卓开发工程师,19.0,3-5年,本科,互联网,不需要融资,20-99人,奇妙王国
北京,Android研发工程师,37.5,3-5年,本科,移动互联网,未融资,20-99人,火萤
北京,高级Android开发工程师,30.0,3-5年,本科,社交网络,A轮,20-99人,拉克沙网络科技
北京,Android开发工程师,22.5,3-5年,本科,计算机服务,,100-499人,新中新友财
北京,Android开发高级工程师,30.0,3-5年,本科,移动互联网,D轮及以上,10000人以上,今日头条
北京,Android,12.0,3-5年,本科,互联网金融,,0-20人,钧策智能投顾
北京,Android,30.0,3-5年,本科,互联网,已上市,1000-9999人,搜狗
北京,安卓开发工程师,16.5,3-5年,本科,互联网,已上市,10000人以上,方正电子
北京,Android,20.0,3-5年,本科,互联网,已上市,1000-9999人,猎豹移动
北京,安卓开发工程师,22.5,3-5年,大专,互联网,未融资,20-99人,互动阳光
北京,Android工程师（C/C++双技术栈）,27.0,3-5年,本科,互联网,B轮,100-499人,北京雷石
北京,Android,22.5,3-5年,本科,移动互联网,A轮,100-499人,中搜搜悦
北京,Android端负责人,47.5,3-5年,本科,移动互联网,D轮及以上,10000人以上,今日头条
北京,Android开发,18.0,3-5年,本科,计算机软件,不需要融资,20-99人,秀健身
北京,Android高级开发工程师,30.0,3-5年,本科,移动互联网,已上市,1000-9999人,趣头条
北京,Android开发,22.5,3-5年,本科,电子商务,已上市,10000人以上,京东集团
北京,Android Framework高级开发,20.0,3-5年,本科,智能硬件,A轮,100-499人,新石器科技
北京,Android,20.0,3-5年,本科,医疗健康,A轮,1000-9999人,健客网
北京,Android培训讲师,18.0,3-5年,本科,互联网,A轮,100-499人,蓝鸥科技
北京,Sr. Android Developer,30.0,3-5年,本科,电子商务,已上市,10000人以上,Visa
北京,Android高级研发工程师,25.0,3-5年,本科,在线教育,D轮及以上,100-499人,考虫网
北京,Android研发工程师,30.0,3-5年,本科,互联网,已上市,10000人以上,小米
北京,Android开发工程师,25.0,3-5年,本科,电子商务,未融资,500-999人,姿美堂
北京,Android,20.0,3-5年,本科,电子商务,C轮,100-499人,拍库
北京,Android逆向开发工程师,20.0,3-5年,本科,在线教育,A轮,20-99人,家长家
北京,高级Android开发工程师,26.5,3-5年,本科,社交网络,A轮,20-99人,彼尔森未来
北京,Android高级研发工程师,15.0,3-5年,本科,电子商务,B轮,100-499人,壹号美
北京,Android,20.0,3-5年,本科,互联网,不需要融资,1000-9999人,卓望公司
北京,Android,17.5,3-5年,本科,广播/影视,A轮,20-99人,新光院线
北京,Android,33.5,3-5年,本科,互联网,A轮,100-499人,蓝海在线
北京,Android,20.0,3-5年,本科,互联网,已上市,1000-9999人,众安保险
北京,Android系统工程师,20.0,3-5年,本科,互联网,A轮,100-499人,声智科技
北京,安卓系统开发工程师,16.5,3-5年,本科,智能硬件,A轮,100-499人,新石器科技
北京,Android 开发工程师,21.5,3-5年,本科,智能硬件,A轮,20-99人,盛世辉智控
北京,蚂蚁金服专场招聘Android开发工程师专家,30.0,3-5年,本科,互联网,C轮,10000人以上,蚂蚁金服
北京,Android研发工程师,37.5,3-5年,本科,互联网,已上市,10000人以上,百度
北京,安卓工程师,40.0,3-5年,本科,互联网,A轮,20-99人,右划科技
北京,Android,12.5,3-5年,大专,互联网,已上市,500-999人,世纪中彩视频传媒
北京,安卓Android高级开发工程师,20.0,3-5年,本科,互联网,A轮,0-20人,爱天教育科技
北京,Android驱动工程师,22.5,3-5年,本科,智能硬件,不需要融资,20-99人,沃德网络
北京,Android工程师（15亿用户）,30.0,3-5年,本科,互联网,B轮,100-499人,茄子快传
北京,Android,15.0,3-5年,本科,互联网,B轮,1000-9999人,云族佳
北京,Android framework工程师,22.5,3-5年,本科,互联网,A轮,100-499人,Pico VR
北京,Android工程师,20.0,3-5年,本科,在线教育,天使轮,100-499人,快陪练
北京,高级Android,30.0,3-5年,本科,人力资源服务,D轮及以上,1000-9999人,Boss直聘
北京,Android专家/高级专家,45.0,3-5年,本科,O2O,D轮及以上,1000-9999人,饿了么
北京,Android,20.0,3-5年,本科,在线教育,,20-99人,众答科技
北京,android,15.5,3-5年,本科,计算机软件,D轮及以上,10000人以上,京北方
北京,Android开发工程师,27.0,3-5年,本科,互联网,B轮,500-999人,ADVANCE
北京,Android研发,26.5,3-5年,本科,移动互联网,C轮,100-499人,夜神数娱
北京,Android 高级研发工程师,45.0,3-5年,本科,互联网,已上市,10000人以上,百度
北京,Android工程师,22.5,3-5年,本科,移动互联网,未融资,20-99人,中电玺客信用服务
北京,安卓开发高级工程师,18.0,3-5年,本科,移动互联网,C轮,100-499人,小年糕
北京,Android,13.5,3-5年,本科,移动互联网,A轮,20-99人,驼队
北京,Android资深工程师,37.5,3-5年,本科,移动互联网,D轮及以上,10000人以上,滴滴出行
北京,Android高级开发工程师,27.5,3-5年,本科,互联网,A轮,100-499人,天天乐学
北京,高级Android开发工程师,20.0,3-5年,本科,互联网,A轮,100-499人,Pico VR
北京,Android 开发工程师,30.0,3-5年,本科,移动互联网,D轮及以上,1000-9999人,知乎
北京,Android 高级开发工程师,30.0,3-5年,本科,互联网,已上市,10000人以上,百度
北京,高级安卓工程师,30.0,3-5年,本科,电子商务,未融资,500-999人,北京姿美堂
北京,资深Android开发工程师,22.5,3-5年,本科,互联网,不需要融资,1000-9999人,去哪儿
北京,工具类安卓研发,22.5,3-5年,本科,移动互联网,C轮,100-499人,夜神数娱
北京,android高级开发工程师,12.5,3-5年,学历不限,电子商务,不需要融资,20-99人,北京凤凰林科技
北京,高级Android开发工程师/专家,30.0,3-5年,本科,互联网,A轮,20-99人,Owlii
北京,Android,30.0,3-5年,本科,电子商务,C轮,100-499人,省钱快报
北京,Android,11.5,3-5年,本科,移动互联网,未融资,0-20人,芽叶科技
北京,猿辅导－Android 开发工程师,30.0,3-5年,本科,在线教育,D轮及以上,1000-9999人,猿辅导
北京,Android 开发工程师 (音视频方向),30.0,3-5年,本科,移动互联网,D轮及以上,1000-9999人,知乎
北京,Android开发工程师,16.0,3-5年,本科,计算机软件,D轮及以上,10000人以上,京北方
北京,android开发工程师,32.5,3-5年,本科,互联网,已上市,1000-9999人,同程艺龙
北京,android研发工程师,20.0,3-5年,本科,移动互联网,B轮,20-99人,美歌科技
北京,安卓开发工程师,30.0,3-5年,本科,互联网金融,未融资,20-99人,币投
北京,Android开发工程师,13.5,3-5年,本科,计算机软件,未融资,20-99人,弋飞信息
北京,Android高级开发工程师,22.5,3-5年,本科,移动互联网,D轮及以上,10000人以上,VIPKID
北京,高级客户端开发工程师（Android）,25.0,3-5年,本科,互联网,C轮,10000人以上,蚂蚁金服
北京,Android负责人,50.0,5-10年,本科,医疗健康,B轮,20-99人,百索科技
北京,Android 资深架构师,37.5,5-10年,本科,移动互联网,D轮及以上,100-499人,快看世界
北京,安卓,28.5,5-10年,本科,培训机构,A轮,100-499人,外教易
北京,抖音Android Leader,45.0,5-10年,本科,移动互联网,D轮及以上,10000人以上,今日头条
北京,Android高级开发工程师,27.5,5-10年,本科,互联网,A轮,1000-9999人,惠下单
北京,安卓开发工程师,30.0,5-10年,本科,互联网,已上市,10000人以上,北京百度网讯有限公司
北京,Android研发工程师,22.5,5-10年,本科,互联网,已上市,10000人以上,百度
北京,Android工程师,30.0,5-10年,大专,互联网,A轮,500-999人,禧云国际
北京,Android测试leader,15.0,5-10年,大专,移动互联网,已上市,1000-9999人,联想利泰
北京,Android 高级工程师,42.5,5-10年,本科,移动互联网,D轮及以上,10000人以上,滴滴出行
北京,高级android工程师/专家,37.5,5-10年,本科,O2O,D轮及以上,10000人以上,美团点评
北京,Android 资深开发工程师-图片方向,35.0,5-10年,本科,移动互联网,D轮及以上,100-499人,快看世界
北京,Android技术专家,65.0,5-10年,本科,移动互联网,B轮,1000-9999人,支付宝
北京,Android高级开发工程师,25.0,5-10年,大专,在线教育,C轮,1000-9999人,动因体育
北京,Android 资深开发工程师,35.0,5-10年,本科,移动互联网,D轮及以上,100-499人,快看世界
北京,安卓高级工程师,32.5,5-10年,本科,数据服务,不需要融资,100-499人,柯贝互动
北京,高级安卓工程师,26.5,5-10年,本科,互联网,不需要融资,500-999人,火币网
北京,高级Android工程师,30.0,5-10年,本科,互联网,B轮,100-499人,新东方教研院
北京,Android技术专家,45.0,5-10年,本科,互联网,C轮,10000人以上,蚂蚁金服
北京,移动架构师 (Android),45.0,5-10年,本科,移动互联网,D轮及以上,10000人以上,滴滴出行
北京,安卓开发工程师,22.5,5-10年,本科,互联网金融,未融资,1000-9999人,红上金融互联网
北京,Android架构leader,40.0,5-10年,本科,互联网金融,C轮,100-499人,AKULAKU
北京,Android 高级/资深工程师,37.5,5-10年,大专,移动互联网,D轮及以上,10000人以上,滴滴出行
北京,高级Android工程师,20.0,5-10年,本科,在线教育,A轮,100-499人,你我他科技
北京,android开发工程师,12.0,5-10年,本科,移动互联网,已上市,20-99人,北京九驹
北京,Android 网络兼职讲师,30.0,5-10年,本科,在线教育,不需要融资,0-20人,菜鸟窝
北京,Android 资深开发工程师-音视频方向,35.0,5-10年,本科,移动互联网,D轮及以上,100-499人,快看世界
北京,Android安全专家,45.0,5-10年,本科,电子商务,未融资,500-999人,姿美堂
北京,Android开发工程师,16.5,5-10年,本科,互联网,已上市,1000-9999人,二六三
北京,Android资深开发工程师,42.5,5-10年,本科,移动互联网,D轮及以上,10000人以上,滴滴出行
北京,安卓高级开发工程师,27.5,5-10年,本科,互联网,D轮及以上,1000-9999人,途家网
北京,高级Android研发工程师,27.5,5-10年,本科,电子商务,已上市,10000人以上,京东集团
北京,Android架构师,34.5,5-10年,本科,互联网,,20-99人,分享动力
北京,Android技术专家,40.0,5-10年,本科,移动互联网,B轮,100-499人,凯叔讲故事
北京,Android开发专家,32.5,5-10年,本科,移动互联网,B轮,1000-9999人,支付宝
北京,安卓开发工程师,20.0,5-10年,本科,在线教育,未融资,20-99人,皮皮外语
北京,安卓开发工程师,12.5,5-10年,本科,媒体,未融资,0-20人,米悦
北京,Android资深/专家开发工程师,50.0,5-10年,本科,移动互联网,D轮及以上,10000人以上,滴滴出行
北京,Android开发工程师,18.0,5-10年,本科,移动互联网,A轮,20-99人,肆客体育
北京,Android开发工程师,30.0,5-10年,本科,在线教育,天使轮,100-499人,快陪练
北京,高级/资深 安卓工程师,30.0,5-10年,本科,互联网,不需要融资,500-999人,火币网
北京,高级Android工程师,35.0,5-10年,本科,在线教育,天使轮,20-99人,闪电思维
北京,Android高级开发工程师,32.5,5-10年,本科,移动互联网,D轮及以上,100-499人,橙光游戏中心
北京,Android,45.0,5-10年,本科,移动互联网,B轮,1000-9999人,支付宝
北京,Android开发工程师,27.5,5-10年,大专,计算机软件,未融资,20-99人,盈科网络
北京,Android,45.0,5-10年,本科,移动互联网,D轮及以上,10000人以上,滴滴出行
北京,Android高级工程师,30.0,5-10年,本科,互联网,,20-99人,分享动力
北京,Android开发工程师,30.0,5-10年,本科,在线教育,已上市,10000人以上,精锐教育
北京,安卓--资深工程师/技术专家/架构师,60.0,5-10年,本科,移动互联网,D轮及以上,10000人以上,滴滴出行
北京,安卓开发工程师,25.0,5-10年,本科,工程施工,不需要融资,1000-9999人,龙湖
北京,高级Android开发工程师,25.0,5-10年,本科,数据服务,B轮,100-499人,朗镜科技
北京,Android高级开发工程师,25.0,5-10年,学历不限,互联网,未融资,20-99人,乐途原动力
北京,Android开发工程师,22.5,5-10年,本科,移动互联网,不需要融资,100-499人,E人E本
北京,Android讲师,18.5,5-10年,大专,在线教育,未融资,100-499人,积云教育
北京,高级安卓开发工程师,21.5,5-10年,本科,移动互联网,天使轮,0-20人,众声智慧
北京,Android中/高级工程师,26.0,5-10年,本科,移动互联网,已上市,10000人以上,搜狐
北京,Android,15.0,5-10年,本科,移动互联网,未融资,20-99人,金溪欣
北京,Android专家（T6以上）,52.5,5-10年,本科,互联网,,20-99人,分享动力
北京,Android技术专家,60.0,5-10年,本科,互联网,,20-99人,分享动力
北京,Android高级软件工程师(AI产品 ),40.0,5-10年,本科,互联网,已上市,10000人以上,小米
北京,Android工程师,30.0,5-10年,本科,在线教育,已上市,10000人以上,精锐教育
北京,资深安卓开发工程师,30.0,5-10年,本科,在线教育,A轮,20-99人,微芒教育科技
北京,Android架构师,45.0,5-10年,本科,O2O,已上市,10000人以上,美团新零售业务部
北京,资深Android Framework系统开发工程师,30.0,5-10年,本科,移动互联网,C轮,100-499人,海马玩
北京,Android资深工程师-国际化业务,40.0,5-10年,本科,移动互联网,D轮及以上,10000人以上,滴滴出行
北京,资深Android工程师,25.0,5-10年,本科,O2O,D轮及以上,1000-9999人,饿了么
北京,Android专家,50.0,5-10年,本科,互联网,,20-99人,分享动力
北京,Android技术专家/TL,45.0,5-10年,本科,移动互联网,B轮,1000-9999人,支付宝
北京,高级android/Java开发工程师,32.5,5-10年,本科,电子商务,已上市,10000人以上,京东集团
北京,Android开发工程师,25.0,5-10年,本科,互联网,不需要融资,10000人以上,京东金融
北京,Android系统技术专家,60.0,5-10年,本科,计算机软件,不需要融资,10000人以上,华为技术有限公司
北京,Android资深开发工程师,30.0,5-10年,本科,互联网,已上市,1000-9999人,爱奇艺
北京,Android移动架构师/技术专家,37.5,5-10年,学历不限,移动互联网,D轮及以上,10000人以上,滴滴出行
北京,Android驱动工程师,30.0,5-10年,本科,智能硬件,A轮,100-499人,创视赛维
北京,Android开发工程师,32.5,5-10年,本科,人力资源服务,D轮及以上,1000-9999人,Boss直聘
北京,android资深开发工程师,40.0,5-10年,本科,互联网,未融资,1000-9999人,竞技世界
北京,Android资深架构师（Leader）,40.0,5-10年,大专,在线教育,C轮,1000-9999人,动因体育
北京,Android开发工程师,20.5,5-10年,本科,在线教育,未融资,100-499人,托普朗宁
北京,Android高级研发工程师,42.0,5-10年,本科,医疗健康,B轮,20-99人,动动
北京,Android项目经理（讲师）,20.0,5-10年,大专,在线教育,未融资,100-499人,积云教育
北京,Android架构师/android负责人,42.0,5-10年,本科,互联网,,20-99人,分享动力
北京,高级android工程师,25.0,5-10年,本科,互联网,A轮,0-20人,深蓝长盛科技
北京,Android专家,37.5,5-10年,本科,互联网,已上市,1000-9999人,猎豹移动
北京,Android,32.5,5-10年,本科,互联网,已上市,1000-9999人,高德地图
北京,Android高级开发工程师,27.5,5-10年,本科,在线教育,天使轮,100-499人,快陪练
北京,Android,22.5,5-10年,本科,计算机软件,不需要融资,500-999人,博天昊宇
北京,Android,27.5,5-10年,本科,移动互联网,C轮,20-99人,三合兴元
北京,Android,23.0,5-10年,本科,智能硬件,B轮,100-499人,云迹科技
北京,Android,25.0,5-10年,大专,移动互联网,A轮,500-999人,行圆汽车
北京,Android,27.5,5-10年,本科,音乐/视频/阅读,不需要融资,500-999人,百度音乐
北京,Android开发工程师,17.5,5-10年,本科,企业服务,未融资,100-499人,卅思云科技
北京,Android开发工程师,32.5,5-10年,本科,电子商务,已上市,10000人以上,京东集团
北京,Android高级讲师,16.5,5-10年,大专,在线教育,未融资,100-499人,积云教育
北京,Android技术经理,40.0,5-10年,本科,移动互联网,B轮,100-499人,凯叔讲故事
北京,Android framework,27.5,5-10年,大专,智能硬件,不需要融资,100-499人,问众智能
北京,Android工程师,13.0,5-10年,本科,计算机软件,不需要融资,1000-9999人,东华博雅
北京,高级Android开发工程师/专家,30.0,5-10年,本科,互联网,A轮,20-99人,Owlii
北京,Android,23.0,5-10年,本科,互联网,已上市,10000人以上,联想(北京)
北京,高级Android工程师,27.0,5-10年,硕士,计算机软件,已上市,10000人以上,苏宁
北京,Android资深用户试用问题分析工程师,17.0,5-10年,本科,计算机服务,未融资,100-499人,企顺
北京,Android,24.0,5-10年,本科,互联网,不需要融资,10000人以上,京东金融
北京,Android工程师,20.0,5-10年,本科,互联网,B轮,1000-9999人,健客网
北京,高级Android开发,27.5,5-10年,本科,互联网,不需要融资,500-999人,一米蓝
北京,Android高级开发工程师,22.5,5-10年,本科,计算机软件,不需要融资,100-499人,泰德合众
北京,高级android 或leader,45.0,5-10年,本科,移动互联网,,100-499人,举人在线
北京,Android技术总监,35.0,5-10年,本科,社交网络,B轮,20-99人,无限引力
北京,安卓工程师,13.0,5-10年,本科,移动互联网,未融资,0-20人,贝塔智能科技
北京,Android开发工程师,25.0,5-10年,本科,智能硬件,已上市,10000人以上,康得新
北京,Android开发工程师,20.0,5-10年,本科,计算机服务,天使轮,20-99人,数字传奇
北京,Android开发,30.0,5-10年,大专,智能硬件,不需要融资,100-499人,问众智能
北京,资深Android研发工程师,37.5,5-10年,本科,电子商务,已上市,10000人以上,京东集团
北京,安卓开发工程师,22.5,5-10年,本科,汽车生产,不需要融资,100-499人,ZD
北京,资深安卓开发,55.0,5-10年,本科,移动互联网,D轮及以上,10000人以上,今日头条
北京,安卓开发,22.5,5-10年,大专,互联网,不需要融资,1000-9999人,天九共享控股集团
北京,Android工程师,37.5,5-10年,本科,移动互联网,,100-499人,睿知博祥
北京,安卓高级工程师,25.0,5-10年,本科,培训机构,A轮,100-499人,外教易
北京,Android开发工程师,30.0,5-10年,本科,互联网,A轮,100-499人,币世界
北京,安卓工程师,18.0,5-10年,本科,智能硬件,A轮,0-20人,田一科技
北京,安卓高级开发工程师,35.0,5-10年,学历不限,移动互联网,未融资,100-499人,国信安石
北京,Android开发工程师,27.5,5-10年,本科,互联网,不需要融资,500-999人,一米蓝
北京,Android高级开发工程师,35.0,5-10年,本科,电子商务,已上市,10000人以上,京东集团
北京,Android高级开发工程师,22.5,5-10年,本科,互联网,已上市,1000-9999人,猎豹移动
北京,高级Android开发工程师,25.5,5-10年,本科,互联网,,20-99人,北京安证
北京,Android移动技术经理,60.0,5-10年,本科,社交网络,B轮,100-499人,美篇
北京,搜狗输入法高级Android开发工程师,40.0,5-10年,本科,互联网,已上市,1000-9999人,搜狗
北京,资深 Android 工程师  (平台产品),50.0,5-10年,本科,移动互联网,D轮及以上,1000-9999人,知乎
北京,Android开发leader,37.5,5-10年,本科,移动互联网,B轮,100-499人,Apus Group
北京,安卓开发工程师,17.5,5-10年,本科,计算机软件,不需要融资,100-499人,华晨弘毅
北京,高级Android开发工程师,25.0,5-10年,本科,在线教育,已上市,10000人以上,精锐教育
北京,Android系统高级开发工程师,30.0,5-10年,本科,互联网,未融资,500-999人,网心科技
北京,安卓语音测试工程师,14.0,5-10年,大专,计算机软件,未融资,10000人以上,软通动力
北京,Android高级工程师,25.0,5-10年,本科,移动互联网,不需要融资,100-499人,点众科技
北京,Android,30.0,5-10年,本科,O2O,D轮及以上,1000-9999人,饿了么
北京,Android,52.5,5-10年,本科,移动互联网,C轮,20-99人,冲顶
北京,Android系统工程师,35.0,5-10年,本科,移动互联网,D轮及以上,10000人以上,滴滴出行
北京,Android开发工程师,17.5,5-10年,本科,通信/网络设备,B轮,20-99人,丝路网联
北京,高级Android开发工程师,27.5,5-10年,本科,互联网,B轮,100-499人,融云
北京,资深android工程师,32.5,5-10年,本科,互联网,D轮及以上,500-999人,易到用车
北京,Android开发工程师,20.0,5-10年,本科,智能硬件,未融资,20-99人,智美兴达
北京,Android研发工程师（音视频SDK）,32.5,5-10年,大专,移动互联网,未融资,100-499人,国信安石
北京,Android 系统开发工程师（BSP/OS底层）,25.0,5-10年,本科,智能硬件,天使轮,20-99人,硬壳科技
北京,Android高级开发工程师,25.0,5-10年,大专,音乐/视频/阅读,A轮,100-499人,中金中富
北京,安卓Java全栈开发,20.0,5-10年,本科,互联网,已上市,1000-9999人,拓尔思
北京,Android开发工程师,22.5,5-10年,本科,互联网,已上市,1000-9999人,猎豹移动
北京,高级Android开发工程师,27.5,5-10年,本科,移动互联网,C轮,100-499人,海马玩
北京,Android 高级开发工程师,30.0,5-10年,本科,互联网,D轮及以上,100-499人,更美app
北京,android开发工程师,27.5,5-10年,本科,互联网,不需要融资,20-99人,冠东宏亮
北京,高级Android开发工程师,17.5,5-10年,本科,智能硬件,,20-99人,禧云信息科技
北京,资深Android开发工程师,50.0,5-10年,本科,移动互联网,D轮及以上,10000人以上,滴滴出行
北京,Android开发工程师（资深岗）,37.5,5-10年,本科,音乐/视频/阅读,不需要融资,100-499人,优贝在线
北京,Android系统工程师,20.0,5-10年,本科,智能硬件,不需要融资,100-499人,Libratone小鸟音响
北京,Android资深开发工程师,30.0,5-10年,本科,社交网络,B轮,20-99人,美播
北京,Android framework 系统研发工程师,30.5,5-10年,本科,移动互联网,C轮,100-499人,海马玩
北京,android研发专家,55.0,5-10年,本科,移动互联网,不需要融资,1000-9999人,思源互联科技
北京,AI语音Android开发工程师,30.0,5-10年,本科,智能硬件,不需要融资,100-499人,问众智能
北京,高级 Android 开发工程师,30.0,5-10年,本科,电子商务,C轮,100-499人,省钱快报
北京,无线客户端资深开发工程师Android,37.5,5-10年,本科,移动互联网,B轮,1000-9999人,支付宝
北京,android开发工程师,30.0,5-10年,本科,分类信息,C轮,10000人以上,瓜子二手车直卖网
北京,Android高级工程师,30.0,5-10年,本科,移动互联网,未融资,1000-9999人,爱卡汽车
北京,Android技术经理,31.5,5-10年,本科,电子商务,不需要融资,100-499人,必要商城
北京,Android,32.5,5-10年,本科,电子商务,已上市,10000人以上,京东集团
北京,Android开发,23.0,5-10年,本科,计算机服务,未融资,20-99人,万智千鸿
北京,高级安卓开发工程师（Android）,30.0,5-10年,本科,互联网,已上市,100-499人,中传天下信息科技
北京,Android高级工程师,25.0,5-10年,本科,游戏,D轮及以上,500-999人,触控科技
北京,Android技术专家，高级开发,37.5,5-10年,本科,互联网,已上市,1000-9999人,同程艺龙
北京,Android架构师(J10044),55.0,5-10年,本科,移动互联网,C轮,500-999人,伴鱼
北京,安卓开发工程师,16.5,5-10年,本科,计算机软件,A轮,20-99人,翔创科技
北京,Android,25.0,5-10年,本科,互联网金融,天使轮,0-20人,华泰奥博
北京,Android/Linux系统软件专家,25.0,5-10年,本科,互联网,已上市,1000-9999人,高德地图
北京,Android,22.5,5-10年,本科,互联网,A轮,20-99人,懒人互动
北京,资深Android工程师,25.0,5-10年,本科,互联网,B轮,100-499人,一一五科技
北京,Android开发工程师,15.0,5-10年,本科,互联网,B轮,100-499人,校内外
北京,高级Android开发工程师/开发经理,21.5,5-10年,本科,移动互联网,,20-99人,逸途科技
北京,Android开发工程师,25.0,5-10年,本科,智能硬件,A轮,0-20人,合优智景
北京,资深Android开发工程师,30.0,5-10年,本科,生活服务,不需要融资,100-499人,友缘在线
北京,资深Android开发工程师,47.5,5-10年,本科,智能硬件,B轮,100-499人,赛格威机器人
北京,移动端leader（iOS/安卓）,45.0,5-10年,本科,移动互联网,D轮及以上,10000人以上,今日头条
北京,Android开发工程师,15.0,5-10年,本科,计算机软件,不需要融资,100-499人,奥拓思维软件
北京,高级安卓工程师,20.0,5-10年,本科,移动互联网,未融资,20-99人,中电玺客信用服务
北京,Android工程师（高级）,27.5,5-10年,本科,互联网,B轮,100-499人,学堂在线
北京,Android SDK开发工程师,27.5,5-10年,本科,移动互联网,C轮,100-499人,海马玩
北京,高级Android开发工程师,45.0,5-10年,本科,电子商务,已上市,10000人以上,京东集团
北京,资深Android工程师,25.0,5-10年,本科,互联网,C轮,500-999人,福佑卡车
北京,安卓软件工程师,25.0,5-10年,本科,互联网金融,天使轮,0-20人,华泰奥博
北京,android工程师,15.0,5-10年,本科,互联网,未融资,20-99人,食安云
北京,高级Android工程师,37.5,5-10年,本科,移动互联网,已上市,500-999人,映客直播
北京,Android高级/资深开发工程师,40.0,5-10年,本科,移动互联网,D轮及以上,10000人以上,滴滴出行
北京,资深Android架构师,17.5,5-10年,大专,计算机软件,A轮,100-499人,晓羊教育
北京,Android测试工程师,22.5,5-10年,本科,智能硬件,不需要融资,100-499人,蜂盒科技
北京,Android架构师,45.0,5-10年,本科,移动互联网,C轮,100-499人,ApusGroup
北京,Android开发工程师,30.0,5-10年,本科,互联网,B轮,100-499人,朗播网
北京,Android开发工程师,25.0,5-10年,本科,移动互联网,B轮,100-499人,凯叔讲故事
北京,Android开发,22.5,5-10年,本科,互联网,已上市,10000人以上,腾讯
北京,Android Framework,12.5,5-10年,本科,通信/网络设备,已上市,1000-9999人,富士康nokia
北京,Android开发工程师,26.5,5-10年,本科,移动互联网,A轮,20-99人,看了吗视频
北京,Android开发工程师,22.5,5-10年,本科,计算机软件,已上市,10000人以上,BOE
北京,安卓高级开发工程师,37.5,5-10年,本科,电子商务,不需要融资,20-99人,孔夫子旧书网
北京,高级安卓开发工程师,32.0,5-10年,本科,互联网,A轮,1000-9999人,旅悦集团
北京,Android开发工程师,22.5,5-10年,本科,互联网,B轮,100-499人,果加智能
北京,Android技术专家,32.5,5-10年,本科,移动互联网,已上市,500-999人,映客直播
北京,Android,25.0,5-10年,大专,互联网,不需要融资,20-99人,艾尔贝贝
北京,Android 资深架构师,40.0,5-10年,本科,智能硬件,不需要融资,100-499人,蜂盒科技
北京,Android技术专家,47.5,5-10年,本科,计算机软件,B轮,500-999人,屏芯科技
北京,安卓系统开发,30.0,5-10年,本科,计算机软件,已上市,10000人以上,BOE
北京,高级Android开发工程师,37.5,5-10年,本科,互联网,不需要融资,10000人以上,恒昌利通
北京,Android,35.0,5-10年,本科,互联网,未融资,1000-9999人,竞技世界
北京,资深 Android 工程师（架构/管理方向）,45.0,5-10年,本科,移动互联网,D轮及以上,1000-9999人,知乎
北京,高级安卓开发工程师,18.0,5-10年,本科,移动互联网,天使轮,20-99人,币精灵
北京,Android高级工程师,22.5,5-10年,本科,互联网,B轮,100-499人,果加智能
北京,高级android研发工程师,32.5,5-10年,大专,互联网,B轮,100-499人,新东方教研院
北京,学而思网校-Android架构师,52.5,5-10年,本科,互联网,已上市,10000人以上,好未来
北京,Android高级开发工程师,35.0,5-10年,本科,移动互联网,B轮,100-499人,畅聊天下
北京,Android技术主管/架构师,40.0,5-10年,本科,互联网,已上市,1000-9999人,爱奇艺
北京,Android,22.5,5-10年,本科,计算机软件,未融资,10000人以上,软通动力
北京,Android技术架构师,37.5,5-10年,本科,互联网,B轮,100-499人,APUS
北京,高/中级Android研发工程师,32.5,5-10年,本科,互联网,未融资,100-499人,鳌背科技
北京,高级Android安卓开发,31.0,5-10年,本科,移动互联网,D轮及以上,100-499人,掌通未来科技
北京,Android系统研发工程师（驱动开发）,22.5,5-10年,本科,互联网,D轮及以上,500-999人,指点控股
北京,安卓架构师,40.0,5-10年,本科,企业服务,B轮,100-499人,数盟网络
北京,高级Android开发工程师,32.5,5-10年,本科,移动互联网,已上市,1000-9999人,趣头条
北京,Android,37.5,5-10年,本科,互联网,已上市,1000-9999人,同程艺龙
北京,高级Android开发工程师,24.0,5-10年,本科,互联网,A轮,100-499人,考拉FM
北京,资深安卓系统开发工程师,31.5,5-10年,本科,智能硬件,不需要融资,100-499人,蜂盒科技
北京,Android,30.0,5-10年,本科,互联网,B轮,100-499人,北京雷石
北京,资深android开发工程师—TV端,25.0,5-10年,本科,智能硬件,不需要融资,1000-9999人,四达时代集团
北京,Android开发专家,35.0,5-10年,本科,互联网,已上市,1000-9999人,爱奇艺
北京,安卓开发工程师,45.0,5-10年,本科,互联网,不需要融资,10000人以上,京东金融
北京,Android,24.5,5-10年,本科,互联网,D轮及以上,500-999人,苏宁体育
北京,Android高级研发工程师,17.0,5-10年,本科,互联网,天使轮,0-20人,米花时代
北京,Android开发工程师,20.0,5-10年,大专,互联网,天使轮,20-99人,上座科技
北京,Android安全研究员,40.0,5-10年,本科,企业服务,B轮,100-499人,数盟网络
北京,高级Android研发专家,37.5,5-10年,本科,移动互联网,D轮及以上,10000人以上,今日头条
北京,Android开发工程师-主App,30.0,5-10年,本科,社交网络,D轮及以上,1000-9999人,快手
北京,中/高级Android开发工程师,25.5,5-10年,本科,电子商务,D轮及以上,1000-9999人,赢销通
北京,Android架构师,27.5,5-10年,本科,电子商务,不需要融资,100-499人,必要商城
北京,高级Android开发工程师,35.0,5-10年,本科,智能硬件,不需要融资,100-499人,问众智能
北京,Android开发工程师,25.0,5-10年,本科,培训机构,A轮,100-499人,聚师网
北京,Android架构师,45.0,5-10年,本科,互联网,已上市,1000-9999人,同程艺龙
北京,android资深系统工程师（架构师）,32.5,5-10年,本科,智能硬件,不需要融资,100-499人,蜂盒科技
北京,高级android工程师,37.5,5-10年,本科,游戏,已上市,1000-9999人,昆仑万维
北京,Android架构师,42.5,5-10年,本科,互联网,已上市,1000-9999人,新浪微博
北京,Android开发,45.0,5-10年,本科,互联网,已上市,10000人以上,小米
北京,Android工程师,17.5,5-10年,大专,互联网,不需要融资,20-99人,军地联合
北京,Android高级开发工程师,18.5,5-10年,本科,计算机软件,已上市,1000-9999人,任子行
北京,Android资深开发工程师,25.0,5-10年,本科,互联网,D轮及以上,100-499人,有缘网
北京,Android技术经理,35.0,5-10年,本科,智能硬件,B轮,100-499人,roobo
北京,Android开发专家,37.5,5-10年,本科,O2O,D轮及以上,1000-9999人,饿了么
北京,高级android开发工程师,33.0,5-10年,本科,移动互联网,A轮,20-99人,连飞互娱
北京,移动研发专家Android,45.0,5-10年,本科,互联网金融,天使轮,10000人以上,宜信公司
北京,资深Android开发（爱奇艺VR客户端）,30.0,5-10年,本科,互联网,已上市,1000-9999人,爱奇艺
北京,高级嵌入式软件工程师（Linux/Android方向）,25.5,5-10年,本科,智能硬件,A轮,500-999人,猎户星空
北京,资深Android工程师,20.0,5-10年,本科,互联网,C轮,1000-9999人,汇桔网
北京,Android,27.5,5-10年,本科,互联网,C轮,100-499人,udesk
北京,Android高级研发经理,25.0,5-10年,本科,智能硬件,B轮,100-499人,云迹科技
北京,Android平台架构师,37.5,5-10年,本科,互联网,D轮及以上,1000-9999人,小红书
北京,Android技术专家（测试岗）,27.5,5-10年,本科,移动互联网,B轮,1000-9999人,支付宝
北京,Android开发工程师-视频云,30.0,5-10年,本科,互联网,已上市,10000人以上,京东世纪贸易有限公司
北京,高级Android开发专家,32.5,5-10年,本科,O2O,不需要融资,10000人以上,拉扎斯网络
北京,android 架构师,47.5,5-10年,本科,互联网,B轮,100-499人,APUS
北京,Android高级工程师,27.5,5-10年,本科,互联网,已上市,1000-9999人,爱奇艺
北京,Android高级开发工程师,22.5,5-10年,本科,智能硬件,B轮,100-499人,云迹科技
北京,Android资深研发工程师,45.0,5-10年,本科,移动互联网,A轮,20-99人,音娱时光
北京,Android 高级工程师/技术专家,30.0,5-10年,本科,互联网,已上市,1000-9999人,易车
北京,安卓开发工程师,30.0,5-10年,本科,计算机软件,已上市,10000人以上,BOE
北京,Android高级工程师,37.5,5-10年,本科,互联网,D轮及以上,1000-9999人,小红书
北京,高级安卓开发工程师,22.5,5-10年,本科,互联网,已上市,10000人以上,好未来
北京,Android开发,30.0,5-10年,本科,移动互联网,已上市,1000-9999人,趣头条
北京,资深Android开发工程师,25.0,5-10年,本科,互联网,B轮,100-499人,一一五科技
北京,Android高级研发工程师/主管,20.0,5-10年,大专,音乐/视频/阅读,A轮,20-99人,夺镖体育文化
北京,Android资深工程师/技术专家,45.0,5-10年,硕士,O2O,D轮及以上,10000人以上,美团点评
北京,Android开发leader,50.0,5-10年,本科,移动互联网,D轮及以上,10000人以上,今日头条
北京,Android Leader,30.5,5-10年,本科,移动互联网,A轮,20-99人,快如科技
北京,Android资深工程师,40.0,5-10年,本科,社交网络,B轮,100-499人,美篇
北京,Android架构师,37.5,5-10年,本科,互联网,已上市,10000人以上,好未来
北京,Android,22.5,5-10年,大专,互联网,天使轮,20-99人,幸福城
北京,Java开发工程师，android开发,22.5,5-10年,本科,互联网金融,不需要融资,500-999人,瑞德经纬
北京,Android资深工程师/架构师,30.0,5-10年,本科,音乐/视频/阅读,不需要融资,500-999人,百度音乐
北京,Android开发工程师,15.0,5-10年,本科,广告营销,A轮,20-99人,灵回诗社
北京,Android开发工程师,17.5,5-10年,本科,计算机软件,已上市,1000-9999人,四方精创
北京,Android,22.0,5-10年,本科,在线教育,不需要融资,1000-9999人,东奥教育集团
北京,Android开发工程师,27.5,5-10年,本科,媒体,未融资,20-99人,栩栩华生
北京,Android培训讲师,5.5,5-10年,硕士,培训机构,天使轮,0-20人,奥国
北京,高级Android开发工程师,22.5,5-10年,本科,移动互联网,B轮,20-99人,北京亮亮视野
北京,android开发工程师,20.0,5-10年,大专,智能硬件,不需要融资,1000-9999人,鸿合
北京,Android开发工程师,16.5,5-10年,本科,智能硬件,未融资,0-20人,中物源
北京,高级安卓开发工程师,18.0,5-10年,大专,移动互联网,A轮,100-499人,三体云联
北京,软件开发工程师岗（安卓）,22.5,5-10年,本科,电子商务,已上市,10000人以上,京东集团
北京,高级Android测试工程师,17.5,5-10年,本科,互联网,不需要融资,1000-9999人,便利蜂
北京,高级\资深Android开发工程师,30.0,5-10年,本科,互联网,已上市,10000人以上,好未来
北京,Android开发工程师,30.0,5-10年,本科,互联网,已上市,10000人以上,用友网络科技
北京,Android高级开发工程师,26.5,5-10年,本科,互联网,A轮,20-99人,懒人互动科技有限公司
北京,Android架构师,37.5,5-10年,本科,游戏,已上市,1000-9999人,昆仑万维
北京,Android开发,22.5,5-10年,本科,移动互联网,D轮及以上,500-999人,闪银奇异
北京,Android leader,60.0,5-10年,本科,互联网,B轮,100-499人,博世猫网络科技
北京,Android研发工程师,22.5,5-10年,大专,互联网,天使轮,20-99人,幸福城
北京,Android资深开发,40.0,5-10年,本科,移动互联网,不需要融资,100-499人,iHandy
北京,Android,30.0,5-10年,本科,互联网,已上市,1000-9999人,爱奇艺
北京,Android高级开发工程师,25.0,5-10年,本科,互联网,天使轮,0-20人,沃德米
北京,高级安卓开发工程师,35.0,5-10年,本科,移动互联网,B轮,100-499人,北京邦利德
北京,高级/资深Android软件工程师,30.0,5-10年,本科,移动互联网,D轮及以上,10000人以上,滴滴出行
北京,android研发工程师,30.0,10年以上,本科,智能硬件,A轮,20-99人,盛世辉智控
北京,Android专家（70k）,60.0,10年以上,本科,互联网,,20-99人,分享动力
北京,Sr. Android Developer (Lead),52.5,10年以上,本科,电子商务,已上市,10000人以上,Visa
北京,Android研发专家(J11351),42.5,10年以上,本科,移动互联网,不需要融资,1000-9999人,思源互联科技
北京,高级安卓开发工程师,27.5,10年以上,本科,互联网,B轮,100-499人,金控数据股份
北京,Android技术总监/技术专家,30.0,10年以上,本科,社交网络,B轮,20-99人,无限引力
北京,高级Android开发工程师,27.5,10年以上,本科,计算机软件,不需要融资,100-499人,奥博杰天软件（西...
北京,Android架构师,41.0,10年以上,本科,互联网,已上市,1000-9999人,爱奇艺
北京,Android研发经理,32.5,10年以上,本科,智能硬件,A轮,20-99人,未来
北京,Android架构师,45.0,10年以上,本科,互联网,B轮,100-499人,一一五科技
北京,360海外事业部资深安卓架构师,37.5,10年以上,本科,移动互联网,已上市,100-499人,上海欧拉网络
北京,Android视频技术处理专家,42.5,10年以上,本科,互联网,已上市,1000-9999人,汽车之家
北京,资深Android应用开发工程师,32.5,10年以上,本科,计算机软件,B轮,500-999人,魔门塔科技
北京,APP开发工程师,22.5,10年以上,本科,培训机构,未融资,20-99人,小央美儿童美术
