北京,Android,6.5,经验不限,学历不限,数据服务,A轮,1000-9999人,青青之家
北京,Android,37.5,3-5年,硕士,互联网,已上市,1000-9999人,爱奇艺
北京,Android,4.5,经验不限,学历不限,移动互联网,不需要融资,20-99人,大愚科技
北京,Android研发工程师,17.5,1-3年,本科,互联网,已上市,1000-9999人,猎豹移动
北京,Android,30.0,3-5年,本科,智能硬件,B轮,1000-9999人,车和家
北京,Android,15.0,1年以内,本科,移动互联网,C轮,100-499人,华捷艾米
北京,Android,11.5,3-5年,大专,计算机软件,已上市,10000人以上,文思海辉
北京,Android,30.0,1-3年,本科,移动互联网,D轮及以上,10000人以上,今日头条
北京,Android,45.0,3-5年,本科,O2O,D轮及以上,10000人以上,美团点评
北京,Android,10.5,3-5年,大专,工程施工,已上市,100-499人,天巨天下
北京,Android,22.5,3-5年,本科,生活服务,已上市,10000人以上,海底捞火锅
北京,Android高级研发工程师,27.5,3-5年,本科,互联网,已上市,1000-9999人,猎豹移动
北京,Android,9.5,1年以内,学历不限,媒体,未融资,20-99人,韭菜科技
北京,Android,18.0,3-5年,本科,在线教育,未融资,20-99人,延河教育
北京,Android,22.5,3-5年,本科,移动互联网,C轮,100-499人,华捷艾米
北京,android开发,30.0,经验不限,本科,移动互联网,D轮及以上,10000人以上,今日头条
北京,Android,20.0,3-5年,本科,互联网,不需要融资,1000-9999人,卓望公司
北京,安卓开发工程师,30.0,5-10年,本科,互联网,已上市,10000人以上,北京百度网讯有限公司
北京,Android,15.0,1-3年,大专,互联网,C轮,100-499人,洋葱数学
北京,Android,22.5,3-5年,本科,互联网,B轮,100-499人,北京雷石
北京,Android,32.5,3-5年,本科,移动互联网,D轮及以上,10000人以上,今日头条
北京,Android工程师,22.5,3-5年,本科,音乐/视频/阅读,不需要融资,100-499人,硬核聚视
北京,Android,22.5,1-3年,本科,互联网,不需要融资,20-99人,青岳科技
北京,Android,8.0,1-3年,本科,互联网,,0-20人,聚聚
北京,Android,15.0,3-5年,本科,互联网,不需要融资,20-99人,资利
北京,Android,10.5,1年以内,学历不限,移动互联网,,0-20人,韬略众成科技
北京,Android,20.0,1-3年,本科,智能硬件,天使轮,0-20人,Aeroband空气拨片
北京,Android,15.0,3-5年,本科,智能硬件,A轮,100-499人,神州安付
北京,Android,9.5,1-3年,本科,数据服务,不需要融资,20-99人,一牧科技
北京,Android,5.0,1-3年,本科,广播/影视,未融资,0-20人,青马影视
北京,Android,9.5,1年以内,大专,院校,,20-99人,国媒教育
北京,Android工程师,19.5,1-3年,本科,互联网,已上市,10000人以上,小米
北京,安卓,28.5,5-10年,本科,培训机构,A轮,100-499人,外教易
北京,安卓工程师,16.0,1-3年,本科,互联网,不需要融资,1000-9999人,易诚互动
北京,Android工程师,30.0,5-10年,本科,在线教育,已上市,10000人以上,精锐教育
北京,Android,37.5,3-5年,本科,互联网,C轮,10000人以上,蚂蚁金服
北京,Android专家,50.0,5-10年,本科,互联网,,20-99人,分享动力
北京,Android开发工程师,21.0,3-5年,本科,互联网,B轮,500-999人,狸米科技
北京,Android,22.5,3-5年,本科,移动互联网,未融资,0-20人,必有科技
北京,Android 高级工程师,30.0,3-5年,本科,移动互联网,D轮及以上,10000人以上,滴滴出行
北京,android兼职,12.5,3-5年,本科,广告营销,不需要融资,100-499人,九易广告
北京,Android,12.5,3-5年,本科,互联网,,20-99人,鑫萌橙科技
北京,Android,11.5,3-5年,本科,移动互联网,未融资,0-20人,芽叶科技
北京,Android开发,10.0,1-3年,学历不限,计算机软件,已上市,10000人以上,纬创
北京,Android开发工程师,12.0,3-5年,本科,计算机软件,已上市,1000-9999人,信雅达软件
北京,Android,30.0,经验不限,本科,电子商务,已上市,10000人以上,京东集团
北京,Android负责人,50.0,5-10年,本科,医疗健康,B轮,20-99人,百索科技
北京,安卓高级开发工程师,27.5,5-10年,本科,互联网,D轮及以上,1000-9999人,途家网
北京,安卓前端,23.0,3-5年,本科,互联网,B轮,500-999人,精真估
北京,Android技术专家,65.0,5-10年,本科,移动互联网,B轮,1000-9999人,支付宝
北京,Android,9.5,3-5年,大专,移动互联网,,20-99人,树森国际文化传媒...
北京,Android,20.0,3-5年,本科,互联网,不需要融资,1000-9999人,旅悦
北京,Android,22.5,3-5年,本科,互联网,D轮及以上,1000-9999人,马蜂窝
北京,Android,24.0,1-3年,本科,互联网,C轮,10000人以上,蚂蚁金服
北京,Android,24.0,3-5年,本科,移动互联网,D轮及以上,10000人以上,滴滴出行
北京,Android安全专家,45.0,5-10年,本科,电子商务,未融资,500-999人,姿美堂
北京,资深 Android 端研发,30.0,3-5年,本科,互联网,已上市,10000人以上,百度
北京,Android开发,15.5,3-5年,本科,计算机软件,已上市,10000人以上,中软国际
北京,Android高级/资深工程师,45.0,1-3年,本科,移动互联网,D轮及以上,10000人以上,今日头条
北京,Senior Software engineers（Android）,22.5,经验不限,本科,通信/网络设备,已上市,100-499人,POLYCOM
北京,Android工程师,15.5,3-5年,本科,广告营销,不需要融资,100-499人,九易广告
北京,Android开发工程师,30.0,3-5年,本科,移动互联网,已上市,10000人以上,网易
北京,Android,37.5,3-5年,本科,移动互联网,B轮,1000-9999人,支付宝
北京,高级安卓工程师,20.0,3-5年,本科,电子商务,未融资,500-999人,姿美堂
北京,安卓开发工程师,27.5,3-5年,本科,移动互联网,D轮及以上,10000人以上,VIPKID
北京,Android高级研发工程师-,30.0,经验不限,本科,计算机软件,未融资,10000人以上,软通动力
北京,高级安卓工程师,26.5,5-10年,本科,互联网,不需要融资,500-999人,火币网
北京,android高级讲师,21.0,3-5年,大专,在线教育,未融资,100-499人,积云教育
北京,安卓工程师,10.0,1-3年,大专,O2O,A轮,20-99人,搬运帮
北京,Android工程师,22.5,1-3年,本科,移动互联网,不需要融资,20-99人,智分科技
北京,Android资深工程师,37.5,3-5年,本科,移动互联网,D轮及以上,10000人以上,滴滴出行
北京,Android Apk破解,6.0,经验不限,学历不限,计算机软件,,0-20人,城市森林装修设计
北京,Android,15.0,1-3年,本科,互联网,已上市,1000-9999人,猎豹移动
北京,Android高级资深工程师,40.0,3-5年,本科,移动互联网,D轮及以上,10000人以上,北京字节跳动
北京,Android高级开发工程师,25.0,5-10年,大专,在线教育,C轮,1000-9999人,动因体育
北京,Android高级工程师,37.5,3-5年,本科,医疗健康,B轮,20-99人,百索科技
北京,Android开发工程师,30.0,1-3年,本科,移动互联网,D轮及以上,10000人以上,今日头条
北京,Android高级/资深工程师,45.0,3-5年,本科,移动互联网,D轮及以上,10000人以上,今日头条
北京,Android 高级/资深工程师,37.5,5-10年,大专,移动互联网,D轮及以上,10000人以上,滴滴出行
北京,Android开发工程师,26.5,经验不限,本科,互联网,已上市,10000人以上,小米
北京,Android高级开发工程师,40.0,3-5年,本科,移动互联网,B轮,1000-9999人,支付宝
北京,高级安卓工程师,30.0,3-5年,本科,电子商务,未融资,500-999人,北京姿美堂
北京,Android开发,14.0,3-5年,本科,互联网,未融资,100-499人,展鸿科技
北京,安卓移动端React,24.0,3-5年,本科,互联网,B轮,500-999人,精真估
北京,Android工程师,8.0,1-3年,本科,智能硬件,未融资,20-99人,富和双盛
北京,Android工程师,22.5,经验不限,本科,互联网,不需要融资,20-99人,极宇舟天
北京,Android测试工程师,15.0,经验不限,本科,计算机软件,已上市,1000-9999人,诚迈科技
北京,安卓工程师（蚂蚁）,16.0,3-5年,本科,互联网,不需要融资,1000-9999人,易诚互动
北京,Android客户端工程师,30.0,1-3年,本科,互联网,已上市,1000-9999人,高德地图
北京,高级Android工程师,20.0,5-10年,本科,在线教育,A轮,100-499人,你我他科技
北京,Android,30.0,3-5年,本科,互联网,已上市,1000-9999人,搜狗
北京,Android,22.5,3-5年,本科,互联网,A轮,20-99人,测测星座
北京,Android 高级工程师,30.0,3-5年,学历不限,互联网,C轮,100-499人,洋葱数学
北京,Android,20.0,3-5年,本科,互联网,已上市,1000-9999人,猎豹移动
北京,Android,25.0,3-5年,本科,汽车生产,B轮,1000-9999人,车和家
北京,Android Linux系统软件工程师,14.0,应届生,硕士,其他行业,已上市,10000人以上,联发科技
北京,Android工程师,10.0,3-5年,本科,数据服务,B轮,20-99人,中金标准数据
北京,安卓开发工程师,12.5,3-5年,本科,在线教育,A轮,500-999人,易贝乐少儿英语
北京,Android逆向工程师（中级）,22.5,1-3年,本科,数据服务,不需要融资,1000-9999人,数创天下
北京,Android,45.0,5-10年,本科,移动互联网,D轮及以上,10000人以上,滴滴出行
北京,Android工程师,10.0,1-3年,本科,计算机软件,不需要融资,20-99人,人和商圈(北京)
北京,Android高级开发工程师,27.5,3-5年,本科,移动互联网,已上市,500-999人,映客直播
北京,Android 网络兼职讲师,30.0,5-10年,本科,在线教育,不需要融资,0-20人,菜鸟窝
北京,Android工程师,22.5,3-5年,本科,互联网,已上市,10000人以上,百度
北京,抖音Android Leader,45.0,5-10年,本科,移动互联网,D轮及以上,10000人以上,今日头条
北京,Android开发,14.0,3-5年,本科,互联网金融,A轮,20-99人,北京微金聚融科技
北京,Android工程师,22.5,1-3年,本科,互联网,A轮,20-99人,GSC光速链
北京,资深Android开发,40.0,3-5年,本科,互联网,已上市,1000-9999人,爱奇艺
北京,高级Android开发,35.0,3-5年,本科,移动互联网,不需要融资,20-99人,智分科技
北京,安卓开发工程师,12.0,3-5年,本科,数据服务,天使轮,100-499人,益豪时代
北京,Android,22.5,1-3年,本科,互联网,已上市,10000人以上,好未来
北京,Android,22.5,5-10年,本科,计算机软件,不需要融资,500-999人,博天昊宇
北京,Android系统开发工程师,30.0,经验不限,本科,互联网,已上市,10000人以上,小米
北京,Android,37.5,3-5年,硕士,电子商务,已上市,10000人以上,京东集团
北京,Android,22.5,3-5年,本科,移动互联网,A轮,100-499人,中搜搜悦
北京,Android软件开发工程师,18.5,3-5年,本科,移动互联网,D轮及以上,10000人以上,滴滴出行
北京,Android开发工程师,20.0,3-5年,本科,在线教育,A轮,100-499人,新东方渔塘科技
北京,Android,32.5,5-10年,本科,互联网,已上市,1000-9999人,高德地图
北京,Android开发工程师,20.5,5-10年,本科,在线教育,未融资,100-499人,托普朗宁
北京,安卓移动端React-Native,24.0,1-3年,本科,互联网,B轮,500-999人,精真估
北京,Android工程师,22.5,3-5年,本科,移动互联网,未融资,20-99人,中电玺客信用服务
北京,Android研发工程师,15.0,3-5年,本科,互联网金融,未融资,10000人以上,北京恒昌利通
北京,Android专家,37.5,5-10年,本科,互联网,已上市,1000-9999人,猎豹移动
北京,Android,25.0,3-5年,本科,O2O,D轮及以上,1000-9999人,饿了么
北京,Android开发工程师,30.0,经验不限,本科,互联网,已上市,10000人以上,百度
北京,Android开发,11.5,3-5年,本科,计算机软件,,20-99人,京邦信息
北京,安卓开发工程师,25.0,3-5年,本科,互联网,A轮,100-499人,艾瓦特
北京,Android开发,18.0,3-5年,本科,计算机软件,不需要融资,20-99人,秀健身
北京,android开发工程师,30.0,3-5年,大专,社交网络,A轮,100-499人,众乐网视
北京,Android资深架构师（Leader）,40.0,5-10年,大专,在线教育,C轮,1000-9999人,动因体育
北京,Android开发工程师,22.5,3-5年,大专,电子商务,未融资,100-499人,东方红马
北京,android资深开发工程师,40.0,5-10年,本科,互联网,未融资,1000-9999人,竞技世界
北京,Android,20.0,1-3年,本科,计算机软件,C轮,100-499人,北京易掌云峰
北京,Android,15.0,3-5年,大专,互联网,不需要融资,20-99人,爱码科晟
北京,高级android工程师,25.0,5-10年,本科,互联网,A轮,0-20人,深蓝长盛科技
北京,Android开发工程师,15.0,经验不限,本科,互联网,A轮,100-499人,三节课
北京,Android,10.5,1-3年,大专,计算机软件,不需要融资,100-499人,泰德合众
北京,Sr. Android Developer,30.0,3-5年,本科,电子商务,已上市,10000人以上,Visa
北京,Android,10.5,1-3年,本科,计算机软件,已上市,1000-9999人,上海屹通
北京,Android开发工程师,22.5,3-5年,本科,计算机服务,,100-499人,新中新友财
北京,安卓开发工程师,8.0,1-3年,大专,互联网,不需要融资,100-499人,爱盈利
北京,Android开发,9.5,1-3年,学历不限,其他行业,不需要融资,20-99人,唐合易成
北京,Android工程师,30.0,经验不限,本科,分类信息,C轮,10000人以上,瓜子二手车直卖网
北京,Android,20.0,3-5年,本科,电子商务,C轮,100-499人,拍库
北京,腾讯视频android高级工程师,25.5,3-5年,本科,互联网,已上市,10000人以上,腾讯
北京,Android研发工程师,22.5,1-3年,本科,互联网,不需要融资,20-99人,青岳科技
北京,Android高级开发工程师,27.5,5-10年,本科,在线教育,天使轮,100-499人,快陪练
北京,Android应用开发工程师,30.0,经验不限,本科,互联网,已上市,10000人以上,小米
北京,Android,11.5,3-5年,本科,O2O,天使轮,20-99人,海澜汇通
北京,Android(高级)工程师,40.0,3-5年,本科,移动互联网,D轮及以上,10000人以上,今日头条
北京,Android开发,12.5,3-5年,学历不限,互联网,天使轮,20-99人,阳光沙滩
北京,高级安卓工程师,10.0,1-3年,本科,数据服务,B轮,20-99人,中金标准数据
北京,Android 播放器 开发,20.0,3-5年,本科,互联网,已上市,1000-9999人,爱奇艺
北京,Android高级软件工程师(AI产品 ),40.0,5-10年,本科,互联网,已上市,10000人以上,小米
北京,Android,20.0,1-3年,本科,音乐/视频/阅读,,20-99人,中国票务网
北京,android开发工程师,13.5,3-5年,本科,计算机软件,,500-999人,三赢伟业科技有限公司
北京,Android研发工程师,35.0,3-5年,本科,医疗健康,B轮,20-99人,动动
北京,Android架构师,45.0,5-10年,本科,互联网,已上市,1000-9999人,同程艺龙
北京,Android开发高级工程师,45.0,1-3年,本科,移动互联网,D轮及以上,10000人以上,今日头条
北京,java/Android软件工程师,22.5,3-5年,大专,移动互联网,天使轮,20-99人,快立提科技
北京,Android,17.5,3-5年,本科,广播/影视,A轮,20-99人,新光院线
北京,Android研发工程师,9.0,1-3年,大专,移动互联网,未融资,20-99人,英斯特哈博
北京,Android 开发工程师,20.0,3-5年,本科,在线教育,A轮,20-99人,思橙教育
北京,Android,33.5,3-5年,本科,互联网,A轮,100-499人,蓝海在线
北京,Android,20.0,3-5年,本科,互联网,已上市,1000-9999人,众安保险
北京,安卓地图sdk开发高级工程师,30.0,1-3年,本科,移动互联网,D轮及以上,10000人以上,滴滴出行
北京,安卓开发师,17.5,3-5年,本科,移动互联网,A轮,20-99人,彩云之端
北京,Android开发工程师,15.0,1-3年,大专,游戏,不需要融资,20-99人,北京志诚康盛技术...
北京,Android开发工程师,18.0,3-5年,本科,智能硬件,未融资,20-99人,智美兴达
北京,Android开发工程师,15.0,3-5年,本科,互联网,,20-99人,原力筑成
北京,高级安卓开发,20.0,3-5年,本科,互联网,A轮,100-499人,北京走出趣科技
北京,IOS（Android）研发工程师,27.5,3-5年,本科,互联网,不需要融资,100-499人,天地雷电
北京,Android高级研发工程师,15.0,3-5年,本科,电子商务,B轮,100-499人,壹号美
北京,Android开发工程师,15.0,3-5年,本科,生活服务,A轮,20-99人,博然时代
北京,高级Android研发工程师,30.0,经验不限,本科,移动互联网,D轮及以上,10000人以上,今日头条
北京,Android 研发工程师,10.0,3-5年,大专,计算机软件,不需要融资,20-99人,北京市城果科技有...
北京,Android,17.0,经验不限,大专,移动互联网,A轮,100-499人,北京分钟时代
北京,安卓开发工程师,10.0,1-3年,本科,互联网,不需要融资,0-20人,艾米创想
北京,Android,23.0,5-10年,本科,智能硬件,B轮,100-499人,云迹科技
北京,Android开发工程师,9.0,1-3年,本科,互联网金融,不需要融资,0-20人,北京锶泽科技有限...
北京,Android,12.0,1-3年,本科,计算机软件,已上市,1000-9999人,易联众
北京,Android,13.0,3-5年,本科,医疗健康,不需要融资,100-499人,科技文献
北京,android技术专家,70.0,5-10年,本科,互联网,,20-99人,分享动力
北京,Android高级开发工程师,52.5,3-5年,本科,移动互联网,不需要融资,100-499人,忽客时代（北京）...
北京,Android开发工程师,13.5,3-5年,本科,计算机软件,未融资,20-99人,弋飞信息
北京,Android,27.5,5-10年,本科,音乐/视频/阅读,不需要融资,500-999人,百度音乐
北京,Android开发工程师,22.5,3-5年,本科,互联网,已上市,10000人以上,好未来
北京,Android,8.0,1年以内,本科,医疗健康,不需要融资,500-999人,北京怡成
北京,Android,25.0,5-10年,大专,移动互联网,A轮,500-999人,行圆汽车
北京,安卓开发工程师,20.0,5-10年,本科,在线教育,未融资,20-99人,皮皮外语
北京,Android开发工程师,27.5,1-3年,本科,咨询,,100-499人,北京宏泰
北京,Android,30.0,5-10年,本科,O2O,D轮及以上,1000-9999人,饿了么
北京,Android多媒体框架开发工程师,32.5,1-3年,本科,移动互联网,D轮及以上,10000人以上,今日头条
北京,国际化Android乘客端工程师,30.0,3-5年,学历不限,移动互联网,D轮及以上,10000人以上,滴滴出行
北京,Android开发工程师,17.5,1-3年,本科,互联网,A轮,0-20人,深蓝长盛科技
北京,Java/Android资深开发工程师,40.0,3-5年,本科,互联网,已上市,1000-9999人,爱奇艺
北京,Android Framework高级开发,19.0,3-5年,本科,智能硬件,A轮,100-499人,新石器科技
北京,安卓开发工程师,11.0,1-3年,本科,计算机软件,天使轮,20-99人,红卫数据
北京,Android高级/资深研发工程师,30.0,3-5年,本科,移动互联网,D轮及以上,10000人以上,今日头条
北京,Android,12.5,1-3年,本科,社交网络,未融资,20-99人,艺视介
北京,中高级安卓工程师,15.0,3-5年,大专,电子商务,A轮,20-99人,堂吉可得文化
北京,Android专家（70k）,60.0,10年以上,本科,互联网,,20-99人,分享动力
北京,Sr. Android Developer (Lead),52.5,10年以上,本科,电子商务,已上市,10000人以上,Visa
北京,android开发工程师,9.0,1-3年,本科,移动互联网,C轮,20-99人,曙光无限
北京,安卓JNI工程师,40.0,1-3年,本科,互联网,已上市,10000人以上,百度
北京,Android,12.5,3-5年,大专,互联网,已上市,500-999人,世纪中彩视频传媒
北京,Android工程师,22.5,1-3年,本科,互联网金融,A轮,1000-9999人,安一恒通
北京,android应用开发工程师,30.0,3-5年,本科,互联网,不需要融资,100-499人,汉德咨询
北京,安卓开发,8.0,1年以内,大专,计算机软件,未融资,10000人以上,软通动力
北京,Android开发工程师,15.0,3-5年,本科,互联网,未融资,20-99人,时代创信
北京,Android技术经理,31.5,5-10年,本科,电子商务,不需要融资,100-499人,必要商城
北京,Android,10.5,3-5年,大专,企业服务,未融资,20-99人,店盟
北京,Android开发高级工程师,30.0,3-5年,本科,移动互联网,D轮及以上,10000人以上,今日头条
北京,Android,5.0,应届生,本科,互联网,未融资,0-20人,北京塔塔时代科技...
北京,Android高级研发工程师,42.0,5-10年,本科,医疗健康,B轮,20-99人,动动
北京,安卓开发工程师,16.5,5-10年,本科,计算机软件,A轮,20-99人,翔创科技
北京,Android高级开发工程师,27.5,3-5年,本科,在线教育,未融资,20-99人,葡萄智学
北京,资深Android开发工程师,40.0,3-5年,本科,企业服务,天使轮,20-99人,领英汇智
北京,高级安卓开发工程师,21.5,5-10年,本科,移动互联网,天使轮,0-20人,众声智慧
北京,Android开发工程师,22.5,3-5年,本科,互联网,A轮,20-99人,GSC光速链
北京,Android测试开发工程师,22.5,1-3年,本科,互联网,已上市,1000-9999人,搜狗
北京,Android开发工程师,12.0,1-3年,本科,互联网,不需要融资,20-99人,耕牛传媒
北京,Android,30.0,3-5年,本科,互联网,已上市,1000-9999人,易车
北京,Android,11.0,1-3年,大专,O2O,A轮,20-99人,麦麦文化
北京,Android开发工程师,11.5,经验不限,大专,移动互联网,天使轮,20-99人,快立提科技
北京,Android广告SDK开发,15.0,1-3年,大专,游戏,不需要融资,20-99人,北京志诚康盛技术...
北京,Android开发工程师,22.5,1-3年,本科,互联网,已上市,1000-9999人,猎豹移动
北京,安卓工程师,15.0,1-3年,本科,游戏,D轮及以上,500-999人,触控科技
北京,Android 中级研发工程师,20.0,3-5年,大专,计算机软件,不需要融资,20-99人,北京市城果科技有...
北京,Android,18.0,3-5年,本科,移动互联网,B轮,100-499人,甘来信息科技
北京,Android,12.0,1年以内,本科,计算机软件,未融资,20-99人,赋睿智能
北京,Android专家/高级专家,45.0,3-5年,本科,O2O,D轮及以上,1000-9999人,饿了么
北京,Android高级开发工程师,32.5,经验不限,本科,互联网,已上市,1000-9999人,搜狗
北京,Android,9.0,经验不限,本科,智能硬件,未融资,20-99人,汇研中科
北京,高级Android逆向工程师,22.5,1-3年,本科,信息安全,A轮,20-99人,几维安全
北京,Android,11.5,1-3年,本科,计算机软件,已上市,10000人以上,纬创
北京,Android,30.0,1-3年,本科,互联网金融,A轮,1000-9999人,水滴互助
北京,Android开发,22.5,3-5年,本科,电子商务,已上市,10000人以上,京东集团
北京,Android开发工程师,13.0,1-3年,本科,医疗健康,不需要融资,1000-9999人,一龄博士俱乐部
北京,Android开发工程师,22.5,1-3年,本科,互联网,A轮,20-99人,Owlii
北京,android工程师,15.0,经验不限,本科,互联网,A轮,100-499人,北京走出趣科技
北京,Android,20.0,3-5年,本科,医疗健康,A轮,1000-9999人,健客网
北京,Android,12.5,1-3年,本科,游戏,B轮,20-99人,Y2Game
北京,资深Android工程师,30.0,3-5年,本科,O2O,D轮及以上,1000-9999人,饿了么
北京,Android,27.5,3-5年,本科,移动互联网,天使轮,0-20人,创见者科技
北京,Android端负责人,47.5,3-5年,本科,移动互联网,D轮及以上,10000人以上,今日头条
北京,Android开发工程师,20.0,1-3年,本科,互联网,已上市,100-499人,捷通华声
北京,Android开发工程师,25.0,1-3年,本科,在线教育,天使轮,20-99人,闪电思维
北京,Android,13.5,3-5年,本科,移动互联网,A轮,20-99人,驼队
北京,android 高级工程师,21.5,1-3年,本科,在线教育,A轮,20-99人,希子
北京,Android,15.0,1-3年,本科,互联网,不需要融资,100-499人,北京理工新源
北京,Android,26.0,3-5年,本科,互联网,A轮,100-499人,互动作业
北京,Android研发工程师,30.0,1-3年,本科,移动互联网,D轮及以上,10000人以上,今日头条
北京,Android高级/资深开发工程师,26.5,1-3年,本科,移动互联网,D轮及以上,10000人以上,滴滴出行
北京,Android,37.5,3-5年,本科,互联网,不需要融资,10000人以上,京东金融
北京,Android,15.0,3-5年,本科,广告营销,C轮,500-999人,IMS
北京,Android,22.5,3-5年,本科,在线教育,,20-99人,众答科技
北京,Android开发工程师,15.0,1-3年,本科,计算机软件,A轮,100-499人,拓课云
北京,高级客户端开发工程师（Android）,25.0,3-5年,本科,互联网,C轮,10000人以上,蚂蚁金服
北京,Android高级研发工程师,16.0,1-3年,本科,移动互联网,未融资,20-99人,北京惠盛科技有限...
北京,Android资深/专家开发工程师,45.0,5-10年,本科,移动互联网,D轮及以上,10000人以上,滴滴出行
北京,Android开发工程师,15.0,3-5年,本科,互联网,A轮,100-499人,北京走出趣科技
北京,高级Android研发工程师,37.5,3-5年,本科,移动互联网,C轮,10000人以上,链家网
北京,Android高级开发工程师,37.5,经验不限,本科,移动互联网,D轮及以上,10000人以上,今日头条
北京,Android开发工程师 【西安】,20.0,3-5年,大专,移动互联网,A轮,20-99人,逆袭
北京,Android开发-MIUI,27.5,3-5年,本科,互联网,已上市,10000人以上,小米
北京,Android,15.0,5-10年,本科,移动互联网,未融资,20-99人,金溪欣
北京,Android开发工程师,12.5,3-5年,本科,计算机软件,,100-499人,天汇创业
北京,Android高级/资深/架构工程师,27.5,1-3年,本科,移动互联网,D轮及以上,10000人以上,滴滴出行
北京,Android高级/资深/架构工程师,30.0,3-5年,本科,移动互联网,D轮及以上,10000人以上,滴滴出行
北京,Android高级研发工程师,25.0,3-5年,本科,在线教育,D轮及以上,100-499人,考虫网
北京,Android,30.0,3-5年,本科,互联网,不需要融资,1000-9999人,大疆创新
北京,Android研发工程师,17.5,1-3年,本科,移动互联网,D轮及以上,10000人以上,VIPKID
北京,Android开发工程师,20.0,3-5年,本科,媒体,不需要融资,1000-9999人,环球购物
北京,Android,22.5,3-5年,大专,互联网,天使轮,20-99人,清藤影视科技
北京,Android工程师,11.5,3-5年,学历不限,移动互联网,未融资,20-99人,互腾科技
北京,Android,16.5,3-5年,本科,互联网,A轮,0-20人,赊奢
北京,安卓开发工程师,32.5,1-3年,本科,在线教育,D轮及以上,1000-9999人,猿辅导
北京,android高级研发工程师,25.0,3-5年,大专,医疗健康,C轮,1000-9999人,小药药
北京,Android开发工程师,18.0,1-3年,本科,互联网,A轮,100-499人,天天乐学
北京,安卓高级工程师,32.5,5-10年,本科,数据服务,不需要融资,100-499人,柯贝互动
北京,安卓开发工程师,30.0,1-3年,本科,互联网,已上市,1000-9999人,爱奇艺
北京,Android开发专家,32.5,5-10年,本科,移动互联网,B轮,1000-9999人,支付宝
北京,安卓开发,14.0,1-3年,本科,生活服务,未融资,0-20人,迪伦宝宝
北京,安卓系统开发工程师,16.5,3-5年,本科,智能硬件,A轮,100-499人,新石器科技
北京,Android实习生,4.0,应届生,本科,互联网,已上市,10000人以上,小米
北京,Android开发工程师,25.0,3-5年,本科,电子商务,未融资,500-999人,姿美堂
北京,安卓开发工程师,12.5,1-3年,本科,在线教育,未融资,100-499人,时代云图
北京,Android开发工程师,17.0,3-5年,本科,在线教育,A轮,100-499人,绿橙幼儿园
北京,安卓初级程序员,6.5,经验不限,大专,移动互联网,天使轮,20-99人,微畅
北京,安卓开发工程师,16.5,3-5年,本科,互联网,已上市,10000人以上,方正电子
北京,Android开发,13.5,3-5年,本科,互联网,不需要融资,100-499人,齐力
北京,Android,10.0,1-3年,本科,计算机软件,已上市,1000-9999人,CSII
北京,android,15.5,3-5年,本科,计算机软件,D轮及以上,10000人以上,京北方
北京,安卓开发工程师,25.0,1年以内,本科,互联网,已上市,10000人以上,百度
北京,安卓工程师,18.0,5-10年,本科,智能硬件,A轮,0-20人,田一科技
北京,Android,13.0,1-3年,本科,企业服务,不需要融资,20-99人,汇金资本
北京,高级Android开发工程师,27.5,3-5年,本科,互联网,D轮及以上,1000-9999人,马蜂窝
北京,Android工程师,27.5,3-5年,本科,移动互联网,D轮及以上,10000人以上,美菜网
北京,Android Framework,12.5,5-10年,本科,通信/网络设备,已上市,1000-9999人,富士康nokia
上海,Android,30.0,3-5年,本科,互联网,C轮,10000人以上,蚂蚁金服
上海,Android,19.5,3-5年,本科,通信/网络设备,不需要融资,1000-9999人,上海传英
上海,Android,9.0,1-3年,本科,贸易/进出口,未融资,20-99人,YSLOCKER
上海,Android,12.5,3-5年,本科,医疗健康,未融资,20-99人,万枫医疗
上海,Android Developer,26.5,5-10年,本科,互联网,已上市,10000人以上,Booking缤客
上海,Android,27.5,5-10年,本科,社交网络,未融资,100-499人,浪live
上海,Android,11.5,经验不限,学历不限,计算机软件,已上市,10000人以上,纬创
上海,Android,12.5,1-3年,大专,企业服务,,0-20人,上海菜淘信息科技...
上海,Android,10.5,3-5年,本科,移动互联网,未融资,20-99人,全购
上海,Android,38.5,5-10年,本科,计算机软件,不需要融资,10000人以上,华为
上海,Android架构师,32.5,5-10年,本科,智能硬件,B轮,500-999人,深兰科技
上海,Sr Android Engineer,24.0,经验不限,本科,通信/网络设备,已上市,1000-9999人,思科
上海,Android,12.5,1-3年,大专,电子商务,未融资,100-499人,上海宝矢贸易有限公司
上海,Android,12.5,3-5年,大专,计算机软件,,20-99人,上海至佳信息技术
上海,Android,10.5,1-3年,大专,互联网,未融资,100-499人,量子科技
上海,Android,12.0,1-3年,大专,电子商务,未融资,100-499人,拍拍国际
上海,Android,15.0,1-3年,本科,移动互联网,A轮,0-20人,极安科技
上海,Android,22.5,1年以内,大专,互联网,,20-99人,链尔信息
上海,Android,8.5,1-3年,大专,智能硬件,未融资,0-20人,环可家电物联网
上海,android 工程师,32.5,5-10年,本科,移动互联网,已上市,10000人以上,永辉云创
上海,Android,7.0,1-3年,大专,移动互联网,未融资,0-20人,羽琪科技
上海,Android,15.0,1年以内,大专,计算机软件,A轮,0-20人,上海品课信息科技
上海,Android,27.5,3-5年,本科,移动互联网,天使轮,0-20人,蝉知信息
上海,Android开发工程师,16.0,3-5年,大专,移动互联网,已上市,1000-9999人,科匠(中国)
上海,Android,10.0,1-3年,大专,计算机软件,天使轮,0-20人,向素智能
上海,Android,20.0,3-5年,大专,计算机软件,未融资,0-20人,熵趣
上海,安卓开发工程师,11.5,1-3年,本科,互联网,B轮,1000-9999人,云族佳
上海,Android工程师,22.5,3-5年,本科,电子商务,不需要融资,1000-9999人,乐贝
上海,安卓,15.0,3-5年,大专,人力资源服务,,20-99人,新乡市联信人力资...
上海,Android app开发,12.0,1-3年,学历不限,社交网络,,0-20人,玺杰网络
上海,Android,14.0,1-3年,本科,移动互联网,A轮,20-99人,wordoor
上海,Android高级开发工程师,22.5,3-5年,本科,智能硬件,B轮,500-999人,深兰科技
上海,安卓开发,12.5,1-3年,本科,通信/网络设备,已上市,1000-9999人,陕西省通信服务
上海,Android工程师,12.5,1-3年,本科,互联网,天使轮,20-99人,可普乐
上海,android高级开发,15.0,5-10年,大专,电子商务,不需要融资,100-499人,棋至文化
上海,Android开发工程师,27.5,3-5年,大专,在线教育,C轮,1000-9999人,海风教育
上海,android开发工程师,30.0,3-5年,本科,电子商务,,500-999人,炜拓
上海,android开发工程师,15.0,1-3年,本科,移动互联网,B轮,20-99人,爱动健身APP
上海,Android,17.5,5-10年,大专,计算机软件,已上市,10000人以上,PACTERA
上海,Android Engineer,13.5,经验不限,本科,其他行业,已上市,1000-9999人,奥的斯高速电梯（...
上海,Android,9.5,1-3年,大专,互联网,未融资,20-99人,上海卡斗网络
上海,安卓开发,9.0,3-5年,本科,O2O,天使轮,20-99人,物托帮网络科技
上海,android开发工程师,20.0,1-3年,本科,学前教育,不需要融资,500-999人,金宝贝
上海,Android工程师,20.0,3-5年,本科,互联网,不需要融资,20-99人,RunX跑先体育传媒
上海,安卓开发工程师,27.5,1-3年,本科,互联网,已上市,10000人以上,腾讯
上海,TV安卓工程师,13.0,1-3年,本科,智能硬件,不需要融资,500-999人,微鲸
上海,中级Android APP,13.5,3-5年,大专,新能源,,20-99人,苏禾科技
上海,Android,12.5,1-3年,本科,智能硬件,天使轮,20-99人,家畅物联/智能家居
上海,安卓开发,15.0,3-5年,本科,通信/网络设备,已上市,1000-9999人,陕西省通信服务
上海,安卓开发工程师,12.5,1年以内,大专,互联网金融,不需要融资,100-499人,中世通征信
上海,安卓工程师,12.5,1-3年,本科,移动互联网,A轮,100-499人,鸟哥笔记
上海,Android工程师,11.5,3-5年,本科,互联网,未融资,0-20人,往易科技
上海,安卓开发工程师,25.0,3-5年,本科,互联网,D轮及以上,10000人以上,掌门1对1
上海,Android 高级应用开发工程师,27.5,5-10年,本科,移动互联网,不需要融资,10000人以上,传音控股
上海,Android,10.0,1-3年,本科,互联网,D轮及以上,100-499人,优谈
上海,Android开发工程师,15.0,3-5年,本科,计算机软件,已上市,1000-9999人,博彦科技
上海,高级Android工程师,30.0,5-10年,本科,互联网,不需要融资,500-999人,源点科技
上海,Android人力外包职位,17.0,3-5年,大专,移动互联网,已上市,10000人以上,永辉云创
上海,Android开发工程师,15.5,1-3年,本科,计算机软件,已上市,10000人以上,纬创
上海,Android兼职,11.5,3-5年,本科,电子商务,未融资,20-99人,宏古科技
上海,安卓测试实习生,3.5,1年以内,本科,计算机软件,已上市,10000人以上,文思海辉
上海,Android工程师,14.0,3-5年,本科,互联网,A轮,100-499人,水滴管家
上海,Android开发,8.0,1年以内,本科,计算机软件,已上市,1000-9999人,同方鼎欣
上海,Android工程师,19.5,经验不限,本科,智能硬件,不需要融资,20-99人,识加科技
上海,Android高级工程师,11.0,1-3年,本科,互联网,未融资,20-99人,名霆
上海,资深Android开发工程师,27.5,3-5年,本科,在线教育,C轮,1000-9999人,TutorABC
上海,Android研发工程师,37.5,3-5年,本科,移动互联网,,1000-9999人,爱驰
上海,Android,17.0,3-5年,本科,互联网,已上市,1000-9999人,途牛旅游网
上海,Android前端,7.5,1-3年,学历不限,其他服务业,未融资,0-20人,宠道
上海,安卓开发工程师,15.0,1-3年,本科,移动互联网,A轮,500-999人,口袋理财
上海,Android开发工程师,14.0,1-3年,本科,物流/仓储,未融资,500-999人,东泽国际
上海,安卓软件工程师,9.0,1-3年,大专,电子商务,不需要融资,0-20人,麦揽
上海,资深安卓开发工程师,30.0,3-5年,大专,社交网络,A轮,100-499人,众乐网视
上海,移动产品Android App 软件开发,22.5,经验不限,本科,移动互联网,不需要融资,10000人以上,传音控股
上海,Android 网络兼职讲师,30.0,5-10年,本科,在线教育,不需要融资,0-20人,菜鸟窝
上海,Android 开发工程师,17.0,1-3年,本科,移动互联网,不需要融资,20-99人,鸣勃
上海,高级Android工程师,17.5,3-5年,本科,互联网,不需要融资,20-99人,泛融信息
上海,Android架构师 - 抖音方向,45.0,5-10年,本科,移动互联网,D轮及以上,10000人以上,今日头条
上海,Android开发专家,25.0,5-10年,本科,互联网,C轮,100-499人,锐赏网络
上海,Android,22.5,经验不限,本科,移动互联网,已上市,1000-9999人,拼多多
上海,Android,9.5,1-3年,本科,移动互联网,A轮,20-99人,闪尖科技
上海,Android,12.0,1-3年,本科,计算机软件,未融资,10000人以上,软通动力
上海,Android开发工程师,13.0,1-3年,大专,企业服务,A轮,100-499人,上海优读
上海,Android高级开发工程师,45.0,5-10年,本科,互联网,已上市,1000-9999人,拍拍贷
上海,Android开发工程师,20.0,1-3年,本科,移动互联网,C轮,100-499人,晓信
上海,Android,14.5,3-5年,大专,医疗健康,未融资,0-20人,牟训佳人工智能
上海,资深安卓工程师,30.0,3-5年,本科,社交网络,未融资,100-499人,浪live
上海,Android开发工程师,21.5,3-5年,本科,企业服务,B轮,20-99人,上海点觉信息
上海,Android开发工程师,15.0,1-3年,本科,移动互联网,不需要融资,0-20人,以拉网络科技
上海,Android,42.5,5-10年,本科,移动互联网,D轮及以上,10000人以上,北京字节跳动
上海,Android软件工程师,11.0,经验不限,本科,在线教育,A轮,20-99人,上海亿阁信息科技...
上海,安卓开发工程师,15.0,3-5年,大专,社交网络,天使轮,0-20人,杭州加马行乐科技...
上海,android framework,20.0,3-5年,本科,通信/网络设备,已上市,1000-9999人,美格智能
上海,Android开发工程师,20.0,3-5年,本科,投资/融资,不需要融资,500-999人,中民未来
上海,Android开发工程师,17.0,3-5年,大专,电子商务,不需要融资,100-499人,翼猫科技
上海,Android,11.0,1-3年,大专,计算机软件,不需要融资,1000-9999人,佰钧成
上海,安卓开发,4.5,1-3年,大专,医疗健康,未融资,0-20人,百川医汇
上海,高级Android兼职,12.0,3-5年,本科,电子商务,未融资,20-99人,宏古科技
上海,Android,13.5,1-3年,本科,通信/网络设备,已上市,1000-9999人,陕西省通信服务
上海,android开发工程师,11.5,1-3年,大专,移动互联网,未融资,100-499人,土拨鼠
上海,安卓开发工程师,37.5,3-5年,本科,互联网,天使轮,20-99人,小雨科技
上海,安卓开发工程师,15.0,经验不限,学历不限,计算机软件,,100-499人,上海弘雅
上海,安卓开发工程师,21.5,5-10年,大专,电子商务,不需要融资,100-499人,棋至文化
上海,资深Android研发工程师,40.0,3-5年,本科,移动互联网,D轮及以上,10000人以上,今日头条
上海,中级安卓,15.0,3-5年,大专,计算机软件,不需要融资,100-499人,高预美
上海,Android高级开发工程师,27.0,3-5年,本科,计算机软件,不需要融资,10000人以上,华为
上海,Android开发工程师,22.5,1-3年,学历不限,移动互联网,D轮及以上,100-499人,触宝
上海,Android,22.5,1-3年,本科,音乐/视频/阅读,A轮,0-20人,上海神荼
上海,高级安卓开发工程师,30.0,3-5年,本科,互联网金融,不需要融资,1000-9999人,贝壳金服
上海,Android开发工程师,10.0,1年以内,本科,移动互联网,不需要融资,20-99人,鸣勃
上海,Android高级工程师,19.5,3-5年,本科,移动互联网,A轮,20-99人,上海小杏
上海,Android高级软件开发工程师,14.0,3-5年,本科,企业服务,已上市,10000人以上,旺旺集团
上海,中级Android APP工程师,17.5,3-5年,大专,新能源,,20-99人,苏禾科技
上海,Android,12.5,1-3年,学历不限,移动互联网,A轮,20-99人,肌肤管家
上海,Android工程师（上海）,38.0,3-5年,本科,移动互联网,D轮及以上,10000人以上,今日头条
上海,Android,17.5,1-3年,本科,智能硬件,未融资,20-99人,宣邦智能科技（上...
上海,Android开发工程师,20.0,5-10年,本科,电子商务,未融资,20-99人,映市科技
上海,Android,8.5,1年以内,本科,移动互联网,A轮,20-99人,闪尖科技
上海,高级Android工程师/专家,40.0,5-10年,本科,互联网,C轮,10000人以上,蚂蚁金服
上海,中高级Android工程师,20.0,3-5年,本科,移动互联网,A轮,100-499人,鸟哥笔记
上海,android camera/media 软件工程师,13.0,1-3年,大专,计算机软件,未融资,10000人以上,软通动力
上海,安卓开发工程师,20.0,3-5年,本科,生活服务,不需要融资,10000人以上,宁波方太厨具有限公司
上海,Android,8.5,1-3年,学历不限,互联网,未融资,100-499人,DLAB
上海,安卓应用开发工程师,15.0,3-5年,本科,计算机软件,未融资,100-499人,大音科技
上海,Android,15.0,3-5年,本科,游戏,天使轮,20-99人,上海堂然
上海,Android开发工程师,12.5,3-5年,本科,互联网,不需要融资,20-99人,麦迈科技
上海,Android工程师,19.0,5-10年,本科,计算机软件,天使轮,100-499人,上海宣郝
上海,安卓开发工程师,7.0,1-3年,大专,移动互联网,未融资,0-20人,羽琪科技
上海,Android开发工程师,17.5,1-3年,大专,电子商务,不需要融资,20-99人,敏澜科技
上海,Android应用高级工程师,10.0,1-3年,大专,移动互联网,未融资,20-99人,灵兔网络
上海,Android开发工程师,13.0,3-5年,大专,新零售,不需要融资,20-99人,汇全球友
上海,Android开发工程师,12.0,1-3年,本科,汽车生产,不需要融资,20-99人,车去车来
上海,Android,25.0,5-10年,本科,电子商务,已上市,10000人以上,京东集团
上海,安卓开发工程师,15.5,3-5年,本科,互联网,天使轮,20-99人,上海大游
上海,Android高级开发工程师(J16847),20.0,经验不限,学历不限,移动互联网,已上市,10000人以上,CTRIP
上海,Android开发工程师,8.0,1-3年,大专,医疗健康,天使轮,0-20人,康荐
上海,中级Android工程师,13.5,3-5年,学历不限,人力资源服务,,20-99人,新乡市联信人力资...
上海,安卓高级开发工程师,17.5,3-5年,本科,移动互联网,A轮,100-499人,快宝
上海,Android开发工程师,15.0,1-3年,大专,计算机软件,A轮,20-99人,视若飞
上海,初级安卓开发,9.0,1-3年,本科,计算机软件,已上市,1000-9999人,同方鼎欣
上海,Android开发,11.0,1-3年,本科,通信/网络设备,已上市,1000-9999人,陕西省通信服务
上海,Android开发工程师,12.0,经验不限,本科,互联网,A轮,100-499人,水滴管家
上海,安卓开发工程师,23.0,3-5年,大专,互联网,已上市,100-499人,际动网络
上海,安卓开发工程师,12.5,经验不限,本科,计算机软件,,20-99人,广博
上海,Android工程师,21.0,3-5年,本科,互联网,已上市,1000-9999人,爱奇艺
上海,Android开发工程师,12.5,3-5年,大专,智能硬件,A轮,20-99人,DEEPROVE
上海,Android,14.5,3-5年,本科,房地产开发,未融资,500-999人,米石装饰工程
上海,Android研发工程师,9.5,1-3年,本科,互联网,,20-99人,魔拾科技
上海,Android开发工程师,15.0,1-3年,大专,社交网络,天使轮,0-20人,杭州加马行乐科技...
上海,Android开发工程师,14.0,1-3年,本科,电子/半导体/集成电路,未融资,20-99人,思迹信息
上海,android开发工程师,20.0,3-5年,本科,汽车生产,未融资,10000人以上,上汽集团
上海,高级Android开发工程师,32.5,3-5年,本科,移动互联网,D轮及以上,100-499人,触宝
上海,Android,9.0,1-3年,本科,计算机软件,未融资,100-499人,班凯信息
上海,React Native工程师（android）,30.0,5-10年,本科,企业服务,A轮,20-99人,黑湖科技
上海,android开发工程师,6.5,3-5年,本科,企业服务,天使轮,0-20人,三家软件
上海,Android,11.5,1-3年,本科,电子商务,未融资,20-99人,正中电缆
上海,android开发工程师,22.5,1-3年,本科,移动互联网,天使轮,0-20人,蝉知信息
上海,Android开发工程师,15.5,1-3年,本科,移动互联网,A轮,0-20人,粒数网络科技
上海,Android,17.5,3-5年,本科,计算机软件,不需要融资,20-99人,千樱信息科技有限公司
上海,Android高级开发工程师,12.0,5-10年,本科,智能硬件,不需要融资,20-99人,识加科技
上海,Android开发工程师,15.0,3-5年,本科,移动互联网,A轮,500-999人,口袋理财
上海,资深Linux/Android BSP工程师,37.5,5-10年,本科,电子/半导体/集成电路,天使轮,20-99人,南京芯驰
上海,Android工程师 - 抖音方向,33.0,3-5年,本科,移动互联网,D轮及以上,10000人以上,今日头条
上海,安卓开发工程师,15.0,经验不限,本科,智能硬件,未融资,20-99人,宣邦智能科技（上...
上海,Android开发工程师,12.5,1-3年,大专,互联网,天使轮,20-99人,鼎泰富
上海,安卓Android架构师,30.0,5-10年,本科,医疗健康,不需要融资,100-499人,BenHealth
上海,Android应用开发,8.0,经验不限,本科,移动互联网,未融资,0-20人,炉石
上海,Android开发工程师（中/高级）,20.0,3-5年,本科,互联网,B轮,20-99人,景栗
上海,底层Android开发工程师,15.0,1-3年,本科,计算机硬件,天使轮,0-20人,宇钛科技
上海,安卓,12.0,1-3年,本科,计算机软件,,20-99人,卡俄斯星
上海,安卓开发工程师,15.0,1-3年,大专,计算机软件,,20-99人,儒一科技
上海,高级Android开发工程师,15.0,3-5年,大专,电子商务,未融资,20-99人,大猎网
上海,Android开发工程师（生鲜电商）,12.5,1-3年,大专,生活服务,不需要融资,1000-9999人,欣和企业
上海,Android,22.5,1-3年,本科,互联网,已上市,1000-9999人,哔哩哔哩-B站
上海,安卓开发,20.0,1-3年,硕士,互联网,已上市,10000人以上,腾讯
上海,Android开发工程师,8.0,1-3年,大专,智能硬件,天使轮,20-99人,幻飞智控
上海,安卓客户端开发,20.0,3-5年,本科,智能硬件,A轮,100-499人,NextVPU
上海,移动开发经理（android/ios）,25.0,3-5年,本科,移动互联网,未融资,100-499人,土拨鼠
上海,资深安卓工程师,30.0,3-5年,本科,互联网,D轮及以上,1000-9999人,小红书
上海,安卓高级开发工程师,15.0,1-3年,本科,移动互联网,,0-20人,上海理才
上海,Android,11.0,1-3年,大专,计算机软件,已上市,100-499人,环思智慧
上海,安卓,16.0,3-5年,本科,计算机软件,已上市,10000人以上,altenchina
上海,中级Android APP工程师,16.5,3-5年,大专,人力资源服务,,20-99人,新乡市联信人力资...
上海,Android系统测试工程师,22.5,3-5年,学历不限,智能硬件,不需要融资,20-99人,识加科技
上海,Android APP开发工程师,16.0,1-3年,本科,电子/半导体/集成电路,未融资,20-99人,思迹信息
上海,Android  app软件编程工程师,12.5,3-5年,本科,电子/半导体/集成电路,未融资,20-99人,上海测振
上海,上海--Android APP,13.0,3-5年,大专,新能源,,20-99人,苏禾科技
上海,Android,10.0,1-3年,本科,移动互联网,B轮,20-99人,芭比信息
上海,Android架构师,32.5,5-10年,本科,互联网,已上市,1000-9999人,拍拍贷
上海,安卓开发工程师,10.5,1年以内,本科,社交网络,,0-20人,蜂王
上海,Android开发工程师,12.5,1-3年,本科,计算机软件,,0-20人,艾宜信息
上海,Android/安卓开发,15.0,3-5年,本科,数据服务,未融资,20-99人,纳纳科技
上海,Android工程师-抖音方向,37.5,3-5年,本科,移动互联网,D轮及以上,10000人以上,今日头条
上海,安卓架构师,30.0,3-5年,本科,互联网,D轮及以上,10000人以上,掌门1对1
上海,Android,16.0,3-5年,本科,智能硬件,A轮,20-99人,极豆车联网
上海,Android开发工程师,15.0,3-5年,大专,计算机软件,已上市,10000人以上,中软国际
上海,Android工程师,11.0,1-3年,大专,互联网,B轮,1000-9999人,云族佳
上海,安卓开发工程师,18.0,5-10年,大专,计算机软件,已上市,1000-9999人,柯莱特
上海,Android工程师,19.0,5-10年,大专,计算机软件,不需要融资,1000-9999人,华钦科技
上海,安卓工程师,15.0,3-5年,本科,移动互联网,未融资,0-20人,瑞振国际商业
上海,Android/安卓开发工程师,11.5,3-5年,本科,通信/网络设备,A轮,100-499人,言通网络科技
上海,Android工程师,16.0,1-3年,大专,社交网络,A轮,20-99人,见寻文化
上海,Android开发工程师,22.5,3-5年,本科,移动互联网,A轮,500-999人,上海创蓝文化传播
上海,Android,15.0,经验不限,大专,计算机软件,,20-99人,儒一科技
上海,Android开发工程师,22.5,3-5年,本科,互联网,已上市,1000-9999人,哔哩哔哩
上海,Android开发工程师,14.0,3-5年,大专,移动互联网,已上市,1000-9999人,科匠(中国)
上海,Android/Unity3d开发工程师,22.5,1-3年,本科,计算机软件,不需要融资,0-20人,esooft
上海,Android开发工程师,14.0,1-3年,本科,计算机软件,未融资,100-499人,班凯信息
上海,Android开发工程师,20.0,3-5年,本科,电子/半导体/集成电路,未融资,20-99人,思迹信息
上海,高级android开发,25.0,5-10年,本科,互联网,A轮,1000-9999人,怪兽充电
上海,Android/ios开发工程师,10.0,经验不限,本科,互联网,未融资,20-99人,名霆
上海,Android开发工程师,15.0,3-5年,本科,社交网络,A轮,20-99人,见寻文化
上海,安卓开发,14.0,1-3年,本科,计算机软件,B轮,100-499人,云沃客
上海,Android开发,22.5,3-5年,本科,互联网,D轮及以上,1000-9999人,哈啰出行
上海,IOS-Android工程师,22.5,经验不限,本科,互联网,不需要融资,10000人以上,百度在线
上海,Android开发,15.0,3-5年,本科,计算机软件,已上市,10000人以上,纬创
上海,Android手机系统经理,45.0,5-10年,本科,移动互联网,不需要融资,10000人以上,传音控股
上海,Android APP 开发工程师,20.0,5-10年,学历不限,智能硬件,不需要融资,20-99人,识加科技
上海,安卓开发,12.5,1-3年,本科,计算机软件,已上市,1000-9999人,网达软件
上海,Android 专家/高级专家,45.0,3-5年,本科,O2O,D轮及以上,1000-9999人,饿了么
上海,安卓系统工程师,15.0,3-5年,本科,互联网,天使轮,0-20人,之炜物联
上海,Android工程师,16.5,5-10年,本科,计算机软件,,20-99人,合众盛
上海,Android开发,16.0,3-5年,本科,计算机软件,已上市,10000人以上,中软国际
上海,Android开发工程师,10.0,3-5年,学历不限,计算机软件,,20-99人,畅启软件
上海,Android开发,15.0,1-3年,本科,计算机软件,不需要融资,10000人以上,文思海辉技术有限公司
上海,Android驱动工程师,20.0,3-5年,本科,通信/网络设备,已上市,1000-9999人,美格智能
上海,Android安卓工程师,22.5,3-5年,大专,互联网金融,B轮,1000-9999人,水象金融
上海,资深安卓,22.5,5-10年,本科,数据服务,B轮,100-499人,图聚
上海,Android MMI工程师,15.0,3-5年,本科,智能硬件,未融资,100-499人,上海易景信息科技...
上海,Android 多媒体 SDK 研发工程师、架构师,27.5,1-3年,本科,医疗健康,不需要融资,100-499人,BenHealth
上海,Android开发,17.5,3-5年,大专,计算机软件,已上市,1000-9999人,博彦科技
上海,Android,15.0,1-3年,本科,计算机软件,不需要融资,0-20人,颉道信息技术
上海,Android微信群控开发工程师,19.5,3-5年,大专,移动互联网,A轮,20-99人,上海小杏
上海,Android开发,10.0,1-3年,本科,互联网,A轮,100-499人,WE+联合办公
上海,Android开发工程师,9.0,1-3年,大专,计算机软件,已上市,1000-9999人,同方鼎欣
上海,Android架构师-抖音方向,50.0,5-10年,本科,移动互联网,D轮及以上,10000人以上,今日头条
上海,Android,15.0,3-5年,大专,互联网,,20-99人,益昂科技有限公司
上海,中级Android app,14.5,1-3年,大专,计算机软件,A轮,100-499人,菏怀软件科技
上海,Android,12.5,3-5年,本科,移动互联网,不需要融资,0-20人,上海布狄雷
上海,Android/IOS工程师,20.0,3-5年,本科,互联网,已上市,1000-9999人,哔哩哔哩
上海,Android,20.0,5-10年,本科,电子商务,B轮,100-499人,丰趣海淘
上海,android开发,20.0,3-5年,大专,数据服务,B轮,100-499人,上海朋数信息科技有限公司
上海,Android,9.0,1年以内,本科,计算机软件,未融资,100-499人,得帆信息
上海,安卓开发工程师,20.0,1-3年,本科,互联网,已上市,10000人以上,携程旅行网
上海,安卓逆向工程师,18.0,1-3年,本科,互联网,B轮,100-499人,聚信立
上海,Android,11.5,1-3年,本科,计算机软件,未融资,20-99人,杰奕
上海,Android工程师,12.5,1-3年,本科,智能硬件,B轮,20-99人,弗徕威智能机器人
上海,高级Android开发工程师/架构师,30.0,3-5年,学历不限,移动互联网,D轮及以上,100-499人,触宝
上海,资深Android系统工程师,27.5,5-10年,本科,智能硬件,不需要融资,20-99人,识加科技
上海,Android开发工程师,21.5,1-3年,大专,社交网络,天使轮,0-20人,楷寻
上海,Android开发工程师,10.5,经验不限,学历不限,计算机软件,已上市,10000人以上,纬创
上海,Android开发工程师,12.5,1-3年,本科,计算机软件,已上市,1000-9999人,网达软件
上海,Android研发工程师,16.5,1-3年,本科,互联网,天使轮,20-99人,缀初网络科技
上海,Android开发工程师,22.5,3-5年,本科,O2O,D轮及以上,1000-9999人,饿了么
上海,高级Android 开发,17.5,3-5年,大专,计算机软件,已上市,10000人以上,中软国际
上海,Android开发,15.0,3-5年,大专,计算机软件,不需要融资,10000人以上,文思海辉技术有限公司
上海,Android开发工程师,23.0,3-5年,本科,互联网,已上市,1000-9999人,bilibili
上海,资深Android开发工程师,22.5,3-5年,本科,移动互联网,不需要融资,1000-9999人,平安好房
上海,Android,20.0,3-5年,学历不限,地产经纪/中介,不需要融资,20-99人,原萃信息技术
上海,Android架构师,30.0,5-10年,本科,互联网金融,已上市,500-999人,好买财富管理
上海,安卓中级偏系统,18.5,1-3年,大专,企业服务,不需要融资,100-499人,泽闻信息
上海,安卓开发,15.0,1-3年,大专,电子商务,不需要融资,100-499人,棋至文化
上海,Android工程师,15.0,3-5年,大专,游戏,天使轮,20-99人,上海堂然
上海,Android,22.5,3-5年,本科,互联网,已上市,10000人以上,阿里巴巴集团
上海,Android开发工程师,11.0,3-5年,本科,互联网,A轮,20-99人,仕聚网络
上海,Android开发专家,27.5,3-5年,本科,互联网,已上市,1000-9999人,拍拍贷
上海,Android开发工程师,12.5,1-3年,本科,计算机软件,,0-20人,拈花科技
上海,Android,15.0,3-5年,大专,计算机软件,不需要融资,1000-9999人,雁联技术
上海,安卓工程师,8.5,1-3年,大专,互联网,未融资,100-499人,上海赐云网络
上海,Android驱动工程师,22.5,1-3年,本科,通信/网络设备,,100-499人,芯讯通
上海,资深Android,30.0,3-5年,本科,移动互联网,未融资,500-999人,瑞兴华
上海,安卓高级工程师,22.5,3-5年,本科,互联网,B轮,100-499人,工程师爸爸
上海,Android,17.5,3-5年,本科,互联网金融,,0-20人,TMT行业投资
上海,Android工程师,13.5,3-5年,大专,计算机软件,已上市,10000人以上,文思海辉
上海,Android,9.0,3-5年,大专,计算机软件,不需要融资,20-99人,灵数科技
上海,Android高级工程师,25.0,3-5年,本科,音乐/视频/阅读,未融资,100-499人,上海浪鸽文化传媒
上海,Android高级工程师,22.5,5-10年,本科,电子商务,不需要融资,10000人以上,公牛集团
上海,安卓工程师,12.5,1-3年,本科,互联网,A轮,20-99人,学多多
上海,Android工程师,15.0,3-5年,大专,计算机软件,,20-99人,合众盛
上海,android 工程师,24.0,1-3年,本科,移动互联网,已上市,1000-9999人,英语流利说
上海,Android开发工程师,14.0,3-5年,大专,计算机服务,未融资,20-99人,融宇信息
上海,Android高级开发工程师,17.5,3-5年,本科,在线教育,未融资,0-20人,麦课教育
上海,Android SDK 工程师,30.0,3-5年,本科,移动互联网,D轮及以上,500-999人,七牛云
上海,Android,40.0,5-10年,本科,O2O,D轮及以上,10000人以上,美团点评
上海,Android,10.0,3-5年,本科,计算机软件,,0-20人,可为科技
上海,安卓开发工程师,22.5,5-10年,本科,互联网,D轮及以上,10000人以上,掌门1对1
上海,Android系统开发工程师,15.0,1-3年,本科,通信/网络设备,,100-499人,芯讯通
上海,安卓讲师,20.5,3-5年,大专,在线教育,未融资,1000-9999人,八维宏烨培训学校
上海,Android开发工程师,14.0,3-5年,本科,互联网金融,A轮,10000人以上,国通星驿/新大陆集团
上海,android安卓开发工程师,10.5,1-3年,大专,电子商务,不需要融资,500-999人,衡哲信息
上海,资深android工程师,26.5,3-5年,本科,移动互联网,已上市,1000-9999人,英语流利说
上海,Android开发工程师,15.0,3-5年,本科,计算机软件,A轮,100-499人,讯锡科技
上海,安卓工程师,15.0,3-5年,本科,计算机软件,,20-99人,合众盛
上海,Android开发工程师,17.5,3-5年,本科,互联网,A轮,1000-9999人,怪兽充电
上海,安卓工程师,10.0,经验不限,大专,计算机软件,不需要融资,20-99人,灵数科技
上海,Android,14.0,3-5年,本科,移动互联网,未融资,100-499人,迅傲科技
上海,Android,15.0,1-3年,本科,文化/体育/娱乐,天使轮,0-20人,卓莹
上海,Android Leader,22.5,3-5年,本科,医疗健康,未融资,1000-9999人,江苏万邦云健康
上海,Android开发工程师,18.0,3-5年,大专,移动互联网,A轮,1000-9999人,武汉水象科技有限公司
上海,android OpenGL开发工程师,30.0,3-5年,本科,移动互联网,D轮及以上,500-999人,七牛云
广州,Android,7.5,3-5年,本科,移动互联网,未融资,20-99人,广州鼎瀛
广州,Android,22.5,1-3年,本科,计算机软件,已上市,1000-9999人,广州视睿
广州,Android,10.0,1-3年,本科,移动互联网,未融资,20-99人,金溪欣
广州,Android,12.5,3-5年,本科,其他行业,不需要融资,500-999人,广州诺胜化妆品
广州,Android,7.5,1-3年,大专,O2O,不需要融资,20-99人,音乐窝
广州,Android,10.0,1-3年,本科,在线教育,不需要融资,500-999人,金蓝盟集团
广州,Android,7.0,1年以内,大专,通信/网络设备,未融资,20-99人,天为电信
广州,安卓,13.5,3-5年,本科,贸易/进出口,未融资,100-499人,赤骥商贸有限公司
广州,Android,6.0,1-3年,大专,电子商务,未融资,100-499人,天玛云栖
广州,高级Android,15.5,5-10年,本科,贸易/进出口,,0-20人,恒丰商贸
广州,Android,13.5,3-5年,本科,电子商务,未融资,100-499人,宝升电子商务
广州,Android,11.5,1-3年,大专,互联网,未融资,20-99人,欧品网络
广州,Android,22.5,1-3年,本科,互联网,已上市,100-499人,触宝科技
广州,Android,10.0,1-3年,大专,移动互联网,天使轮,20-99人,云锐网络科技
广州,Android,7.5,1-3年,学历不限,电子商务,天使轮,20-99人,百年老农
广州,Android开发,16.5,3-5年,本科,计算机软件,已上市,10000人以上,中软国际
广州,Android,10.0,1-3年,本科,移动互联网,未融资,20-99人,海聊科技
广州,Android,8.5,1-3年,本科,智能硬件,未融资,0-20人,于飞科技
广州,android驱动工程师,15.5,1-3年,本科,互联网,D轮及以上,1000-9999人,广州市巴士在线信...
广州,IOS/android,12.5,3-5年,本科,互联网,未融资,100-499人,广东苍鹿
广州,Android,12.5,3-5年,本科,贸易/进出口,,100-499人,赤骥
广州,Android,10.0,1年以内,大专,互联网,未融资,20-99人,欧品网络
广州,Android开发工程师,22.5,5-10年,大专,互联网,B轮,10000人以上,广东思埠集团有限公司
广州,Android工程师,27.5,3-5年,本科,互联网,已上市,1000-9999人,虎牙直播
广州,Android驱动工程师,15.0,经验不限,硕士,计算机软件,已上市,10000人以上,国光电器
广州,Android开发,10.5,1年以内,本科,计算机软件,B轮,1000-9999人,慧博云通
广州,Android,15.0,1-3年,本科,企业服务,,0-20人,企V互动
广州,Android逆向工程师,13.0,1-3年,本科,广告营销,天使轮,20-99人,O Studio
广州,安卓开发工程师,11.5,3-5年,大专,贸易/进出口,未融资,100-499人,赤骥商贸有限公司
广州,Android,15.0,5-10年,本科,计算机软件,已上市,10000人以上,中软国际
广州,Android软件工程师,10.0,1-3年,本科,智能硬件,不需要融资,20-99人,八通电子
广州,Android工程师,7.5,3-5年,大专,移动互联网,未融资,100-499人,520生活圈
广州,Android应用开发,13.0,3-5年,本科,其他行业,已上市,1000-9999人,视源股份(CVTE)
广州,Android工程师,7.5,1-3年,大专,互联网,未融资,0-20人,酷趣科技
广州,Android项目经理,17.5,5-10年,本科,计算机软件,B轮,1000-9999人,慧博云通
广州,Android实习生,5.0,应届生,本科,互联网,已上市,100-499人,触宝科技
广州,Android系统软件工程师,21.0,3-5年,本科,计算机软件,已上市,1000-9999人,广州视睿
广州,高级安卓工程师,12.0,5-10年,本科,移动互联网,不需要融资,1000-9999人,联龙博通
广州,android开发,15.0,1-3年,本科,计算机软件,B轮,1000-9999人,慧博云通
广州,安卓开发工程师,10.0,1-3年,本科,移动互联网,B轮,500-999人,一智通供应链
广州,Android研发工程师,14.0,1-3年,大专,互联网,未融资,1000-9999人,花镇情感
广州,安卓工程师,12.0,1-3年,大专,智能硬件,未融资,0-20人,紫石智能
广州,安卓开发,6.5,1-3年,大专,电子商务,未融资,100-499人,天玛云栖有限公司
广州,Android系统软件工程师,21.0,3-5年,本科,其他行业,已上市,1000-9999人,视源股份(CVTE)
广州,Android开发工程师,9.0,1-3年,大专,智能硬件,已上市,500-999人,美电贝尔
广州,Android开发工程师,15.0,1-3年,大专,工程施工,,100-499人,捷荣建筑
广州,Android开发工程师,9.5,1-3年,大专,计算机软件,B轮,1000-9999人,慧博云通
广州,Android开发,10.0,3-5年,大专,移动互联网,A轮,100-499人,广东美胸汇
广州,Android开发工程师,12.5,1-3年,大专,互联网,不需要融资,500-999人,聚焦网络
广州,Android,10.0,1-3年,本科,贸易/进出口,未融资,100-499人,赤骥商贸有限公司
广州,安卓逆向工程师,12.0,1-3年,大专,计算机软件,未融资,100-499人,银光软件科技
广州,Android开发工程师,10.0,1-3年,大专,在线教育,不需要融资,500-999人,金蓝盟集团
广州,Android开发工程师,14.5,1-3年,本科,移动互联网,B轮,100-499人,百倍科技
广州,Android,11.0,经验不限,本科,计算机软件,未融资,1000-9999人,蓝鸽集团
广州,安卓开发工程师,12.5,1-3年,本科,游戏,未融资,500-999人,9377游戏
广州,Android开发,7.5,1-3年,大专,移动互联网,A轮,20-99人,广州爱多聊网络
广州,Android,10.5,1-3年,本科,计算机软件,B轮,1000-9999人,慧博云通
广州,Android应用开发工程师,12.5,3-5年,本科,其他行业,已上市,1000-9999人,视源股份(CVTE)
广州,安卓开发工程师,11.5,1-3年,本科,贸易/进出口,未融资,100-499人,赤骥商贸有限公司
广州,安卓程序员,8.0,3-5年,大专,智能硬件,不需要融资,20-99人,川宜动漫
广州,Android,12.5,3-5年,本科,移动互联网,不需要融资,20-99人,羚云科技
广州,资深Android开发工程师,37.5,3-5年,本科,电子商务,B轮,500-999人,哆啦科技
广州,安卓开发工程师,8.5,1-3年,大专,电子/半导体/集成电路,未融资,100-499人,优库电子
广州,android开发师,9.0,3-5年,学历不限,培训机构,未融资,100-499人,创骐
广州,微信客户端 Android 开发工程师,22.5,1-3年,本科,互联网,已上市,10000人以上,腾讯
广州,Android开发工程师-广州,16.0,3-5年,大专,互联网,已上市,500-999人,道一信息
广州,安卓开发工程师,12.5,3-5年,本科,计算机软件,A轮,100-499人,广东智慧电子
广州,Android 应用软件开发工程师,22.5,1-3年,学历不限,计算机软件,已上市,1000-9999人,广州视睿
广州,Android开发工程师,15.0,经验不限,本科,计算机软件,B轮,1000-9999人,慧博云通
广州,Android系统工程师,21.0,3-5年,硕士,计算机软件,已上市,10000人以上,国光电器
广州,安卓开发工程师,10.0,1-3年,本科,在线教育,不需要融资,500-999人,金蓝盟集团
广州,Android开发工程师,8.0,1-3年,本科,互联网,不需要融资,0-20人,八熊
广州,安卓开发工程师,9.0,1年以内,大专,游戏,未融资,100-499人,争游网络
广州,阿里-Android资深开发工程师,10.5,经验不限,本科,计算机软件,已上市,1000-9999人,博彦科技
广州,Android开发工程师,6.5,1-3年,大专,电子商务,,20-99人,广州天玛云栖电子商务
广州,Android开发工程师,11.5,3-5年,大专,互联网,未融资,100-499人,彩猫科技
广州,Android开发工程师,10.0,1-3年,本科,计算机软件,未融资,20-99人,广州众拓
广州,Android开发经理,18.0,5-10年,本科,计算机软件,B轮,1000-9999人,慧博云通
广州,Android安卓工程师,27.5,5-10年,本科,医疗健康,不需要融资,100-499人,BenHealth
广州,Android开发工程师,11.5,1-3年,本科,医疗健康,不需要融资,20-99人,通众电气
广州,Android开发工程师,4.5,1年以内,大专,计算机软件,未融资,0-20人,广州悦微
广州,Android开发工程师,11.5,1-3年,大专,电子商务,不需要融资,100-499人,e趣商城
广州,安卓开发工程师,9.0,1-3年,大专,音乐/视频/阅读,天使轮,0-20人,红黑信息技术
广州,Android开发工程师,11.5,1-3年,大专,计算机软件,未融资,20-99人,隽云网络
广州,Android开发工程师,12.5,1-3年,本科,信息安全,未融资,0-20人,广州视翰
广州,Android开发工程师,13.5,3-5年,大专,制药,未融资,20-99人,培坤生物科技
广州,Android开发工程师,5.0,1-3年,本科,互联网,天使轮,20-99人,广州天达信息科技...
广州,Android开发工程师,7.5,经验不限,大专,广告营销,天使轮,20-99人,O Studio
广州,安卓开发工程师,7.5,1-3年,大专,电子商务,,20-99人,广州天玛云栖电子商务
广州,Android,12.0,3-5年,大专,游戏,天使轮,100-499人,奇葩乐游
广州,Android开发工程师,5.5,1-3年,本科,互联网,未融资,0-20人,酷趣科技
广州,android研发工程师,14.0,3-5年,大专,互联网,,20-99人,盈聚科技
广州,安卓开发工程师,12.5,1-3年,大专,通信/网络设备,未融资,20-99人,广州诺尔科技
广州,Android开发工程师,5.0,1年以内,本科,互联网,不需要融资,20-99人,商基网络
广州,Java开发工程师（有安卓经验）-广州,16.0,3-5年,大专,互联网,已上市,500-999人,道一信息
广州,Android开发工程师,7.0,1-3年,大专,智能硬件,不需要融资,20-99人,川宜动漫
广州,安卓开发师,9.0,3-5年,学历不限,培训机构,未融资,100-499人,创骐
广州,Android开发工程师,8.5,1-3年,大专,互联网,天使轮,20-99人,聚凡
广州,安卓程序员,9.0,1-3年,大专,计算机软件,,20-99人,名鑫会
广州,android开发工程师,10.0,1-3年,本科,移动互联网,未融资,20-99人,海聊科技
广州,Android高级开发工程师,20.0,3-5年,本科,电子商务,不需要融资,100-499人,友米乐
广州,Android客户端资深开发,18.0,3-5年,本科,计算机软件,已上市,1000-9999人,博彦科技
广州,Android工程师,9.0,3-5年,本科,互联网,未融资,20-99人,念菲网络
广州,Android,30.0,5-10年,本科,互联网,A轮,100-499人,大圣live
广州,Android,5.5,5-10年,本科,移动互联网,未融资,0-20人,景上添花
广州,安卓开发工程师,12.5,3-5年,大专,互联网,未融资,0-20人,东怡源科技
广州,Android开发工程师【广州】,22.5,1-3年,本科,移动互联网,D轮及以上,100-499人,触宝
广州,Android开发工程师,7.5,1-3年,大专,计算机软件,不需要融资,100-499人,恒康科技
广州,客户端(Android)资深开发工程师,13.5,3-5年,本科,计算机软件,已上市,1000-9999人,博彦科技
广州,Android,10.5,1-3年,学历不限,互联网,天使轮,20-99人,芯智云
广州,Android工程师,11.0,1-3年,大专,互联网,未融资,0-20人,企狐科技
广州,Android,10.5,1-3年,学历不限,互联网金融,未融资,500-999人,金向标
广州,Android,12.0,3-5年,大专,计算机软件,天使轮,20-99人,博凡科技
广州,Android工程师,9.0,1-3年,大专,计算机软件,B轮,100-499人,广州联赢科技有限公司
广州,高级android开发工程师,17.5,5-10年,大专,游戏,B轮,100-499人,众聚互娱
广州,Android安卓工程师,12.5,1-3年,本科,计算机软件,A轮,100-499人,广州快批
广州,Android,22.5,5-10年,本科,互联网,A轮,20-99人,广州心娱
广州,android开发工程师,19.0,3-5年,本科,计算机软件,已上市,10000人以上,中软国际
广州,安卓开发工程师,4.5,应届生,大专,计算机软件,,0-20人,伟晟科技
广州,Android开发工程师,9.0,1-3年,本科,互联网,不需要融资,20-99人,广州优飞
广州,Android安卓开发工程师,22.5,1-3年,本科,电子商务,B轮,500-999人,哆啦科技
广州,Android开发工程师（中高级）,12.0,3-5年,大专,互联网,A轮,100-499人,前海易物
广州,Android开发工程师（中高级）,11.5,3-5年,本科,电子商务,A轮,100-499人,易物国际
广州,Android,15.0,3-5年,大专,社交网络,未融资,0-20人,约到文化发展有限公司
广州,Android手游SDK研发工程师,15.0,1-3年,学历不限,互联网,已上市,1000-9999人,猎豹移动
广州,安卓开发工程师,12.0,3-5年,本科,计算机软件,,20-99人,君实科技
广州,安卓逆向,12.0,3-5年,中专/中技,移动互联网,D轮及以上,20-99人,万商堂
广州,【广州】高级Android开发工程师,27.5,3-5年,本科,移动互联网,D轮及以上,100-499人,触宝
广州,Android高级研发工程师,15.0,1-3年,本科,互联网,天使轮,20-99人,乐享家
广州,Android IOS 区块链APP开发主管,15.0,3-5年,大专,企业服务,不需要融资,100-499人,小马
广州,Android,8.0,1-3年,大专,互联网,不需要融资,0-20人,八熊
广州,安卓工程师,6.0,1-3年,学历不限,企业服务,不需要融资,500-999人,金不换财务
广州,Android,9.0,1-3年,本科,汽车生产,A轮,500-999人,万城万充
广州,Android,11.5,3-5年,大专,医疗健康,A轮,20-99人,汇瀚信息
广州,Android高级开发工程师,15.0,3-5年,本科,计算机软件,已上市,100-499人,广东紫光
广州,微信 Android 基础优化/组件/安全需求开发,25.5,3-5年,本科,互联网,已上市,10000人以上,腾讯
广州,安卓,12.5,3-5年,本科,移动互联网,A轮,20-99人,前实科技
广州,Android开发实习生,2.5,应届生,本科,移动互联网,不需要融资,100-499人,紫鲸互联
广州,Android开发,12.0,3-5年,大专,计算机软件,已上市,100-499人,融合通信
广州,Android IOS 区块链APP开发主管,15.0,3-5年,大专,企业服务,不需要融资,100-499人,小马
广州,安卓工程师,10.0,1-3年,大专,移动互联网,不需要融资,0-20人,赛耀网络
广州,Android,12.0,3-5年,大专,互联网,A轮,100-499人,十牛科技
广州,Android工程师,11.0,1年以内,大专,互联网,未融资,0-20人,企狐科技
广州,Android开发,12.0,3-5年,本科,计算机软件,未融资,0-20人,广州视革
广州,Android工程师,14.0,1-3年,大专,医疗健康,B轮,20-99人,医群科技
广州,Android软件工程师,16.0,3-5年,本科,计算机软件,已上市,1000-9999人,广州视睿
广州,Android工程师,12.0,1年以内,本科,通信/网络设备,A轮,100-499人,星舆科技
广州,Android工程师,10.5,1-3年,大专,互联网,天使轮,20-99人,芯智云
广州,安卓开发工程师,12.5,1-3年,大专,医疗健康,不需要融资,1000-9999人,康爱多
广州,Android开发工程师,14.0,3-5年,本科,互联网,,100-499人,康达水
广州,安卓开发,9.0,1-3年,大专,计算机软件,不需要融资,20-99人,二十四小时科技
广州,安卓测试工程师,12.0,3-5年,本科,移动互联网,A轮,100-499人,红手指
广州,Android高级工程师,29.0,5-10年,本科,智能硬件,不需要融资,500-999人,台电科技
广州,Android安卓开发工程师,11.5,3-5年,大专,游戏,,0-20人,指趣互动
广州,Android 安卓开发工程师,7.5,1-3年,本科,医疗健康,已上市,20-99人,百家医道
广州,安卓工程师,7.5,1年以内,大专,互联网,不需要融资,20-99人,正解互动
广州,Android软件开发工程师,23.0,1-3年,本科,其他行业,已上市,1000-9999人,视源股份(CVTE)
广州,Android开发,11.5,1-3年,大专,移动互联网,已上市,100-499人,丽晶软件
广州,Android开发工程师,8.5,3-5年,大专,数据服务,已上市,100-499人,紫晶信息存储
广州,Android工程师,12.5,3-5年,大专,媒体,已上市,20-99人,中运传媒
广州,Android研发主管,22.5,5-10年,本科,互联网,A轮,20-99人,禾多云力
广州,Android高级软件工程师,20.5,3-5年,本科,计算机软件,已上市,1000-9999人,广州视睿
广州,Android工程师,19.0,3-5年,本科,移动互联网,天使轮,20-99人,启合科技
广州,Android开发工程师,10.0,1-3年,大专,互联网,未融资,20-99人,华途信息
广州,Android开发工程师,12.5,3-5年,大专,互联网,未融资,100-499人,晨风科技
广州,安卓开发工程师,9.0,1-3年,本科,互联网,不需要融资,20-99人,广州优飞
广州,Android开发工程师,11.5,1-3年,本科,互联网,A轮,20-99人,广东芯智慧
广州,Android高级开发工程师,17.5,3-5年,本科,互联网,已上市,10000人以上,阿里巴巴集团
广州,安卓中级研发工程师,22.5,5-10年,本科,互联网,B轮,1000-9999人,健客网
广州,安卓开发,18.0,5-10年,大专,计算机软件,已上市,1000-9999人,广州华钦
广州,Android驱动工程师,17.5,3-5年,本科,计算机软件,未融资,100-499人,广州讯码
广州,高级移动端开发工程师（IOS/Android）,20.0,5-10年,本科,计算机软件,已上市,1000-9999人,华钦软件CLPS
广州,Android开发工程师,11.5,3-5年,大专,互联网,未融资,20-99人,全彩科技
广州,初级Android工程师,9.0,1-3年,大专,互联网,C轮,100-499人,百布
广州,安卓开发,12.5,1-3年,大专,仪器仪表/工业自动化,,20-99人,诺泰德
广州,安卓工程师,12.5,3-5年,本科,计算机软件,A轮,100-499人,广州快批
广州,Android IOS 区块链APP开发主管,15.0,3-5年,大专,企业服务,不需要融资,100-499人,小马
广州,安卓开发工程师,12.5,1-3年,本科,互联网,未融资,1000-9999人,花镇情感
广州,Android（安卓）逆向/外挂/触控工程师,15.0,1-3年,大专,互联网,A轮,100-499人,跨境壹号
广州,Android 中级工程师,7.5,1-3年,大专,移动互联网,,20-99人,悦易
广州,Android逆向,12.0,3-5年,学历不限,移动互联网,D轮及以上,20-99人,万商堂
广州,高级安卓工程师,17.0,经验不限,大专,互联网,未融资,100-499人,真知码
广州,Android应用软件开发助理工程师,7.0,1-3年,大专,信息安全,未融资,0-20人,广州视翰
广州,Android开发工程师,11.5,3-5年,大专,广告营销,不需要融资,20-99人,圣火股份
广州,Android开发,9.0,1-3年,大专,移动互联网,未融资,100-499人,520生活圈
广州,高级android开发工程师,20.0,5-10年,本科,计算机软件,未融资,10000人以上,软通动力
广州,Android开发工程师,15.0,3-5年,大专,智能硬件,不需要融资,500-999人,台电科技
广州,Android系统工程师,15.0,3-5年,本科,其他行业,已上市,1000-9999人,视源股份(CVTE)
广州,Android安卓开发工程师,7.0,3-5年,大专,互联网,,20-99人,天眼科技
广州,Android开发工程师,12.0,1-3年,本科,互联网,B轮,100-499人,世讯
广州,Android开发工程师,8.0,1-3年,大专,生活服务,A轮,100-499人,造就科技
广州,Android开发工程师,9.0,3-5年,本科,计算机软件,不需要融资,100-499人,广州雷猴软件
广州,Android开发工程师,9.5,3-5年,本科,移动互联网,不需要融资,20-99人,唯厘科技
广州,Android高级开发工程师,14.0,3-5年,本科,计算机软件,已上市,1000-9999人,博彦科技
广州,Android开发工程师,11.0,1-3年,大专,移动互联网,已上市,100-499人,丽晶软件
广州,Android应用测试工程师,13.5,1-3年,本科,计算机软件,已上市,1000-9999人,广州视睿
广州,Android工程师,15.0,1-3年,本科,企业服务,天使轮,0-20人,华建工
广州,Android开发工程师,18.0,1-3年,本科,其他行业,已上市,1000-9999人,视源股份(CVTE)
广州,安卓开发工程师,10.5,1-3年,大专,移动互联网,不需要融资,0-20人,赛耀网络
广州,Android IOS 区块链APP开发主管,15.0,3-5年,大专,企业服务,不需要融资,100-499人,小马
广州,安卓系统开发（模拟器）,20.0,3-5年,本科,游戏,已上市,10000人以上,网易游戏
广州,Android开发工程师,12.5,1-3年,本科,仪器仪表/工业自动化,已上市,100-499人,禾信仪器
广州,安卓开发工程师,6.5,1-3年,大专,医疗健康,不需要融资,0-20人,医课室
广州,高级安卓开发工程师,15.0,3-5年,本科,游戏,已上市,100-499人,3k游戏
广州,Android开发工程师,11.5,1-3年,大专,旅游,A轮,100-499人,Xbed
广州,Android开发,7.5,1年以内,大专,移动互联网,A轮,20-99人,云介科技
广州,Android开发,15.0,3-5年,本科,电子商务,未融资,20-99人,代言甄选
广州,移动端开发 iOS Android,22.5,5-10年,本科,计算机软件,已上市,1000-9999人,广州华钦
广州,Android开发工程师,10.0,1-3年,本科,电子商务,,100-499人,尧祺科技
广州,Android开发工程师,12.5,3-5年,本科,互联网,B轮,1000-9999人,公瑾科技广州分公司
广州,Android开发工程师,13.0,1-3年,大专,社交网络,A轮,20-99人,微咔WECUT
广州,Android开发程序员,7.5,1-3年,大专,互联网,未融资,20-99人,念菲网络
广州,IOS/Android 应用开发工程师,12.5,1-3年,本科,汽车生产,A轮,500-999人,万城万充
广州,Android开发工程,16.0,5-10年,本科,智能硬件,不需要融资,500-999人,天地融
广州,Android应用软件工程师,15.0,1-3年,本科,计算机软件,已上市,1000-9999人,广州视睿
广州,IOS/安卓开发主管,20.0,3-5年,本科,互联网,未融资,1000-9999人,花镇情感
广州,Android开发工程师,14.0,3-5年,大专,互联网,C轮,100-499人,百布
广州,Android开发工程师,15.0,3-5年,本科,电子商务,B轮,100-499人,逸仙电商
广州,android开发工程师,12.5,1-3年,本科,互联网,D轮及以上,100-499人,爱拍
广州,Android实习生,2.5,应届生,大专,移动互联网,,20-99人,悦易
广州,Android开发工程师,10.0,1-3年,大专,在线教育,未融资,20-99人,聚百洲乐器
广州,Android开发工程师,11.5,1-3年,本科,计算机软件,已上市,100-499人,广州明动软件
广州,Android软件高级开发工程师,12.0,3-5年,本科,计算机软件,A轮,20-99人,康云
广州,Android开发工程师,8.5,1-3年,大专,计算机软件,未融资,100-499人,互诺科技
广州,Android开发工程师,9.0,3-5年,大专,物流/仓储,A轮,100-499人,安发网络
广州,Android 高级工程师,12.5,3-5年,本科,旅游,不需要融资,500-999人,铂涛旅行
广州,安卓开发工程师,13.0,3-5年,本科,互联网,未融资,100-499人,真知码
广州,Android开发工程师,18.0,1-3年,本科,智能硬件,已上市,1000-9999人,广州视臻
广州,Android开发工程师,11.5,3-5年,本科,移动互联网,未融资,100-499人,佰锐科技
广州,安卓开发工程师,11.5,1-3年,大专,移动互联网,不需要融资,100-499人,米多科技
广州,Android开发工程师,10.0,1-3年,大专,互联网,B轮,100-499人,车行易
广州,Android开发工程师,11.5,1-3年,大专,计算机软件,未融资,100-499人,广州蓝桥软件
广州,安卓游戏美工,10.0,1-3年,大专,智能硬件,天使轮,20-99人,一起牛
广州,Technical Lead for IOS/Android,23.5,5-10年,大专,计算机软件,未融资,20-99人,盈科网络
广州,Android前端开发,16.0,经验不限,学历不限,互联网,A轮,20-99人,广州矩阵科技有限公司
广州,安卓高级工程师,12.0,1-3年,本科,数据服务,A轮,20-99人,广州康行信息技术
广州,Android高级研发工程师,21.5,5-10年,本科,互联网,A轮,20-99人,禾多云力
广州,Android开发工程师,15.0,3-5年,本科,在线教育,A轮,20-99人,酷思纬哲
广州,安卓实习生,4.0,应届生,本科,游戏,天使轮,20-99人,掌昆游戏
广州,安卓高级研发工程师,25.0,5-10年,本科,互联网,B轮,1000-9999人,健客网
广州,安卓开发工程师（uu加速器）,17.5,1-3年,本科,游戏,已上市,10000人以上,网易游戏
广州,Android开发工程师,15.0,1-3年,大专,移动互联网,D轮及以上,20-99人,面对面F2F
广州,Android高级工程师,15.0,3-5年,大专,互联网,,20-99人,尚捷科技
广州,Android开发工程师,10.5,1-3年,大专,互联网,,20-99人,鑫酷科技
广州,Android开发工程师（广州）,10.5,1-3年,本科,计算机软件,B轮,1000-9999人,慧博云通
广州,安卓开发工程师,12.5,1-3年,大专,游戏,未融资,20-99人,星曜会
广州,Android开发工程师,8.0,1-3年,本科,在线教育,已上市,20-99人,孩教圈
广州,Android高级开发工程师,19.0,3-5年,本科,社交网络,A轮,20-99人,微咔WECUT
广州,Android开发工程师,5.5,经验不限,大专,移动互联网,不需要融资,20-99人,广州小跑科技
广州,Android开发工程师,9.0,1-3年,大专,计算机软件,未融资,20-99人,米研网络
广州,android资深测试专家,25.0,5-10年,本科,企业服务,,20-99人,惠州坤坤实业有限...
广州,Android开发工程师,10.5,3-5年,大专,计算机软件,未融资,20-99人,广州远动
广州,Android开发工程师,9.0,1-3年,大专,移动互联网,未融资,0-20人,广州悦云
广州,Android逆向工程师,22.5,1-3年,大专,移动互联网,不需要融资,100-499人,啦咔网络
广州,安卓应用开发（模拟器）,17.5,1-3年,本科,游戏,已上市,10000人以上,网易游戏
广州,安卓高级开发工程师,12.5,1-3年,本科,计算机软件,未融资,100-499人,坤盛信息科技有限公司
广州,Android开发工程师,15.0,3-5年,本科,电子商务,天使轮,20-99人,花开科技
广州,Android开发实习生,4.5,应届生,本科,社交网络,不需要融资,0-20人,星空计划
广州,Android开发工程师,8.5,1年以内,大专,医疗健康,天使轮,20-99人,广州加佳康
广州,Android开发工程师,15.0,1-3年,本科,移动互联网,未融资,20-99人,哈希大陆
广州,高级Android开发工程师,15.0,3-5年,本科,计算机软件,已上市,100-499人,广东紫光
广州,安卓工程师,20.0,3-5年,本科,互联网,未融资,20-99人,广州多融
广州,高级Android开发工程师,20.0,1-3年,本科,移动互联网,B轮,100-499人,小水滴课堂
广州,Android应用开发工程师,22.5,经验不限,本科,智能硬件,已上市,1000-9999人,广州视臻
广州,安卓开发工程师,13.0,3-5年,本科,互联网金融,不需要融资,10000人以上,广电银通
广州,Android开发工程师,10.0,3-5年,大专,移动互联网,不需要融资,0-20人,赛耀网络
广州,android高级开发工程师,11.5,1-3年,本科,游戏,不需要融资,100-499人,尤达科技
广州,安卓开发工程师,11.5,应届生,大专,音乐/视频/阅读,未融资,100-499人,云返票务
广州,安卓开发工程师,11.0,1-3年,大专,移动互联网,已上市,100-499人,丽晶软件
广州,Android开发工程师,9.0,1-3年,大专,互联网,天使轮,20-99人,东晖科技
广州,安卓开发工程师,12.5,3-5年,本科,数据服务,未融资,20-99人,思勘
广州,高级Android高级开发工程师,17.5,5-10年,本科,计算机软件,不需要融资,100-499人,广州雷猴软件
广州,Android,11.5,3-5年,大专,计算机软件,未融资,20-99人,微问科技
广州,高级Android开发工程师,25.0,3-5年,本科,移动互联网,未融资,100-499人,悄悄科技
广州,安卓开发工程师,9.0,1-3年,本科,广告营销,未融资,20-99人,天誓网络
广州,无线技术专家Android/iOS,37.5,3-5年,本科,互联网,已上市,10000人以上,阿里巴巴集团
广州,Android工程师,10.5,经验不限,大专,移动互联网,不需要融资,20-99人,云实科技
广州,Android系统工程师,12.0,3-5年,本科,生活服务,A轮,100-499人,合立正通
广州,中高级安卓开发工程师,12.0,3-5年,大专,移动互联网,已上市,100-499人,丽晶软件
广州,Android开发工程师,17.5,3-5年,大专,电子商务,,100-499人,广州古哩传媒广告
广州,Android开发,10.0,3-5年,大专,互联网,,20-99人,源开信息
广州,安卓移动开发工程师,9.0,经验不限,本科,仪器仪表/工业自动化,不需要融资,100-499人,南方卫星导航
广州,高级Android研发工程师,12.5,1-3年,本科,移动互联网,天使轮,0-20人,红云网络
广州,Android开发工程师,11.5,1-3年,本科,智能硬件,未融资,100-499人,伟昊科技
广州,高级安卓开发工程师,11.5,3-5年,本科,生活服务,,20-99人,津铠餐厅
广州,android开发工程师,13.5,1-3年,本科,移动互联网,未融资,20-99人,广东酷享
广州,Andriod安卓开发工程师,5.5,1-3年,大专,游戏,不需要融资,20-99人,热血游戏
广州,安卓开发工程师（SDK）,11.0,1年以内,大专,游戏,A轮,100-499人,辉耀互娱
广州,Android开发师,7.0,1年以内,大专,电子商务,未融资,20-99人,小鹿信息技术
广州,Android工程师,11.5,3-5年,大专,计算机软件,未融资,0-20人,捷软科技
广州,Android,9.0,3-5年,本科,智能硬件,不需要融资,0-20人,真智慧
广州,Android高级开发工程师,20.0,3-5年,本科,计算机软件,不需要融资,20-99人,广州宇创天成
广州,Android,14.5,3-5年,本科,贸易/进出口,未融资,100-499人,赤骥商贸有限公司
广州,安卓开发工程师,10.5,1-3年,大专,移动互联网,不需要融资,0-20人,饭团科技
广州,Android应用开发工程师,19.5,应届生,硕士,汽车生产,B轮,1000-9999人,小鹏汽车
广州,Android开发工程师（初级）,7.0,应届生,大专,医疗健康,天使轮,20-99人,广州加佳康
广州,中高级安卓工程师,17.5,3-5年,本科,互联网,A轮,20-99人,全城握手
广州,安卓开发工程师,7.0,1-3年,大专,智能硬件,未融资,20-99人,大唐智讯
广州,React Native开发工程师（Android）,10.5,1-3年,大专,互联网,A轮,100-499人,有礼派
深圳,Android,25.0,3-5年,本科,互联网,已上市,10000人以上,百度
深圳,Android,11.0,3-5年,本科,广告营销,,20-99人,亿微科技
深圳,安卓,15.0,1-3年,本科,计算机软件,未融资,10000人以上,软通动力
深圳,安卓,9.0,1-3年,大专,计算机软件,已上市,10000人以上,中软国际
深圳,Android,20.0,3-5年,本科,电子商务,C轮,1000-9999人,SheIn
深圳,Android,12.0,1-3年,大专,游戏,天使轮,20-99人,可牛
深圳,Android,37.5,经验不限,本科,互联网,不需要融资,10000人以上,OPPO
深圳,Android,20.0,3-5年,本科,移动互联网,已上市,10000人以上,软通动力集团
深圳,安卓,11.5,1-3年,学历不限,贸易/进出口,未融资,100-499人,赤骥商贸有限公司
深圳,Android,31.5,5-10年,本科,互联网,不需要融资,1000-9999人,平安科技
深圳,Android,22.5,3-5年,本科,计算机软件,未融资,10000人以上,软通动力
深圳,Android,30.0,3-5年,本科,移动互联网,未融资,20-99人,众创科技
深圳,Android,37.5,经验不限,本科,移动互联网,D轮及以上,10000人以上,今日头条
深圳,Android开发工程师,16.5,3-5年,本科,医疗健康,A轮,500-999人,碳云智能科技有限公司
深圳,Android,22.5,3-5年,本科,互联网,不需要融资,10000人以上,OPPO
深圳,Android,1.5,应届生,学历不限,计算机软件,未融资,20-99人,艺之都
深圳,Android,10.5,1-3年,本科,媒体,已上市,100-499人,北京流金岁月
深圳,安卓工程师,11.0,3-5年,大专,计算机软件,已上市,10000人以上,中软国际
深圳,安卓,11.5,3-5年,大专,贸易/进出口,未融资,100-499人,赤骥商贸有限公司
深圳,Android（农服）,22.5,3-5年,本科,互联网,不需要融资,1000-9999人,大疆创新
深圳,Android,11.5,经验不限,本科,计算机软件,,0-20人,栽诚科技
深圳,Android,17.0,3-5年,本科,互联网,未融资,20-99人,小柚互动
深圳,android,20.0,5-10年,学历不限,互联网,A轮,20-99人,壹时尚互联科技
深圳,Android,9.5,1-3年,大专,贸易/进出口,,100-499人,赤骥
深圳,安卓,11.0,1-3年,大专,计算机软件,未融资,100-499人,深圳鼎驰科技
深圳,Android,11.0,3-5年,本科,移动互联网,天使轮,20-99人,友范管家
深圳,Android,14.0,1-3年,本科,互联网,未融资,0-20人,壁虎传媒
深圳,Android程序员,12.0,1-3年,大专,互联网,未融资,100-499人,汇新云
深圳,Android,15.0,3-5年,本科,在线教育,A轮,20-99人,虎刺怕
深圳,Android,10.5,1-3年,本科,互联网,未融资,20-99人,虎克软件
深圳,Android,7.5,1-3年,大专,广告营销,,20-99人,亿微科技
深圳,Android,15.0,1-3年,大专,移动互联网,未融资,0-20人,粤好科技
深圳,Android,12.0,1-3年,本科,计算机软件,未融资,10000人以上,软通动力
深圳,Android,15.0,3-5年,本科,媒体,天使轮,20-99人,沸腾文化传媒
深圳,Android,6.0,1年以内,本科,移动互联网,未融资,0-20人,原上风
深圳,Android工具开发,12.5,1-3年,本科,在线教育,B轮,1000-9999人,阿卡索外教网
深圳,android工程师,12.5,1-3年,大专,互联网,天使轮,500-999人,盼游
深圳,Android,12.5,3-5年,大专,贸易/进出口,,100-499人,赤骥
深圳,Android,11.0,1-3年,本科,计算机软件,未融资,20-99人,深圳普盛软件
深圳,安卓驱动工程师,22.5,经验不限,本科,互联网,不需要融资,10000人以上,OPPO
深圳,Android开发工程师,12.5,1年以内,本科,计算机软件,不需要融资,1000-9999人,城投集团
深圳,安卓开发工程师,12.5,1-3年,本科,计算机软件,未融资,10000人以上,软通动力
深圳,Android开发,12.0,1-3年,本科,计算机软件,已上市,1000-9999人,博彦科技
深圳,Android,12.0,1-3年,本科,电子商务,不需要融资,20-99人,易达
深圳,安卓开发,6.5,1年以内,本科,计算机软件,不需要融资,0-20人,壹线科技
深圳,android软件工程师,11.5,1-3年,本科,电子/半导体/集成电路,未融资,1000-9999人,阿龙电子
深圳,Android,16.0,3-5年,本科,计算机软件,已上市,10000人以上,中软国际
深圳,Android,26.5,1-3年,本科,互联网,已上市,10000人以上,百度
深圳,安卓 framework,11.5,经验不限,学历不限,智能硬件,,20-99人,紫旗
深圳,安卓工程师,11.5,3-5年,大专,在线教育,B轮,1000-9999人,阿卡索外教网
深圳,安卓开发,15.0,3-5年,本科,计算机软件,未融资,10000人以上,软通动力
深圳,Android开发,12.0,3-5年,大专,计算机软件,B轮,1000-9999人,慧博云通
深圳,安卓开发工程师,9.0,1年以内,本科,电子商务,未融资,100-499人,快销易
深圳,Android开发工程师,19.0,经验不限,本科,计算机软件,不需要融资,1000-9999人,上海微创软件
深圳,安卓应用工程师（性能方向）,21.0,3-5年,本科,通信/网络设备,不需要融资,1000-9999人,TCL通讯
深圳,Android高级开发工程师,15.0,3-5年,大专,互联网,未融资,100-499人,汇新云
深圳,iOS及安卓工程师,10.5,3-5年,学历不限,计算机软件,未融资,20-99人,壹八科技
深圳,Android高级研发工程师,22.5,3-5年,本科,互联网,已上市,10000人以上,百度
深圳,Android开发,12.5,3-5年,大专,移动互联网,不需要融资,1000-9999人,北京慧博科技有限公司
深圳,Android开发工程师,30.0,经验不限,本科,互联网,不需要融资,10000人以上,OPPO
深圳,Android合伙人,15.0,3-5年,大专,移动互联网,天使轮,0-20人,小唐有为
深圳,安卓开发工程师,12.0,3-5年,大专,计算机软件,B轮,1000-9999人,慧博云通
深圳,Android应用开发工程师,12.0,1-3年,大专,在线教育,未融资,20-99人,华企科技
深圳,Android高级研发工程师,16.0,3-5年,本科,计算机软件,不需要融资,1000-9999人,上海微创软件
深圳,安卓开发工程师,14.0,3-5年,大专,计算机软件,不需要融资,1000-9999人,武汉佰钧成
深圳,安卓工程师,14.5,3-5年,本科,广告营销,A轮,20-99人,深圳易售科技有限公司
深圳,Android开发工程师,14.0,3-5年,大专,互联网,不需要融资,0-20人,艾速科技
深圳,Android驱动工程师,11.5,1-3年,大专,电子/半导体/集成电路,未融资,1000-9999人,阿龙电子
深圳,android开发,10.5,1-3年,本科,计算机软件,已上市,1000-9999人,isoftstone
深圳,Android,7.5,3-5年,学历不限,移动互联网,,0-20人,易道天下
深圳,Android,22.5,3-5年,本科,互联网,C轮,1000-9999人,货拉拉科技
深圳,高级Android,25.0,5-10年,本科,互联网,B轮,20-99人,乐播科技
深圳,Android,15.0,1-3年,本科,计算机软件,已上市,10000人以上,中软国际
深圳,Android系统架构师（Framework方向）,30.0,3-5年,本科,通信/网络设备,不需要融资,1000-9999人,TCL通讯
深圳,Android高级研发工程师,22.5,1-3年,本科,互联网,已上市,10000人以上,百度
深圳,Android开发工程师,27.5,3-5年,本科,互联网,不需要融资,10000人以上,OPPO
深圳,安卓程序员,8.5,经验不限,学历不限,电子商务,不需要融资,100-499人,快销易电子商务
深圳,高级android驱动工程师,35.0,经验不限,本科,互联网,不需要融资,10000人以上,OPPO
深圳,Android开发工程师,15.0,3-5年,本科,互联网,不需要融资,1000-9999人,银盛支付
深圳,Android开发（深圳）,13.0,3-5年,大专,计算机软件,B轮,1000-9999人,慧博云通
深圳,安卓开发,15.0,3-5年,本科,电子商务,未融资,100-499人,宝升电子商务
深圳,Android程序员,10.0,1-3年,本科,工程施工,未融资,100-499人,租客网
深圳,Android安卓工程师,15.0,3-5年,本科,计算机软件,不需要融资,10000人以上,软通动力信息技术集团
深圳,android测试工程师,22.5,3-5年,本科,通信/网络设备,不需要融资,1000-9999人,TCL通讯
深圳,Android开发工程师,13.5,3-5年,本科,计算机软件,不需要融资,1000-9999人,雁联技术
深圳,安卓测试工程师,21.0,3-5年,本科,通信/网络设备,不需要融资,1000-9999人,TCL通讯
深圳,Android,15.0,1-3年,本科,移动互联网,天使轮,0-20人,智本科技
深圳,Android 开发,22.0,3-5年,本科,移动互联网,不需要融资,100-499人,无极云区块链互联网
深圳,Android高级研发工程师,22.5,经验不限,本科,互联网,A轮,100-499人,即构科技zego
深圳,Android,12.0,3-5年,大专,计算机服务,不需要融资,20-99人,龙得水信息
深圳,Android开发工程师,12.5,3-5年,本科,互联网,A轮,100-499人,七分钱支付
深圳,安卓高级开发工程师,22.5,1-3年,本科,互联网,已上市,10000人以上,百度
深圳,Android高级工程師,22.5,5-10年,学历不限,游戏,A轮,20-99人,QooApp
深圳,Android开发工程师,22.5,经验不限,本科,互联网金融,已上市,10000人以上,金服银行科技中心
深圳,安卓/andriod,15.0,1-3年,本科,计算机软件,未融资,10000人以上,软通动力
深圳,安卓系统开发工程师,15.0,3-5年,本科,计算机软件,B轮,1000-9999人,慧博云通
深圳,Android,13.0,1年以内,本科,移动互联网,未融资,0-20人,老雷科技
深圳,Android,15.0,5-10年,本科,通信/网络设备,已上市,1000-9999人,天珑移动
深圳,Android资深开发工程师,37.5,5-10年,本科,互联网,不需要融资,10000人以上,OPPO
深圳,Android高级工程师,16.5,3-5年,本科,医疗健康,未融资,100-499人,普特医学
深圳,Android,12.5,3-5年,本科,计算机软件,已上市,1000-9999人,金证股份
深圳,Android高级开发工程师,30.0,3-5年,本科,互联网,不需要融资,10000人以上,OPPO
深圳,Android应用开发工程师,20.0,3-5年,本科,移动互联网,D轮及以上,500-999人,酷开
深圳,安卓软件工程师,15.0,3-5年,本科,智能硬件,未融资,20-99人,凯佳达
深圳,Android,15.0,3-5年,本科,计算机软件,未融资,100-499人,浩科
深圳,Android,19.0,经验不限,本科,互联网,已上市,10000人以上,百度
深圳,安卓开发工程师,9.0,1-3年,大专,贸易/进出口,未融资,100-499人,赤骥商贸有限公司
深圳,Android开发工程师,14.0,3-5年,本科,通信/网络设备,未融资,100-499人,卓纬科技
深圳,Android开发工程师,14.0,3-5年,本科,数据服务,,100-499人,迈科龙
深圳,Android系统研发工程师,27.0,经验不限,本科,计算机软件,未融资,10000人以上,软通动力
深圳,Android,30.0,1-3年,本科,移动互联网,不需要融资,10000人以上,vivo
深圳,Android应用开发工程师,22.5,3-5年,本科,互联网,不需要融资,10000人以上,OPPO
深圳,Android开发工程师,8.5,1-3年,大专,互联网,未融资,100-499人,天地网通
深圳,安卓软件工程师,9.0,1-3年,大专,智能硬件,,20-99人,紫旗
深圳,高级安卓开发工程师,25.0,3-5年,本科,电子商务,已上市,1000-9999人,环球易购
深圳,Android开发,15.0,1-3年,本科,计算机软件,天使轮,20-99人,大科
深圳,安卓开发工程师,16.0,3-5年,本科,计算机软件,不需要融资,100-499人,招银云创
深圳,Android,19.5,3-5年,本科,移动互联网,A轮,20-99人,小马立行
深圳,Android研发工程师,17.0,1年以内,本科,智能硬件,未融资,100-499人,中联创新
深圳,Android,17.5,3-5年,本科,移动互联网,,20-99人,凯旋通讯
深圳,Android开发工程师,4.5,应届生,大专,移动互联网,未融资,0-20人,鲤晟科技
深圳,应用宝Android终端开发工程师,22.5,1-3年,本科,互联网,已上市,10000人以上,腾讯
深圳,Android软件工程师,11.5,1-3年,大专,智能硬件,不需要融资,0-20人,沃锐
深圳,Android,7.5,1-3年,本科,智能硬件,不需要融资,20-99人,智助星科技
深圳,高级测试工程师 安卓方向,22.5,1-3年,本科,互联网,不需要融资,10000人以上,OPPO
深圳,安卓高级工程师,35.0,3-5年,硕士,社交网络,A轮,20-99人,艾姆拜氪
深圳,Android,15.0,1-3年,大专,在线教育,不需要融资,20-99人,青藤时代教育科技
深圳,Android开发工程师,15.0,3-5年,大专,移动互联网,天使轮,20-99人,深圳智必选科技有...
深圳,安卓底层开发,11.5,3-5年,本科,移动互联网,A轮,100-499人,卡为集团
深圳,Android,15.0,1-3年,本科,医疗健康,,20-99人,东慷生活
深圳,安卓开发工程师,15.0,3-5年,本科,计算机软件,不需要融资,0-20人,壹线科技
深圳,Android开发工程师,17.5,3-5年,本科,医疗健康,A轮,20-99人,深圳中迈数字医疗...
深圳,安卓开发支持岗,8.0,1-3年,大专,计算机软件,未融资,10000人以上,软通动力
深圳,Android安全攻防工程师,30.0,3-5年,本科,互联网,不需要融资,10000人以上,OPPO
深圳,Android OCR识别App,15.0,1-3年,本科,仪器仪表/工业自动化,不需要融资,0-20人,德沃仪器
深圳,Android开发工程师,14.0,3-5年,大专,移动互联网,D轮及以上,500-999人,点购集团
深圳,安卓开发工程师,13.0,1-3年,本科,智能硬件,A轮,20-99人,大道智创
深圳,Android中高级工程师,15.0,经验不限,本科,移动互联网,天使轮,0-20人,小唐有为
深圳,Android开发工程师,15.0,3-5年,本科,移动互联网,不需要融资,20-99人,云舟
深圳,android app开发,8.5,1-3年,大专,电子/半导体/集成电路,不需要融资,100-499人,顶力视听
深圳,iOS/Android高级研发工程师,22.5,3-5年,本科,移动互联网,B轮,100-499人,小恩爱
深圳,Android开发工程师,11.5,3-5年,大专,互联网金融,不需要融资,20-99人,伯符投资
深圳,Android开发工程师,15.0,3-5年,大专,O2O,不需要融资,0-20人,木拉科技
深圳,Android 开发工程师,11.5,3-5年,本科,电子商务,未融资,100-499人,熊购到家
深圳,Android 驱动工程师,11.5,3-5年,本科,计算机软件,天使轮,0-20人,玖睿科技
深圳,Android,15.0,3-5年,大专,计算机软件,未融资,100-499人,致力达成科技有限公司
深圳,Android开发工程师,12.5,1-3年,本科,互联网,不需要融资,20-99人,小鱼区块链
深圳,Android工程师,10.0,1-3年,大专,社交网络,不需要融资,20-99人,芮琪传媒
深圳,安卓开发工程师,15.0,3-5年,大专,智能硬件,未融资,20-99人,凯佳达
深圳,高级测试工程师（Android方向）,22.5,3-5年,本科,互联网,不需要融资,10000人以上,OPPO
深圳,Android开发工程师,10.5,1-3年,大专,移动互联网,,0-20人,猎风科技
深圳,安卓开发工程师,11.5,3-5年,本科,计算机软件,不需要融资,20-99人,泽亿科技
深圳,安卓软件开发工程师,22.5,1-3年,本科,互联网,不需要融资,10000人以上,OPPO
深圳,Android开发工程师,14.0,3-5年,大专,移动互联网,A轮,20-99人,逗拍
深圳,iOS Android 开发,12.0,经验不限,学历不限,智能硬件,天使轮,0-20人,引力创新
深圳,APP研发-Android开发,12.5,3-5年,大专,在线教育,B轮,1000-9999人,阿卡索外教网
深圳,Android开发工程师,11.5,1-3年,本科,通信/网络设备,未融资,100-499人,卓纬科技
深圳,安卓开发工程师,15.5,5-10年,本科,移动互联网,未融资,20-99人,尼欧科技
深圳,Android开发工程师,10.5,1-3年,本科,互联网,,0-20人,Siring思锐
深圳,安卓网络工程师,8.5,1-3年,大专,智能硬件,,20-99人,紫旗
深圳,高级android开发工程师,27.5,3-5年,本科,互联网,不需要融资,10000人以上,OPPO
深圳,安卓开发工程师,20.0,1-3年,本科,互联网,已上市,10000人以上,百度
深圳,Android,11.5,3-5年,本科,移动互联网,天使轮,20-99人,云书包
深圳,Android,30.0,1-3年,本科,互联网,不需要融资,10000人以上,OPPO
深圳,安卓开发工程师,11.5,3-5年,本科,移动互联网,未融资,20-99人,存爱网络
深圳,Android開發,14.0,1-3年,本科,智能硬件,未融资,0-20人,凝方绿能
深圳,android开发工程师,15.0,3-5年,本科,移动互联网,A轮,20-99人,小马立行
深圳,Android,12.5,1-3年,本科,通信/网络设备,天使轮,0-20人,深圳海通高科电子
深圳,Android开发,16.5,3-5年,本科,计算机软件,未融资,10000人以上,软通动力
深圳,MIG03-腾讯Android开发工程师,22.5,3-5年,本科,互联网,已上市,10000人以上,腾讯
深圳,Android开发工程师,10.5,1-3年,本科,电子商务,不需要融资,0-20人,软金数据
深圳,Android TV软件工程师,9.0,1-3年,本科,物流/仓储,未融资,0-20人,智之祺科技
深圳,安卓系统软件工程师,13.5,3-5年,大专,智能硬件,不需要融资,20-99人,天诺科技
深圳,Android开发工程师,11.5,1-3年,本科,计算机软件,不需要融资,20-99人,深脑科技
深圳,安卓,8.0,1-3年,大专,智能硬件,A轮,20-99人,安居星
深圳,Android APP开发工程师,12.5,1-3年,本科,新零售,未融资,100-499人,深圳市中通视际实...
深圳,Android,13.0,3-5年,本科,计算机软件,不需要融资,100-499人,浩翰星河
深圳,Android开发工程师,11.5,3-5年,本科,物流/仓储,未融资,20-99人,云带网
深圳,嵌入式Android开发工程师,25.0,3-5年,本科,移动互联网,B轮,100-499人,码隆科技
深圳,Android研发工程师,20.0,3-5年,大专,计算机软件,未融资,10000人以上,软通动力
深圳,Android开发工程师,19.5,1-3年,本科,计算机软件,已上市,10000人以上,中软国际
深圳,短视频Android开发,25.5,3-5年,本科,互联网,已上市,10000人以上,腾讯
深圳,Android开发高级/资深工程师,45.0,经验不限,本科,移动互联网,D轮及以上,10000人以上,今日头条
深圳,Android app软件工程师,11.5,3-5年,本科,计算机软件,天使轮,0-20人,玖睿科技
深圳,android开发工程师助理,4.5,1年以内,大专,计算机软件,不需要融资,20-99人,金龙锋科技
深圳,Android,11.0,经验不限,大专,智能硬件,未融资,0-20人,锐捷车联
深圳,高级android系统工程师,28.5,经验不限,本科,互联网,不需要融资,10000人以上,OPPO
深圳,安卓Android开发工程师 中端,15.0,3-5年,本科,计算机软件,未融资,10000人以上,软通动力
深圳,安卓工程师,8.0,经验不限,大专,移动互联网,不需要融资,0-20人,深圳六瓣科技
深圳,Android,12.5,1-3年,大专,社交网络,不需要融资,20-99人,逗娱科技
深圳,安卓驱动工程师,12.5,5-10年,大专,智能硬件,B轮,100-499人,（深圳）云智
深圳,腾讯音乐Android高级工程师（深圳）,25.5,1-3年,本科,互联网,已上市,10000人以上,腾讯
深圳,Android,15.0,1-3年,本科,汽车生产,,20-99人,智启程科技
深圳,测试开发工程师（Android终端平台）,23.0,1-3年,本科,互联网,不需要融资,10000人以上,OPPO
深圳,Android高级工程师,25.0,3-5年,本科,医疗健康,A轮,500-999人,深圳碳云智能
深圳,安卓工程师,15.0,3-5年,本科,计算机软件,已上市,1000-9999人,金证股份
深圳,Android工程师,16.0,3-5年,本科,互联网,已上市,500-999人,深圳远望谷
深圳,Android开发工程师,22.5,经验不限,本科,互联网金融,已上市,10000人以上,国信证券
深圳,Android工程师,19.5,3-5年,本科,智能硬件,D轮及以上,1000-9999人,深圳市锐明技术
深圳,Android 开发工程师--直播,10.0,1-3年,本科,互联网,天使轮,20-99人,乐腾科技
深圳,Android,15.5,5-10年,大专,计算机软件,,100-499人,亿腾信息科技有限公司
深圳,Android,9.5,1-3年,大专,互联网,不需要融资,20-99人,中福通联
深圳,Android开发工程师,12.5,1-3年,本科,电子商务,,20-99人,兆信网络科技
深圳,Android,21.5,5-10年,大专,计算机软件,已上市,10000人以上,中软国际
深圳,安卓软件开发工程师,22.5,经验不限,本科,互联网,不需要融资,10000人以上,OPPO
深圳,android工程师,8.5,1-3年,大专,移动互联网,C轮,500-999人,东信时代
深圳,安卓开发工程师,15.0,3-5年,大专,智能硬件,未融资,20-99人,凯佳达
深圳,Android开发工程师,30.0,经验不限,本科,移动互联网,不需要融资,10000人以上,vivo
深圳,安卓工程师,7.0,1-3年,大专,信息安全,不需要融资,20-99人,宝士德
深圳,多媒体Android平台研发工程师,31.5,1-3年,本科,移动互联网,D轮及以上,10000人以上,今日头条
深圳,Android,18.0,1-3年,本科,计算机软件,未融资,0-20人,摩尔声学科技有限公司
深圳,高级android工程师,25.0,5-10年,本科,互联网,B轮,500-999人,UBTECH
深圳,安卓开发,15.0,1-3年,本科,计算机软件,未融资,10000人以上,软通动力
深圳,Android开发工程师,20.0,3-5年,大专,计算机软件,未融资,10000人以上,软通动力
深圳,Android开发,21.0,1-3年,本科,计算机软件,已上市,10000人以上,中软国际
深圳,安卓开发工程师,15.0,经验不限,大专,智能硬件,未融资,20-99人,凯佳达
深圳,Android开放工程师,10.5,1-3年,大专,互联网,天使轮,20-99人,租无忧
深圳,架构师/资深测试开发（Android终端),45.0,3-5年,本科,互联网,不需要融资,10000人以上,OPPO
深圳,安卓工程师,12.5,1-3年,本科,智能硬件,A轮,500-999人,中航信息
深圳,汽车和出行行业高级Android研发工程师,25.0,3-5年,本科,互联网,已上市,10000人以上,腾讯
深圳,Android,15.0,1年以内,本科,移动互联网,,0-20人,微米富
深圳,安卓和IOS APP开发工程师,11.5,1-3年,大专,医疗健康,不需要融资,100-499人,葆威道
深圳,Android工程师,15.0,3-5年,大专,互联网金融,未融资,20-99人,生银万国
深圳,Android,12.5,3-5年,本科,互联网,A轮,20-99人,田地科技
深圳,安卓开发工程师,11.5,1-3年,本科,互联网,,0-20人,唯诺百川
深圳,android驱动工程师,30.5,1-3年,本科,移动互联网,不需要融资,10000人以上,vivo
深圳,安卓工程师,15.0,1-3年,本科,计算机软件,未融资,10000人以上,软通动力
深圳,安卓开发,10.0,1-3年,大专,计算机软件,已上市,10000人以上,中软国际
深圳,安卓工程师,11.5,1-3年,本科,移动互联网,不需要融资,100-499人,博奥特
深圳,安卓系统 驱动工程师,15.0,1-3年,大专,智能硬件,,0-20人,安洁尔科技有限公司
深圳,Android开发工程师,15.0,1-3年,本科,通信/网络设备,不需要融资,1000-9999人,TP-LINK
深圳,android工程师,13.5,经验不限,本科,互联网,已上市,100-499人,来邦科技
深圳,Android软件开发工程师,22.5,3-5年,本科,互联网,不需要融资,10000人以上,OPPO
深圳,Android开发,11.5,1-3年,本科,计算机软件,未融资,10000人以上,软通动力
深圳,APP开发工程师（android）,7.5,1-3年,大专,计算机软件,不需要融资,20-99人,金龙锋科技
深圳,Android开发工程师,8.5,1-3年,大专,互联网,天使轮,100-499人,品创集团
深圳,Android,20.0,经验不限,本科,家具/家电/家居,,10000人以上,创维-RGB电子
深圳,Android开发工程师,15.0,经验不限,本科,互联网,不需要融资,500-999人,路通网络
深圳,安卓驱动工程师,12.0,经验不限,大专,计算机软件,,100-499人,晨芯时代
深圳,Android系统/Framework工程师,18.5,3-5年,本科,计算机软件,未融资,100-499人,浩科
深圳,Android开发工程师,27.0,1-3年,本科,智能硬件,D轮及以上,10000人以上,大疆创新
深圳,Android开发工程师,20.0,3-5年,本科,互联网金融,不需要融资,1000-9999人,恒信永利
深圳,安卓工程师,12.5,3-5年,本科,互联网金融,天使轮,100-499人,中盈汇
深圳,Android开发工程师,20.0,1年以内,本科,移动互联网,D轮及以上,10000人以上,今日头条
深圳,Android开发工程师,17.5,3-5年,本科,移动互联网,A轮,500-999人,深圳来电科技有限公司
深圳,Android开发工程师,18.0,经验不限,学历不限,计算机软件,已上市,10000人以上,中软国际
深圳,android通信工程师,30.0,3-5年,本科,移动互联网,不需要融资,10000人以上,vivo
深圳,Android框架工程师,19.5,5-10年,本科,智能硬件,D轮及以上,1000-9999人,深圳市锐明技术
深圳,Android开发,22.5,1-3年,本科,互联网,已上市,10000人以上,腾讯
深圳,安卓开发工程师,10.0,1-3年,本科,电子商务,不需要融资,100-499人,三世缘
深圳,Android,13.0,3-5年,大专,智能硬件,A轮,0-20人,易联视通
深圳,安卓开发,14.5,3-5年,大专,计算机软件,不需要融资,1000-9999人,雁联技术
深圳,安卓逆向工程师,15.0,1-3年,大专,电子商务,A轮,500-999人,中鹏联合
深圳,安卓开发工程师,19.0,3-5年,本科,计算机软件,未融资,10000人以上,软通动力
深圳,Android开发工程师,20.0,1年以内,本科,移动互联网,D轮及以上,10000人以上,今日头条
深圳,Android架构师,45.0,5-10年,本科,互联网金融,已上市,10000人以上,金服银行科技中心
深圳,android开发工程师（南山区）,12.5,3-5年,大专,计算机软件,不需要融资,0-20人,南京爱码哥教育科...
深圳,Android系统安全工程师,22.5,3-5年,本科,互联网,不需要融资,10000人以上,OPPO
深圳,Android开发工程师,12.5,3-5年,大专,智能硬件,未融资,100-499人,深圳品网科技有限...
深圳,Android应用开发工程师,30.0,3-5年,本科,移动互联网,不需要融资,10000人以上,vivo
深圳,Android,9.0,3-5年,本科,音乐/视频/阅读,A轮,0-20人,华创振新科技
深圳,Android,25.0,5-10年,本科,移动互联网,天使轮,20-99人,货车宝科技
深圳,安卓工程师,16.5,3-5年,本科,移动互联网,未融资,100-499人,壹捌无限公司
深圳,安卓开发,10.0,1-3年,本科,音乐/视频/阅读,A轮,20-99人,Miss
深圳,Android开发工程师,15.5,3-5年,本科,计算机软件,已上市,1000-9999人,金证股份
深圳,安卓开发工程师,13.5,1-3年,本科,计算机软件,已上市,10000人以上,中软国际
深圳,安卓工程师,22.5,1-3年,本科,互联网,已上市,10000人以上,百度
深圳,安卓开发工程师,30.0,5-10年,本科,游戏,不需要融资,500-999人,玩呗娱乐
深圳,android开发,13.0,3-5年,本科,计算机软件,未融资,500-999人,南京融翼
深圳,Android开发工程师,12.5,1-3年,本科,移动互联网,不需要融资,1000-9999人,深圳科蓝金信
深圳,Android工程师,22.5,3-5年,本科,互联网,未融资,20-99人,新科聚合
深圳,Android开发工程师,11.5,1-3年,大专,互联网,不需要融资,20-99人,酷炫游
深圳,安卓（Android）开发工程师,17.5,3-5年,大专,电子商务,未融资,20-99人,万臣国际
深圳,安卓高级研发工程师,22.5,3-5年,本科,计算机软件,未融资,10000人以上,软通动力
深圳,Android程序员,10.0,3-5年,大专,工程施工,未融资,100-499人,租客网
深圳,Android应用开发工程师,20.0,5-10年,本科,移动互联网,D轮及以上,500-999人,酷开
深圳,高薪诚聘——安卓APP开发工程师,9.0,3-5年,本科,互联网,天使轮,20-99人,数本科技
深圳,Android架构师,31.0,5-10年,本科,智能硬件,A轮,20-99人,心流科技
深圳,Android工程师（支付SDK开发）,10.0,1-3年,大专,游戏,未融资,20-99人,泉水叮咚
深圳,Android高级软件开发工程师,22.5,3-5年,本科,互联网,不需要融资,10000人以上,OPPO
深圳,android工程师,9.5,1-3年,本科,仪器仪表/工业自动化,未融资,100-499人,佳思德科技有限公司
深圳,Android开发,15.0,3-5年,大专,互联网,,1000-9999人,鼎鼎赞
深圳,Android工程师,14.0,1-3年,本科,移动互联网,A轮,0-20人,以太科技
深圳,Android软件工程师,17.5,3-5年,大专,电子/半导体/集成电路,,100-499人,国祥安
深圳,Android,11.0,3-5年,本科,互联网,A轮,0-20人,农贸方舟
深圳,Android驱动工程师,12.0,3-5年,本科,智能硬件,不需要融资,1000-9999人,中控智慧
深圳,Android测试专家,30.0,5-10年,本科,互联网,不需要融资,10000人以上,OPPO
深圳,Android开发工程师,12.5,1-3年,本科,电子/半导体/集成电路,,100-499人,深圳市蓝禾照明
深圳,Android,13.5,经验不限,大专,新零售,A轮,20-99人,门王国际
深圳,Android开发工程师,22.5,3-5年,本科,移动互联网,B轮,500-999人,深圳云天励飞
深圳,Java安卓开发,9.0,1年以内,本科,智能硬件,,20-99人,瑧峰科技
深圳,Android开发工程师-深圳-00337,22.5,5-10年,本科,互联网,已上市,1000-9999人,有赞
深圳,Android开发经理,24.0,5-10年,本科,移动互联网,天使轮,0-20人,仝安技术
深圳,(Android/iOS)研发工程师,35.0,经验不限,本科,互联网,已上市,10000人以上,百度
深圳,Android,12.0,1-3年,本科,互联网,已上市,100-499人,来邦科技
深圳,Android技术经理,32.5,5-10年,本科,互联网,B轮,500-999人,UBTECH
深圳,Android安全业务工程师,45.0,1-3年,本科,移动互联网,不需要融资,10000人以上,vivo
深圳,安卓开发工程师,10.5,1-3年,本科,计算机软件,不需要融资,20-99人,汇龙奕润
深圳,安卓开发工程师,22.5,经验不限,本科,互联网,不需要融资,10000人以上,OPPO
深圳,Android,12.5,3-5年,大专,移动互联网,A轮,20-99人,深圳付贝科技有限公司
杭州,Android,37.5,3-5年,本科,互联网,已上市,10000人以上,阿里巴巴集团
杭州,Android,15.0,3-5年,本科,计算机软件,已上市,10000人以上,海康威视
杭州,Android,15.5,1-3年,本科,计算机软件,已上市,10000人以上,杭州海康威视
杭州,Android,22.5,3-5年,本科,互联网,已上市,1000-9999人,有赞
杭州,安卓,12.5,3-5年,大专,电子商务,B轮,500-999人,浙江甄优智能科技
杭州,安卓开发工程师,11.5,3-5年,本科,计算机软件,天使轮,20-99人,杭州南开承盛
杭州,Android,12.5,3-5年,本科,互联网,未融资,20-99人,天机
杭州,安卓,18.0,5-10年,本科,计算机软件,,100-499人,联运知慧科技
杭州,Android,7.5,1-3年,本科,互联网,天使轮,20-99人,百倍云
杭州,【安卓工程师】,12.5,1-3年,本科,互联网金融,未融资,500-999人,汇创
杭州,android开发工程师,11.5,1-3年,本科,互联网,天使轮,100-499人,小呗网络
杭州,Android开发工程师,15.0,3-5年,大专,投资/融资,不需要融资,100-499人,驿道
杭州,Android,18.0,3-5年,本科,互联网,A轮,100-499人,钱兔网络
杭州,Android,15.0,1-3年,本科,企业服务,天使轮,20-99人,企智互联
杭州,Android,15.0,1-3年,大专,移动互联网,天使轮,100-499人,杭州新苗网络
杭州,Android,12.5,1-3年,本科,音乐/视频/阅读,不需要融资,0-20人,怡阅文化
杭州,高级Android,15.0,3-5年,本科,互联网,不需要融资,1000-9999人,施强教育科技
杭州,高级Android,28.0,5-10年,本科,互联网,不需要融资,1000-9999人,易诚互动
杭州,Android,14.0,1-3年,本科,移动互联网,不需要融资,20-99人,众望科技
杭州,Android,15.0,1-3年,本科,电子商务,A轮,100-499人,徐娜拉电商
杭州,Android,15.0,3-5年,本科,移动互联网,不需要融资,20-99人,知轮科技
杭州,Android,12.5,1-3年,本科,移动互联网,,0-20人,小宁科技
杭州,Android开发工程师,10.5,1-3年,大专,游戏,不需要融资,20-99人,万材科技
杭州,Android,11.5,1年以内,本科,互联网,不需要融资,20-99人,来一板
杭州,Android,15.0,3-5年,本科,互联网,不需要融资,20-99人,科顿智能科技
杭州,Android,14.0,3-5年,本科,计算机软件,不需要融资,0-20人,佳港网络
杭州,Android,12.5,1-3年,本科,移动互联网,不需要融资,20-99人,杭州猫尚科技
杭州,Android,10.0,1-3年,本科,通信/网络设备,未融资,20-99人,阿启视
杭州,Android,12.5,1-3年,本科,计算机软件,未融资,20-99人,Launcher
杭州,Android,10.5,1-3年,大专,移动互联网,不需要融资,20-99人,聪明理财网
杭州,Android,12.5,1-3年,大专,数据服务,未融资,0-20人,易享节能
杭州,高级Android工程师/专家,22.5,3-5年,本科,互联网,C轮,10000人以上,蚂蚁金服
杭州,Android,16.0,1-3年,本科,移动互联网,B轮,100-499人,小影
杭州,Android技术专家/高级技术专家,30.0,3-5年,本科,互联网,D轮及以上,1000-9999人,优酷土豆
杭州,Android开发,15.0,1-3年,本科,移动互联网,天使轮,20-99人,粉多多
杭州,Android高级工程师,22.5,3-5年,本科,汽车生产,已上市,10000人以上,吉利集团
杭州,Android,12.5,1-3年,本科,计算机软件,已上市,10000人以上,海康威视
杭州,Android,16.0,3-5年,大专,互联网,C轮,500-999人,银盒宝成
杭州,Android,7.0,1年以内,本科,互联网,未融资,20-99人,亚速科技
杭州,安卓开发工程师,15.0,经验不限,本科,计算机软件,已上市,10000人以上,中软国际
杭州,Android客户端工程师,30.0,3-5年,本科,互联网,C轮,10000人以上,蚂蚁金服
杭州,安卓工程师,10.0,3-5年,本科,互联网,天使轮,20-99人,天细
杭州,Android开发,20.0,3-5年,大专,电子商务,未融资,100-499人,杭州安厨
杭州,Android开发工程师,14.0,1-3年,本科,计算机软件,已上市,10000人以上,海康威视
杭州,Android开发工程师,15.0,1-3年,本科,互联网金融,不需要融资,20-99人,杭州山羊科技
杭州,android&ios开发,8.5,1-3年,本科,计算机软件,天使轮,100-499人,超级科技
杭州,安卓工程师,17.0,1-3年,大专,电子商务,天使轮,0-20人,深圳知联网络科技...
杭州,Android技术专家,37.5,3-5年,本科,互联网,已上市,10000人以上,阿里巴巴集团
杭州,Android,37.5,3-5年,本科,互联网,C轮,10000人以上,蚂蚁金服
杭州,安卓开发工程师,22.5,经验不限,学历不限,互联网,已上市,1000-9999人,有赞
杭州,Android,18.0,3-5年,大专,计算机软件,已上市,500-999人,阿拉丁信息科技
杭州,安卓开发工程师,12.5,3-5年,大专,互联网,未融资,1000-9999人,汉克时代
杭州,Android开发工程师,10.5,3-5年,大专,计算机软件,B轮,1000-9999人,慧博云通
杭州,高级安卓工程师,21.0,3-5年,本科,计算机软件,不需要融资,100-499人,学海教育
杭州,Android开发工程师,14.0,3-5年,本科,互联网,不需要融资,1000-9999人,回客科技
杭州,Android工程师,12.0,1-3年,大专,互联网,未融资,20-99人,古点科技
杭州,安卓开发工程师,15.0,3-5年,本科,互联网,不需要融资,500-999人,迪茉互联网科技公司
杭州,Android 开发,22.5,1-3年,大专,电子商务,未融资,100-499人,全球时刻
杭州,安卓,15.0,经验不限,本科,新能源,未融资,0-20人,智享新电
杭州,Android开发工程师,12.5,3-5年,大专,互联网,D轮及以上,500-999人,杭州海晨
杭州,Android开发工程师,30.0,3-5年,本科,互联网,已上市,1000-9999人,有赞
杭州,Android开发工程师,20.0,3-5年,本科,计算机软件,已上市,500-999人,阿拉丁信息科技
杭州,Android,15.0,经验不限,本科,互联网,已上市,10000人以上,浙江大华
杭州,Android,12.5,3-5年,大专,计算机软件,已上市,10000人以上,中软国际
杭州,android工程师,7.0,经验不限,学历不限,互联网,不需要融资,20-99人,金戈多传媒
杭州,安卓开发,16.5,3-5年,本科,互联网,A轮,100-499人,杭州滚马网络有限公司
杭州,Android,10.5,3-5年,大专,电子商务,天使轮,20-99人,尚衣会网络有限公司
杭州,Android开发（2019届）,2.5,应届生,本科,智能硬件,不需要融资,1000-9999人,杭州巨峰科技
杭州,Android开发工程师,8.5,1-3年,本科,移动互联网,不需要融资,20-99人,知轮科技
杭州,Android,10.5,1-3年,大专,计算机服务,未融资,100-499人,浙江索思科技有限...
杭州,Android工程师,20.0,3-5年,本科,互联网,不需要融资,20-99人,场景区块链
杭州,Android 开发,22.5,3-5年,大专,电子商务,未融资,100-499人,全球时刻
杭州,Android开发工程师,14.0,1-3年,本科,电子商务,天使轮,100-499人,销巴世界购物平台
杭州,安卓开发工程师,11.5,1-3年,本科,电子商务,不需要融资,100-499人,九牛网
杭州,Android软件工程师,15.0,1-3年,本科,智能硬件,天使轮,0-20人,晴光科技
杭州,Android 开发 ,15.0,3-5年,大专,生活服务,未融资,20-99人,云助理科技
杭州,Android,15.0,1-3年,本科,计算机软件,,20-99人,韩林威科技
杭州,Android开发工程师,15.5,3-5年,本科,互联网,不需要融资,100-499人,青友汇
杭州,资深Android开发工程师,20.5,5-10年,本科,移动互联网,D轮及以上,10000人以上,今日头条
杭州,Android,20.0,经验不限,本科,互联网,已上市,1000-9999人,有赞
杭州,Android研发工程师,19.0,3-5年,大专,计算机软件,已上市,500-999人,阿拉丁信息科技
杭州,Android开发工程师,12.0,1-3年,本科,互联网,不需要融资,100-499人,校开花
杭州,Android,12.0,3-5年,本科,移动互联网,未融资,100-499人,贰贰网络
杭州,资深android framework工程师,25.0,5-10年,本科,互联网,B轮,100-499人,当贝网络
杭州,Android开发工程师,9.0,1-3年,大专,在线教育,A轮,100-499人,音之舞
杭州,android开发工程师,12.5,1-3年,本科,互联网金融,未融资,100-499人,聚有财
杭州,Android开发工程师,11.5,1-3年,大专,计算机软件,未融资,100-499人,杭州京胜
杭州,Android开发,15.0,3-5年,大专,物流/仓储,未融资,100-499人,中通云仓
杭州,安卓工程师,9.0,3-5年,本科,计算机软件,未融资,10000人以上,软通动力
杭州,Android开发工程师,14.0,3-5年,本科,互联网,,100-499人,胖达信息技术
杭州,安卓开发工程师,15.0,1-3年,本科,电子商务,,20-99人,四季秀
杭州,Android工程师,17.5,3-5年,本科,互联网,D轮及以上,1000-9999人,宝宝树
杭州,安卓应用开发工程师,20.0,3-5年,本科,互联网,不需要融资,1000-9999人,亿咖通
杭州,Android开发工程师,12.5,1-3年,大专,互联网,未融资,20-99人,浙江爱诗黛
杭州,安卓开发工程师,22.5,3-5年,学历不限,互联网,A轮,20-99人,云犀
杭州,安卓开发,14.0,1-3年,本科,移动互联网,不需要融资,20-99人,众望科技
杭州,Android开发工程师,10.5,1-3年,本科,计算机软件,未融资,0-20人,杭州趣道科技有限公司
杭州,Android,12.5,1-3年,学历不限,互联网,不需要融资,0-20人,有众
杭州,Android系统工程师,30.0,5-10年,本科,计算机软件,不需要融资,10000人以上,华为
杭州,Android,8.0,1-3年,本科,企业服务,未融资,100-499人,远方科技
杭州,Android开发工程师,12.5,1-3年,本科,计算机软件,不需要融资,100-499人,杭州中奥科技有限公司
杭州,Android开发工程师,15.0,1-3年,本科,智能硬件,不需要融资,100-499人,鸿泉物联网
杭州,Android,12.5,1-3年,本科,互联网,未融资,0-20人,会觅科技
杭州,Android开发,11.5,1-3年,大专,计算机软件,不需要融资,0-20人,博月科技
杭州,Android,10.5,3-5年,本科,机械设备/机电/重工,,0-20人,知物数据
杭州,Android,12.5,3-5年,本科,计算机软件,B轮,100-499人,云沃客
杭州,Android实习生,4.5,1年以内,本科,移动互联网,不需要融资,0-20人,蒂范德
杭州,Android开发工程师,20.0,经验不限,学历不限,互联网,未融资,20-99人,第五元素信息科技
杭州,安卓开发工程师,15.0,3-5年,大专,新零售,天使轮,20-99人,白桃网络科技
杭州,Android,11.0,1-3年,本科,医疗健康,不需要融资,100-499人,医养网
杭州,安卓开发工程师,11.5,1-3年,大专,互联网,未融资,20-99人,联露科技
杭州,android开发工程师,30.0,经验不限,本科,互联网,已上市,10000人以上,阿里巴巴集团
杭州,资深Android工程师,22.5,3-5年,本科,互联网,A轮,1000-9999人,曹操专车
杭州,Android开发工程师,18.0,3-5年,大专,互联网,天使轮,20-99人,白桃说
杭州,安卓开发工程师,7.5,1-3年,本科,贸易/进出口,不需要融资,100-499人,亚洲红
杭州,Android开发工程师,13.0,3-5年,本科,互联网,A轮,100-499人,秀铂超级课堂
杭州,Android,11.5,1-3年,本科,互联网,未融资,20-99人,跑跑网
杭州,Android,12.0,3-5年,本科,互联网,已上市,1000-9999人,佰依衬布
杭州,Android开发工程师 --零售方向,22.5,3-5年,本科,互联网,已上市,1000-9999人,有赞
杭州,Android开发工程师-Open GL,22.5,1-3年,本科,数据服务,天使轮,20-99人,帷幄匠心
杭州,Android高级/资深/架构工程师,30.0,3-5年,本科,移动互联网,D轮及以上,10000人以上,滴滴出行
杭州,Android开发工程师,15.0,3-5年,本科,互联网金融,未融资,100-499人,聚有财
杭州,Android,22.5,1-3年,本科,互联网,C轮,10000人以上,蚂蚁金服
杭州,Android,12.5,3-5年,本科,移动互联网,天使轮,20-99人,杭州晨羽信息技术
杭州,资深Android,30.0,3-5年,本科,移动互联网,已上市,100-499人,腾展叮咚
杭州,资深Android开发工程师,17.5,5-10年,本科,互联网,B轮,100-499人,杭州东九网络
杭州,Android高级开发工程师,12.5,3-5年,大专,互联网,未融资,100-499人,实效一百
杭州,Android,11.5,1-3年,本科,互联网,A轮,100-499人,秀铂超级课堂
杭州,android,12.0,1-3年,本科,计算机软件,不需要融资,100-499人,希优科技
杭州,Android,9.5,1-3年,大专,智能硬件,不需要融资,0-20人,甄致科技
杭州,Android开发工程师,8.0,1-3年,大专,智能硬件,未融资,20-99人,谦一科技
杭州,资深Android开发工程师,27.0,3-5年,本科,移动互联网,天使轮,100-499人,抬手科技
杭州,Android开发工程师,10.0,1-3年,大专,互联网,天使轮,20-99人,会友科技
杭州,Android开发工程师,9.0,1-3年,大专,互联网,天使轮,20-99人,网贷天下
杭州,Android,11.5,经验不限,本科,智能硬件,未融资,0-20人,富从智能
杭州,Android开发工程师,11.5,1-3年,大专,互联网,未融资,20-99人,链合网络
杭州,Android,22.5,1-3年,本科,互联网,已上市,1000-9999人,有赞
杭州,Android开发工程师,15.0,1-3年,大专,物流/仓储,未融资,20-99人,心动快运
杭州,Android开发,12.5,1-3年,本科,互联网金融,未融资,100-499人,聚有财
杭州,安卓工程师（流媒体方向）,22.5,3-5年,大专,互联网,A轮,20-99人,云犀
杭州,高级安卓开发工程师,21.0,1-3年,大专,计算机软件,不需要融资,100-499人,学海教育
杭州,Android软件工程师,12.0,1-3年,本科,互联网,A轮,0-20人,牛视科技
杭州,iOS/Android开发工程师,9.0,1-3年,本科,互联网,未融资,20-99人,链合网络
杭州,Android,12.5,1-3年,本科,信息安全,不需要融资,0-20人,菲提亚
杭州,Android开发工程师,10.0,3-5年,本科,社交网络,天使轮,0-20人,蜜迩科技
杭州,安卓开发工程师,15.0,3-5年,本科,其他行业,未融资,20-99人,启飞智能科技有限公司
杭州,Android,9.0,1-3年,本科,计算机软件,,0-20人,阿聊
杭州,安卓开发工程师,12.5,3-5年,本科,移动互联网,不需要融资,20-99人,知轮科技
杭州,android,13.5,1-3年,本科,计算机软件,不需要融资,100-499人,卓梦芸创
杭州,Android前端开发,8.0,经验不限,本科,互联网,未融资,20-99人,链合网络
杭州,逆向/Xposed安卓开发,22.5,5-10年,学历不限,电子商务,不需要融资,20-99人,亿家安
杭州,Android,17.5,3-5年,本科,互联网,,20-99人,杭州沃懂
杭州,Android逆向,12.0,1-3年,学历不限,移动互联网,D轮及以上,20-99人,万商堂
杭州,安卓,7.0,1-3年,学历不限,计算机软件,不需要融资,20-99人,帝三仙
杭州,高级Android开发工程师,21.0,5-10年,大专,互联网,天使轮,20-99人,白桃说
杭州,Android,15.0,3-5年,本科,移动互联网,未融资,0-20人,络绎网络
杭州,Android,12.5,1-3年,本科,在线教育,未融资,20-99人,砺行教育
杭州,Android开发专家,37.5,5-10年,本科,互联网,A轮,1000-9999人,曹操专车
杭州,Android,9.0,3-5年,本科,智能硬件,未融资,0-20人,英锋电子科技
杭州,Android逆向,12.5,经验不限,本科,互联网,已上市,100-499人,哲信信息
杭州,Android开发,15.0,3-5年,本科,计算机服务,不需要融资,20-99人,溯博链鑫
杭州,Android高级开发工程师,17.5,3-5年,本科,移动互联网,未融资,20-99人,中钞研究院
杭州,安卓,15.0,1-3年,学历不限,新能源,未融资,0-20人,智享新电
杭州,Android,10.5,1-3年,本科,互联网,不需要融资,20-99人,智创星睿
杭州,Android,7.0,经验不限,本科,互联网,不需要融资,20-99人,松柏科技
杭州,Android,14.0,1-3年,本科,移动互联网,未融资,20-99人,瓯云科技
杭州,Android开发工程师,22.5,5-10年,本科,互联网,,20-99人,知坤科技
杭州,安卓,10.5,1-3年,本科,互联网金融,不需要融资,20-99人,杭州亿数
杭州,Android应用开发,15.5,3-5年,本科,计算机软件,已上市,10000人以上,海康威视
杭州,初级-安卓开发工程师,8.0,1-3年,大专,互联网,未融资,20-99人,古点科技
杭州,Android,15.0,1-3年,本科,计算机软件,未融资,500-999人,ArcSoft虹软公司
杭州,高级安卓开发工程师,12.5,3-5年,本科,互联网,未融资,100-499人,杭州恋家
杭州,ReactNative方向Android开发工程师,24.0,3-5年,本科,数据服务,天使轮,20-99人,帷幄匠心
杭州,Android,8.5,1-3年,大专,互联网,不需要融资,20-99人,杭州西野科技有限公司
杭州,Android高级工程师,22.5,5-10年,本科,智能硬件,C轮,500-999人,涂鸦智能
杭州,android开发工程师(输入法相关),13.0,经验不限,学历不限,移动互联网,不需要融资,0-20人,蒂范德
杭州,安卓开发工程师,15.0,3-5年,本科,智能硬件,B轮,500-999人,德施曼
杭州,Android,10.0,1年以内,本科,医疗健康,不需要融资,100-499人,医养网
杭州,Android开发设计师,15.0,1-3年,大专,互联网,未融资,20-99人,心动网络科技
杭州,Android系统工程师,15.0,1-3年,本科,智能硬件,天使轮,0-20人,晴光科技
杭州,Android开发工程师---共享技术,22.5,3-5年,本科,互联网,已上市,1000-9999人,有赞
杭州,Android,9.0,1-3年,大专,计算机软件,未融资,20-99人,老铁帮
杭州,Android高级开发工程师,20.0,3-5年,大专,互联网,,20-99人,杭州如梭科技有限...
杭州,安卓,9.5,1-3年,大专,移动互联网,不需要融资,20-99人,聪明理财网
杭州,安卓前端,17.5,1-3年,本科,计算机软件,未融资,20-99人,浙江九亨网络科技...
杭州,Android主管,30.0,3-5年,大专,互联网,不需要融资,100-499人,微之网
杭州,Android,13.0,3-5年,学历不限,计算机软件,不需要融资,20-99人,边缘科技有限公司
杭州,Android开发,11.0,1-3年,本科,互联网,已上市,100-499人,泽达易盛
杭州,Android开发工程师,30.0,1-3年,本科,互联网,C轮,10000人以上,蚂蚁金服
杭州,Android,22.5,3-5年,本科,移动互联网,A轮,20-99人,性用社
杭州,安卓（Android）开发工程师,12.5,1-3年,本科,计算机软件,不需要融资,100-499人,学海教育
杭州,安卓开发,11.0,3-5年,本科,计算机软件,已上市,1000-9999人,博彦科技
杭州,Android开发,12.5,1-3年,本科,计算机软件,天使轮,100-499人,金泰亚盛
杭州,Android开发工程师,19.0,3-5年,本科,计算机软件,已上市,10000人以上,海康威视
杭州,Android、iOS Team Leader,25.0,5-10年,大专,工程施工,D轮及以上,1000-9999人,杭萧钢构
杭州,Android开发,30.0,3-5年,本科,企业服务,天使轮,100-499人,红移趋势科技
杭州,Android开发工程师,11.5,1-3年,本科,计算机软件,已上市,1000-9999人,百富计算机
杭州,Android软件工程师,13.5,1-3年,本科,计算机软件,不需要融资,20-99人,神鲸科技
杭州,Android,37.5,3-5年,本科,互联网,B轮,1000-9999人,菜鸟网络
杭州,Android开发工程师,17.5,3-5年,本科,生活服务,未融资,20-99人,宗勤网络
杭州,Android,10.0,3-5年,学历不限,互联网,未融资,20-99人,慧力博思
杭州,高级android工程师,22.5,3-5年,本科,互联网,B轮,1000-9999人,二维火
杭州,Android,12.5,1-3年,大专,移动互联网,,20-99人,杭州中灏科技有限公司
杭州,Android 逆向工程师,22.5,3-5年,本科,互联网,不需要融资,100-499人,夏猫科技
杭州,网易考拉android资深开发工程师,22.5,3-5年,本科,移动互联网,已上市,10000人以上,网易
杭州,安卓APP开发工程师,11.5,1-3年,本科,移动互联网,A轮,20-99人,九仟科技
杭州,Android资深开发工程师,37.5,5-10年,本科,O2O,D轮及以上,1000-9999人,点我达
杭州,Android开发工程师 - Unity/AR,24.0,3-5年,本科,数据服务,天使轮,20-99人,帷幄匠心
杭州,Android高级工程师,27.5,3-5年,本科,电子商务,已上市,10000人以上,阿里巴巴1688
杭州,安卓开发工程师,30.0,经验不限,本科,互联网,C轮,10000人以上,蚂蚁金服
杭州,安卓工程师,10.0,3-5年,本科,互联网,不需要融资,20-99人,场景区块链
杭州,Android开发工程师,11.0,1-3年,大专,计算机软件,不需要融资,1000-9999人,恒天软件
杭州,Android工程师,12.5,1-3年,大专,互联网金融,已上市,100-499人,申朴信息
杭州,安卓工程师,22.5,3-5年,本科,人力资源服务,,20-99人,艾思
杭州,Android开发工程师,15.0,3-5年,大专,计算机软件,已上市,10000人以上,中软国际
杭州,Android开发,12.0,1-3年,本科,互联网,天使轮,0-20人,榜置科技
杭州,Android开发,8.0,1年以内,本科,游戏,天使轮,0-20人,青杉奇勋科技
杭州,Android,10.0,1-3年,本科,社交网络,,0-20人,速叶科技
杭州,Android 开发工程师,12.0,3-5年,本科,计算机软件,C轮,100-499人,中奥科技
杭州,Android工程师,9.5,1-3年,大专,互联网,未融资,20-99人,紫钺科技
杭州,资深 Android 开发工程师,25.0,5-10年,本科,智能硬件,B轮,500-999人,rokid
杭州,安卓开发工程师,17.5,3-5年,大专,医疗健康,不需要融资,100-499人,杭州康策网络
杭州,Linux/android BSP/驱动开发工程师,15.0,3-5年,本科,互联网,A轮,20-99人,赛鲁班
杭州,Android开发,18.0,3-5年,本科,互联网,A轮,100-499人,电鲸网络
杭州,Android开发,22.5,3-5年,本科,音乐/视频/阅读,已上市,10000人以上,阿里巴巴文化娱乐...
杭州,Android开发工程师,9.0,1-3年,本科,智能硬件,A轮,20-99人,suriot
杭州,Android开发工程师,15.0,3-5年,本科,医疗健康,A轮,100-499人,好络维
杭州,安卓开发工程师,12.5,3-5年,大专,互联网,C轮,100-499人,雄伟科技
杭州,android工程师,17.0,3-5年,本科,计算机软件,不需要融资,100-499人,卓梦芸创
杭州,安卓开发工程师,14.0,1-3年,本科,医疗健康,不需要融资,100-499人,杭州康策网络
杭州,Android工程师,11.0,1-3年,大专,其他行业,不需要融资,100-499人,浙江省脐血库
杭州,Android开发工程师,21.0,经验不限,本科,通信/网络设备,不需要融资,1000-9999人,TP-LINK
杭州,Android开发工程师,11.5,1-3年,本科,互联网,C轮,100-499人,亲宝宝
杭州,Android 移动开发工程师,22.5,3-5年,本科,移动互联网,B轮,100-499人,小影
杭州,Android 技术专家／资深开发工程师,37.5,3-5年,本科,互联网,D轮及以上,1000-9999人,优酷土豆
杭州,安卓工程师,11.0,1-3年,本科,计算机软件,不需要融资,20-99人,凯宇信息
杭州,Android工程师,20.0,1-3年,本科,计算机软件,天使轮,20-99人,草莽科技
杭州,安卓开发工程师,11.5,1-3年,学历不限,计算机软件,不需要融资,20-99人,杭州甬力科技有限...
杭州,Android开发,7.5,经验不限,大专,移动互联网,未融资,100-499人,众车纷享
杭州,Android工程师,20.0,3-5年,本科,电子商务,B轮,100-499人,淘粉吧
杭州,Android开发专家,37.5,10年以上,本科,互联网,A轮,1000-9999人,曹操专车
杭州,优酷-Android高级工程师或专家,30.0,3-5年,本科,音乐/视频/阅读,已上市,10000人以上,阿里巴巴文化娱乐...
杭州,高级Android工程师/专家,30.0,经验不限,学历不限,互联网,C轮,10000人以上,蚂蚁金服
杭州,Android（安卓）开发工程师,16.5,3-5年,大专,O2O,天使轮,20-99人,云惠客
杭州,android技术专家,30.0,3-5年,本科,互联网,C轮,10000人以上,蚂蚁金服
杭州,Android开发工程师,15.0,1-3年,本科,智能硬件,C轮,500-999人,涂鸦智能
杭州,高级安卓开发工程师,12.5,1-3年,本科,电子商务,B轮,100-499人,好衣库
杭州,安卓工程师,12.0,3-5年,大专,O2O,A轮,20-99人,上下网
杭州,Android架构师,25.0,3-5年,本科,互联网,B轮,1000-9999人,二维火
杭州,Android开发,30.0,3-5年,本科,移动互联网,天使轮,100-499人,抬手科技
杭州,Android开发工程师,24.0,3-5年,本科,互联网,D轮及以上,1000-9999人,宝宝树
杭州,Android测试工程师,12.0,1-3年,本科,计算机软件,已上市,1000-9999人,百富计算机
杭州,高级安卓工程师,21.0,5-10年,大专,计算机软件,不需要融资,100-499人,学海教育
杭州,安卓工程师,10.0,1-3年,本科,互联网,不需要融资,20-99人,星空无限
杭州,高级Android开发工程师/专家,30.0,3-5年,本科,互联网,C轮,10000人以上,蚂蚁金服
杭州,Android 中级工程师,12.5,1-3年,本科,智能硬件,未融资,20-99人,智豆科技
杭州,高级Android开发工程师,20.0,3-5年,本科,新能源,未融资,0-20人,智享新电
杭州,android高级工程师 (MJ000241),20.0,5-10年,本科,在线教育,C轮,1000-9999人,ABC360
杭州,Android开发工程师,11.0,1-3年,本科,互联网,未融资,20-99人,纳帕科技
杭州,Android,12.0,1-3年,本科,互联网,天使轮,100-499人,首权信息
杭州,安卓驱动工程师,20.0,3-5年,本科,智能硬件,A轮,20-99人,杭州魔点科技有限公司
杭州,Android系统工程师,20.0,3-5年,本科,智能硬件,B轮,500-999人,rokid
杭州,安卓开发工程师,13.5,3-5年,本科,移动互联网,已上市,1000-9999人,立方控股
杭州,Android,4.0,经验不限,大专,计算机软件,未融资,20-99人,老铁帮
杭州,Android,25.0,1-3年,本科,互联网,已上市,10000人以上,阿里巴巴集团
杭州,Android开发岗,15.0,3-5年,本科,计算机服务,不需要融资,20-99人,溯博链鑫
杭州,Android开发工程师,30.0,3-5年,本科,智能硬件,C轮,500-999人,涂鸦智能
杭州,Android开发,22.5,3-5年,本科,移动互联网,天使轮,20-99人,粉多多
杭州,android开发,15.0,3-5年,大专,计算机软件,D轮及以上,1000-9999人,新致软件
杭州,资深/高级Android工程师,23.5,3-5年,本科,计算机软件,不需要融资,100-499人,新湃
杭州,Android应用架构师,30.0,5-10年,本科,企业服务,天使轮,100-499人,红移趋势科技
杭州,Android开发工程师,11.5,1年以内,本科,计算机软件,,0-20人,快越
杭州,Android高级开发工程师,30.0,3-5年,本科,互联网,C轮,10000人以上,蚂蚁金服
杭州,android系统软件工程师,11.5,经验不限,本科,智能硬件,未融资,100-499人,浙江零跑科技有限公司
杭州,Android高级开发工程师,22.5,3-5年,本科,计算机软件,C轮,500-999人,江苏卓易
杭州,安卓工程师,10.5,1-3年,本科,互联网,A轮,100-499人,电鲸网络
杭州,高级安卓开发工程师,22.5,3-5年,本科,智能硬件,C轮,500-999人,涂鸦智能
杭州,Linux/Android驱动工程师,12.5,3-5年,大专,移动互联网,不需要融资,500-999人,向上软件
杭州,安卓开发工程师,16.5,3-5年,本科,移动互联网,B轮,100-499人,登虹公司
杭州,Android开发工程师,15.0,1-3年,本科,智能硬件,天使轮,20-99人,眼云智家
杭州,Android开发工程师,7.5,1年以内,本科,环保,未融资,500-999人,杭州泽天科技
杭州,安卓开发工程师,11.5,1-3年,本科,计算机软件,天使轮,100-499人,金泰亚盛
杭州,Android开发工程师,12.5,3-5年,本科,计算机软件,已上市,500-999人,新中大科技
杭州,安卓工程师,26.0,3-5年,本科,广告营销,A轮,20-99人,票申
杭州,Android开发工程师,7.0,1-3年,本科,智能硬件,A轮,20-99人,点厨科技
杭州,安卓开发,9.0,经验不限,本科,互联网,天使轮,20-99人,杭州心景科技有限公司
杭州,资深android开发,18.0,1-3年,本科,移动互联网,天使轮,20-99人,牛邦
杭州,高级Android开发工程师,14.0,3-5年,本科,互联网金融,不需要融资,1000-9999人,杭州新锋网络科技
杭州,高级Android开发工程师（海外输入法）,24.0,经验不限,本科,移动互联网,不需要融资,0-20人,蒂范德
杭州,安卓研发工程师,30.0,5-10年,大专,互联网,B轮,500-999人,宇石网络
杭州,资深Android开发工程师,22.5,3-5年,本科,智能硬件,C轮,500-999人,涂鸦智能
杭州,Android工程师,12.0,1-3年,大专,互联网金融,C轮,100-499人,行健金服
杭州,Android驱动工程师,7.5,3-5年,大专,智能硬件,未融资,20-99人,启扬
杭州,资深Android开发/专家,37.5,5-10年,本科,互联网,A轮,1000-9999人,曹操专车
杭州,Android应用开发工程师,15.0,3-5年,本科,计算机软件,已上市,10000人以上,海康威视
杭州,Android,6.0,1-3年,大专,企业服务,,20-99人,大来咨询
杭州,Android,9.5,1-3年,本科,计算机软件,天使轮,0-20人,慧舍科技有限公司
杭州,安卓,10.0,3-5年,本科,通信/网络设备,未融资,20-99人,中锐
杭州,Android开发工程师,11.5,1-3年,本科,移动互联网,不需要融资,20-99人,梧斯源
杭州,Android,8.0,1年以内,大专,互联网金融,,20-99人,杭州轻山科技有限公司
